request_id,created_date,closed_date,agency_code,complaint_type,descriptor,status,borough
70078872,2026-08-16T02:16:16.000,,DOT,Street Condition,Pothole,Open,QUEENS
70072453,2026-08-16T02:00:21.000,,DOT,Street Condition,Pothole,Open,QUEENS
70079114,2026-08-16T01:50:51.000,,NYPD,Noise - Street/Sidewalk,Loud Music/Party,In Progress,Unspecified
70081046,2026-08-16T01:50:47.000,,NYPD,Noise - Residential,Loud Music/Party,In Progress,Unspecified
70075274,2026-08-16T01:50:28.000,,NYPD,Noise - Street/Sidewalk,Loud Music/Party,In Progress,Unspecified
70081624,2026-08-16T01:50:25.000,,NYPD,Noise - Residential,Banging/Pounding,In Progress,Unspecified
70076031,2026-08-16T01:50:08.000,,NYPD,Noise - Street/Sidewalk,Loud Music/Party,In Progress,Unspecified
70075028,2026-08-16T01:49:58.000,,NYPD,Noise - Residential,Loud Music/Party,In Progress,Unspecified
70073879,2026-08-16T01:49:46.000,,NYPD,Illegal Parking,Parking Permit Improper Use,In Progress,Unspecified
70078568,2026-08-16T01:49:35.000,,NYPD,Illegal Parking,Commercial Overnight Parking,In Progress,Unspecified
70077350,2026-08-16T01:49:35.000,,NYPD,Noise - Residential,Loud Music/Party,In Progress,Unspecified
70077064,2026-08-16T01:49:33.000,,DHS,Homeless Person Assistance,Non-Chronic,In Progress,Unspecified
70079859,2026-08-16T01:49:22.000,,NYPD,Noise - Residential,Loud Television,In Progress,Unspecified
70081613,2026-08-16T01:49:13.000,,NYPD,Illegal Parking,Blocked Hydrant,In Progress,Unspecified
70072880,2026-08-16T01:48:56.000,,NYPD,Noise - Vehicle,Car/Truck Music,In Progress,Unspecified
70074737,2026-08-16T01:48:44.000,,NYPD,Noise - Commercial,Loud Music/Party,In Progress,QUEENS
70076470,2026-08-16T01:48:18.000,,NYPD,Illegal Parking,Blocked Hydrant,In Progress,Unspecified
70074145,2026-08-16T01:48:14.000,,NYPD,Blocked Driveway,No Access,In Progress,Unspecified
70081428,2026-08-16T01:48:06.000,,NYPD,Noise - Residential,Loud Music/Party,In Progress,Unspecified
70078397,2026-08-16T01:48:00.000,,NYPD,Noise - Street/Sidewalk,Loud Music/Party,In Progress,Unspecified
70081994,2026-08-16T01:47:50.000,,NYPD,Noise - Residential,Loud Music/Party,In Progress,BROOKLYN
70078660,2026-08-16T01:47:36.000,,NYPD,Noise - Residential,Loud Talking,In Progress,Unspecified
70077244,2026-08-16T01:47:32.000,,NYPD,Illegal Parking,Blocked Hydrant,In Progress,Unspecified
70078479,2026-08-16T01:47:28.000,,NYPD,Noise - Residential,Loud Music/Party,In Progress,Unspecified
70078012,2026-08-16T01:47:16.000,,NYPD,Blocked Driveway,Partial Access,In Progress,BROOKLYN
70077206,2026-08-16T01:47:11.000,,NYPD,Noise - Residential,Loud Music/Party,In Progress,QUEENS
70073346,2026-08-16T01:47:10.000,,NYPD,Noise - Residential,Loud Music/Party,In Progress,QUEENS
70073625,2026-08-16T01:47:06.000,,NYPD,Noise - Residential,Loud Music/Party,In Progress,MANHATTAN
70079217,2026-08-16T01:47:03.000,,NYPD,Noise - Street/Sidewalk,Loud Music/Party,In Progress,BROOKLYN
70072819,2026-08-16T01:46:57.000,,NYPD,Noise - Street/Sidewalk,Loud Music/Party,In Progress,MANHATTAN
70081180,2026-08-16T01:46:52.000,,NYPD,Noise - Residential,Loud Music/Party,In Progress,STATEN ISLAND
70078070,2026-08-16T01:46:26.000,,NYPD,Noise - Street/Sidewalk,Loud Music/Party,In Progress,BROOKLYN
70078474,2026-08-16T01:46:22.000,,NYPD,Noise - Residential,Loud Music/Party,In Progress,QUEENS
70075994,2026-08-16T01:46:20.000,2026-08-16T01:49:26.000,NYPD,Noise - Residential,Loud Music/Party,Closed,QUEENS
70081841,2026-08-16T01:46:19.000,,NYPD,Illegal Parking,Double Parked Blocking Traffic,In Progress,BROOKLYN
70080365,2026-08-16T01:46:06.000,,NYPD,Noise - Residential,Loud Music/Party,In Progress,BRONX
70074123,2026-08-16T01:46:01.000,,NYPD,Bike/Roller/Skate,N/A,In Progress,BROOKLYN
70081881,2026-08-16T01:45:37.000,,NYPD,Noise - Street/Sidewalk,Loud Talking,In Progress,MANHATTAN
70081886,2026-08-16T01:45:36.000,,NYPD,Noise - Residential,Loud Music/Party,In Progress,BROOKLYN
70074905,2026-08-16T01:45:30.000,,NYPD,Noise - Vehicle,Car/Truck Music,In Progress,MANHATTAN
70081044,2026-08-16T01:45:07.000,,NYPD,Noise - Residential,Loud Music/Party,In Progress,QUEENS
70076502,2026-08-16T01:45:01.000,,NYPD,Noise - Residential,Loud Music/Party,In Progress,BRONX
70073961,2026-08-16T01:44:54.000,,NYPD,Illegal Parking,Parking Permit Improper Use,In Progress,BRONX
70082739,2026-08-16T01:44:52.000,,NYPD,Noise - Residential,Loud Music/Party,In Progress,QUEENS
70073991,2026-08-16T01:44:52.000,,NYPD,Noise - Street/Sidewalk,Loud Music/Party,In Progress,BRONX
70079359,2026-08-16T01:44:45.000,,NYPD,Noise - Residential,Loud Music/Party,In Progress,BROOKLYN
70081048,2026-08-16T01:44:40.000,,NYPD,Noise - Residential,Loud Music/Party,In Progress,QUEENS
70076085,2026-08-16T01:44:34.000,,NYPD,Noise - Residential,Loud Music/Party,In Progress,QUEENS
70079609,2026-08-16T01:44:32.000,,DHS,Homeless Person Assistance,Non-Chronic,In Progress,QUEENS
70081034,2026-08-16T01:44:32.000,,NYPD,Noise - Residential,Loud Music/Party,In Progress,QUEENS
70073450,2026-08-16T01:44:28.000,2026-08-16T01:48:18.000,NYPD,Noise - Residential,Loud Music/Party,Closed,QUEENS
70080417,2026-08-16T01:44:23.000,,NYPD,Noise - Residential,Loud Music/Party,In Progress,BRONX
70081146,2026-08-16T01:44:20.000,,NYPD,Noise - Street/Sidewalk,Loud Music/Party,In Progress,QUEENS
70074885,2026-08-16T01:44:18.000,,NYPD,Noise - Street/Sidewalk,Loud Music/Party,In Progress,MANHATTAN
70081045,2026-08-16T01:44:05.000,,NYPD,Noise - Residential,Loud Music/Party,In Progress,QUEENS
70074783,2026-08-16T01:44:00.000,,NYPD,Noise - Residential,Loud Music/Party,In Progress,QUEENS
70072827,2026-08-16T01:43:52.000,,NYPD,Noise - Residential,Loud Music/Party,In Progress,BROOKLYN
70077673,2026-08-16T01:43:46.000,,DEP,Water Maintenance,Fire Hydrant Running,In Progress,BROOKLYN
70074736,2026-08-16T01:43:43.000,,NYPD,Noise - Residential,Loud Music/Party,In Progress,QUEENS
70077258,2026-08-16T01:43:37.000,,NYPD,Noise - Residential,Loud Music/Party,In Progress,QUEENS
70080631,2026-08-16T01:43:30.000,2026-08-16T01:45:11.000,NYPD,Noise - Street/Sidewalk,Loud Talking,Closed,BROOKLYN
70072764,2026-08-16T01:42:58.000,,NYPD,Noise - Residential,Banging/Pounding,In Progress,BROOKLYN
70078535,2026-08-16T01:42:51.000,,NYPD,Noise - Residential,Loud Music/Party,In Progress,QUEENS
70081737,2026-08-16T01:42:49.000,,NYPD,Noise - Street/Sidewalk,Loud Music/Party,In Progress,BRONX
70082358,2026-08-16T01:42:42.000,,NYPD,Abandoned Vehicle,With License Plate,In Progress,QUEENS
70073912,2026-08-16T01:42:39.000,,NYPD,Noise - Street/Sidewalk,Loud Music/Party,In Progress,BRONX
70074017,2026-08-16T01:42:35.000,,NYPD,Illegal Parking,Double Parked Blocking Traffic,In Progress,BRONX
70080489,2026-08-16T01:42:03.000,,NYPD,Blocked Driveway,No Access,In Progress,BROOKLYN
70079144,2026-08-16T01:42:01.000,,NYPD,Noise - Street/Sidewalk,Loud Music/Party,In Progress,BRONX
70072642,2026-08-16T01:41:55.000,,NYPD,Noise - Residential,Banging/Pounding,In Progress,BRONX
70077465,2026-08-16T01:41:50.000,,NYPD,Illegal Parking,Posted Parking Sign Violation,In Progress,MANHATTAN
70074558,2026-08-16T01:41:04.000,,NYPD,Noise - Street/Sidewalk,Loud Music/Party,In Progress,BROOKLYN
70081125,2026-08-16T01:41:03.000,,NYPD,Noise - Residential,Loud Music/Party,In Progress,QUEENS
70080576,2026-08-16T01:40:42.000,,NYPD,Encampment,N/A,In Progress,BROOKLYN
70075562,2026-08-16T01:40:24.000,,NYPD,Noise - Residential,Loud Music/Party,In Progress,BROOKLYN
70073585,2026-08-16T01:40:20.000,,NYPD,Noise - Residential,Loud Music/Party,In Progress,MANHATTAN
70075334,2026-08-16T01:40:16.000,,NYPD,Noise - Residential,Loud Music/Party,In Progress,BRONX
70076179,2026-08-16T01:40:10.000,,NYPD,Noise - Street/Sidewalk,Loud Music/Party,In Progress,MANHATTAN
70079621,2026-08-16T01:39:57.000,,DOHMH,Rodent,Rat Sighting,In Progress,BROOKLYN
70079181,2026-08-16T01:39:53.000,,NYPD,Noise - Residential,Banging/Pounding,In Progress,BROOKLYN
70078567,2026-08-16T01:39:48.000,,NYPD,Noise - Residential,Loud Music/Party,In Progress,QUEENS
70082648,2026-08-16T01:39:28.000,,NYPD,Noise - Street/Sidewalk,Loud Music/Party,In Progress,BRONX
70075256,2026-08-16T01:39:10.000,2026-08-16T01:42:35.000,NYPD,Noise - Residential,Loud Music/Party,Closed,BRONX
70075380,2026-08-16T01:38:43.000,,NYPD,Illegal Parking,Blocked Hydrant,In Progress,BROOKLYN
70072629,2026-08-16T01:38:41.000,,NYPD,Noise - Vehicle,Car/Truck Music,In Progress,BRONX
70076505,2026-08-16T01:38:38.000,,NYPD,Noise - Residential,Banging/Pounding,In Progress,BRONX
70079655,2026-08-16T01:38:29.000,2026-08-16T01:41:12.000,NYPD,Noise - Residential,Loud Music/Party,Closed,MANHATTAN
70072701,2026-08-16T01:38:20.000,,NYPD,Noise - Street/Sidewalk,Loud Music/Party,In Progress,BRONX
70076177,2026-08-16T01:38:15.000,,NYPD,Noise - Street/Sidewalk,Loud Music/Party,In Progress,MANHATTAN
70082627,2026-08-16T01:38:03.000,,NYPD,Noise - Street/Sidewalk,Loud Music/Party,In Progress,MANHATTAN
70079932,2026-08-16T01:38:01.000,,NYPD,Noise - Street/Sidewalk,Loud Music/Party,In Progress,MANHATTAN
70072734,2026-08-16T01:37:46.000,,NYPD,Illegal Parking,Posted Parking Sign Violation,In Progress,BRONX
70073898,2026-08-16T01:37:43.000,,NYPD,Noise - Residential,Loud Music/Party,In Progress,BRONX
70080382,2026-08-16T01:37:42.000,,NYPD,Noise - Street/Sidewalk,Loud Music/Party,In Progress,BRONX
70077140,2026-08-16T01:37:40.000,,NYPD,Noise - Commercial,Loud Music/Party,In Progress,MANHATTAN
70075513,2026-08-16T01:37:39.000,,NYPD,Illegal Parking,Blocked Hydrant,In Progress,BROOKLYN
70072632,2026-08-16T01:37:21.000,,NYPD,Noise - Street/Sidewalk,Loud Music/Party,In Progress,BRONX
70074616,2026-08-16T01:37:20.000,,NYPD,Noise - Residential,Loud Music/Party,In Progress,QUEENS
70077389,2026-08-16T01:37:20.000,,NYPD,Noise - House of Worship,Loud Music/Party,In Progress,MANHATTAN
70082112,2026-08-16T01:37:12.000,,DOT,Sidewalk Condition,Broken Sidewalk,In Progress,BROOKLYN
70072666,2026-08-16T01:36:50.000,,NYPD,Noise - Residential,Loud Music/Party,In Progress,BRONX
70076158,2026-08-16T01:36:43.000,,NYPD,Noise - Street/Sidewalk,Loud Music/Party,In Progress,MANHATTAN
70074879,2026-08-16T01:36:31.000,,NYPD,Noise - Street/Sidewalk,Loud Music/Party,In Progress,MANHATTAN
70072714,2026-08-16T01:36:26.000,,NYPD,Illegal Parking,Parking Permit Improper Use,In Progress,BRONX
70073908,2026-08-16T01:36:17.000,,NYPD,Noise - Vehicle,Car/Truck Music,In Progress,BRONX
70074109,2026-08-16T01:36:05.000,,NYPD,Blocked Driveway,No Access,In Progress,BROOKLYN
70075351,2026-08-16T01:36:02.000,,NYPD,Noise - Street/Sidewalk,Loud Music/Party,In Progress,BRONX
70081022,2026-08-16T01:35:58.000,,NYPD,Noise - Commercial,Loud Talking,In Progress,QUEENS
70081810,2026-08-16T01:35:48.000,,NYPD,Noise - Vehicle,Car/Truck Music,In Progress,BROOKLYN
70074207,2026-08-16T01:35:33.000,,NYPD,Noise - Street/Sidewalk,Loud Music/Party,In Progress,BROOKLYN
70076513,2026-08-16T01:35:32.000,2026-08-16T01:42:35.000,NYPD,Noise - Residential,Loud Music/Party,Closed,BRONX
70076201,2026-08-16T01:35:26.000,,NYPD,Noise - Residential,Loud Music/Party,In Progress,MANHATTAN
70080658,2026-08-16T01:35:23.000,,NYPD,Noise - Residential,Loud Music/Party,In Progress,BROOKLYN
70074018,2026-08-16T01:34:52.000,,NYPD,Illegal Parking,Blocked Hydrant,In Progress,BRONX
70081190,2026-08-16T01:34:46.000,,NYPD,Noise - Residential,Loud Talking,In Progress,STATEN ISLAND
70072692,2026-08-16T01:34:13.000,,NYPD,Noise - Street/Sidewalk,Loud Music/Party,In Progress,BRONX
70074802,2026-08-16T01:34:03.000,,NYPD,Noise - Residential,Loud Music/Party,In Progress,STATEN ISLAND
70074784,2026-08-16T01:33:47.000,,NYPD,Illegal Parking,Double Parked Blocking Traffic,In Progress,QUEENS
70076795,2026-08-16T01:33:29.000,,NYPD,Noise - Street/Sidewalk,Loud Music/Party,In Progress,BROOKLYN
70073032,2026-08-16T01:33:26.000,,TLC,Lost Property,Other,In Progress,MANHATTAN
70077141,2026-08-16T01:33:24.000,,NYPD,Illegal Parking,Posted Parking Sign Violation,In Progress,MANHATTAN
70074821,2026-08-16T01:33:22.000,,NYPD,Noise - Residential,Loud Music/Party,In Progress,STATEN ISLAND
70079473,2026-08-16T01:33:16.000,,DOT,Sidewalk Condition,Broken Sidewalk,In Progress,BROOKLYN
70075403,2026-08-16T01:33:15.000,,NYPD,Noise - Street/Sidewalk,Loud Music/Party,In Progress,BROOKLYN
70073909,2026-08-16T01:33:07.000,,NYPD,Noise - Vehicle,Car/Truck Music,In Progress,BRONX
70074039,2026-08-16T01:33:02.000,,NYPD,Noise - Street/Sidewalk,Loud Music/Party,In Progress,BRONX
70076503,2026-08-16T01:32:56.000,,NYPD,Noise - Residential,Loud Music/Party,In Progress,BRONX
70077928,2026-08-16T01:32:53.000,,NYPD,Noise - Residential,Loud Music/Party,In Progress,BROOKLYN
70080577,2026-08-16T01:32:53.000,,NYPD,Noise - Residential,Loud Music/Party,In Progress,BROOKLYN
70077125,2026-08-16T01:32:41.000,,NYPD,Noise - Street/Sidewalk,Loud Music/Party,In Progress,QUEENS
70079056,2026-08-16T01:32:37.000,2026-08-16T01:42:35.000,NYPD,Noise - Residential,Loud Music/Party,Closed,BRONX
70081043,2026-08-16T01:32:32.000,,NYPD,Noise - Street/Sidewalk,Loud Music/Party,In Progress,QUEENS
70077866,2026-08-16T01:32:31.000,,NYPD,Noise - Street/Sidewalk,Loud Music/Party,In Progress,BRONX
70080563,2026-08-16T01:32:28.000,,DOT,Street Condition,Blocked - Construction,In Progress,QUEENS
70079795,2026-08-16T01:32:24.000,,NYPD,Noise - Residential,Loud Music/Party,In Progress,QUEENS
70075216,2026-08-16T01:32:18.000,2026-08-16T01:48:19.000,NYPD,Noise - Residential,Loud Music/Party,Closed,BRONX
70076017,2026-08-16T01:32:14.000,,NYPD,Abandoned Vehicle,With License Plate,In Progress,QUEENS
70077402,2026-08-16T01:32:12.000,,NYPD,Noise - Street/Sidewalk,Loud Music/Party,In Progress,MANHATTAN
70072709,2026-08-16T01:32:09.000,,NYPD,Noise - Residential,Loud Music/Party,In Progress,MANHATTAN
70080113,2026-08-16T01:32:05.000,2026-08-16T01:32:05.000,DOT,Street Condition,Pothole,Closed,QUEENS
70076035,2026-08-16T01:31:57.000,,NYPD,Illegal Parking,Blocked Hydrant,In Progress,QUEENS
70073907,2026-08-16T01:31:55.000,,NYPD,Noise - Vehicle,Car/Truck Music,In Progress,BRONX
70077317,2026-08-16T01:31:43.000,,NYPD,Noise - Residential,Loud Music/Party,In Progress,QUEENS
70081995,2026-08-16T01:31:34.000,,NYPD,Noise - Commercial,Loud Music/Party,In Progress,BROOKLYN
70076926,2026-08-16T01:31:14.000,,DOT,Sidewalk Condition,Broken Sidewalk,In Progress,BROOKLYN
70076202,2026-08-16T01:31:06.000,,NYPD,Noise - Residential,Loud Music/Party,In Progress,MANHATTAN
70076575,2026-08-16T01:31:00.000,,NYPD,Noise - Street/Sidewalk,Loud Music/Party,In Progress,BRONX
70074603,2026-08-16T01:30:58.000,,NYPD,Illegal Parking,Posted Parking Sign Violation,In Progress,MANHATTAN
70076176,2026-08-16T01:30:51.000,,NYPD,Noise - Street/Sidewalk,Loud Music/Party,In Progress,MANHATTAN
70074726,2026-08-16T01:30:33.000,2026-08-16T01:48:19.000,NYPD,Noise - Residential,Loud Music/Party,Closed,QUEENS
70079408,2026-08-16T01:30:11.000,,NYPD,Noise - Commercial,Loud Music/Party,In Progress,MANHATTAN
70073387,2026-08-16T01:30:06.000,,NYPD,Noise - Commercial,Car/Truck Music,In Progress,QUEENS
70081191,2026-08-16T01:29:56.000,,NYPD,Noise - Residential,Loud Music/Party,In Progress,STATEN ISLAND
70081992,2026-08-16T01:29:42.000,,NYPD,Noise - Street/Sidewalk,Loud Music/Party,In Progress,BROOKLYN
70077895,2026-08-16T01:29:37.000,,NYPD,Noise - Vehicle,Car/Truck Music,In Progress,BROOKLYN
70073277,2026-08-16T01:29:17.000,,NYPD,Illegal Parking,Posted Parking Sign Violation,In Progress,MANHATTAN
70074270,2026-08-16T01:28:51.000,2026-08-16T01:33:56.000,NYPD,Noise - Residential,Loud Music/Party,Closed,BROOKLYN
70081166,2026-08-16T01:28:50.000,2026-08-16T01:41:29.000,NYPD,Noise - Street/Sidewalk,Loud Music/Party,Closed,QUEENS
70081880,2026-08-16T01:28:45.000,,NYPD,Noise - Vehicle,Car/Truck Music,In Progress,MANHATTAN
70081851,2026-08-16T01:28:43.000,,NYPD,Noise - Residential,Loud Music/Party,In Progress,BROOKLYN
70075027,2026-08-16T01:28:43.000,,NYPD,Noise - Residential,Loud Music/Party,In Progress,QUEENS
70082464,2026-08-16T01:28:41.000,2026-08-16T01:50:51.000,NYPD,Noise - Street/Sidewalk,Loud Music/Party,Closed,QUEENS
70078362,2026-08-16T01:28:32.000,,NYPD,Noise - Residential,Loud Music/Party,In Progress,BROOKLYN
70073205,2026-08-16T01:28:28.000,,DOHMH,Rodent,Rat Sighting,In Progress,BROOKLYN
70074738,2026-08-16T01:28:26.000,,NYPD,Blocked Driveway,No Access,In Progress,QUEENS
70075368,2026-08-16T01:28:19.000,,NYPD,Noise - Street/Sidewalk,Loud Music/Party,In Progress,BROOKLYN
70072798,2026-08-16T01:28:12.000,2026-08-16T01:42:51.000,NYPD,Noise - Street/Sidewalk,Loud Music/Party,Closed,BROOKLYN
70073586,2026-08-16T01:27:59.000,,NYPD,Noise - Residential,Loud Music/Party,In Progress,MANHATTAN
70072950,2026-08-16T01:27:47.000,2026-08-16T01:43:07.000,NYPD,Noise - Residential,Loud Music/Party,Closed,BROOKLYN
70074584,2026-08-16T01:27:41.000,,NYPD,Noise - Residential,Loud Music/Party,In Progress,BRONX
70073417,2026-08-16T01:27:37.000,2026-08-16T01:51:14.000,NYPD,Noise - Street/Sidewalk,Loud Music/Party,Closed,QUEENS
70076832,2026-08-16T01:27:27.000,,NYPD,Noise - Residential,Loud Music/Party,In Progress,BROOKLYN
70082025,2026-08-16T01:27:15.000,,NYPD,Illegal Fireworks,N/A,In Progress,BROOKLYN
70074627,2026-08-16T01:27:11.000,,NYPD,Noise - Residential,Loud Music/Party,In Progress,QUEENS
70078710,2026-08-16T01:27:03.000,,NYPD,Noise - Street/Sidewalk,Loud Music/Party,In Progress,MANHATTAN
70076715,2026-08-16T01:27:00.000,,NYPD,Illegal Parking,Blocked Hydrant,In Progress,BROOKLYN
70081304,2026-08-16T01:26:48.000,,NYPD,Noise - Street/Sidewalk,Loud Music/Party,In Progress,MANHATTAN
70082630,2026-08-16T01:26:47.000,,NYPD,Noise - Street/Sidewalk,Loud Music/Party,In Progress,MANHATTAN
70077932,2026-08-16T01:26:45.000,2026-08-16T01:42:53.000,NYPD,Noise - Street/Sidewalk,Loud Music/Party,Closed,BROOKLYN
70075631,2026-08-16T01:26:38.000,,NYPD,Noise - Residential,Loud Music/Party,In Progress,BROOKLYN
70076499,2026-08-16T01:26:31.000,,NYPD,Noise - Street/Sidewalk,Loud Music/Party,In Progress,BRONX
70078584,2026-08-16T01:26:20.000,,NYPD,Noise - Commercial,Loud Music/Party,In Progress,QUEENS
70074910,2026-08-16T01:25:53.000,,NYPD,Noise - Street/Sidewalk,Loud Music/Party,In Progress,MANHATTAN
70079338,2026-08-16T01:25:50.000,2026-08-16T01:35:39.000,NYPD,Noise - Commercial,Loud Music/Party,Closed,BROOKLYN
70079103,2026-08-16T01:25:48.000,,NYPD,Noise - Residential,Loud Music/Party,In Progress,BRONX
70072772,2026-08-16T01:25:46.000,2026-08-16T01:31:17.000,NYPD,Noise - Residential,Banging/Pounding,Closed,BROOKLYN
70074335,2026-08-16T01:25:43.000,,DOHMH,Smoking or Vaping,Allowed in Smoke Free Area,In Progress,QUEENS
70082493,2026-08-16T01:25:38.000,2026-08-16T01:42:00.000,NYPD,Blocked Driveway,No Access,Closed,QUEENS
70078041,2026-08-16T01:25:28.000,,NYPD,Noise - Residential,Loud Music/Party,In Progress,BROOKLYN
70080642,2026-08-16T01:25:13.000,2026-08-16T01:33:32.000,NYPD,Noise - Residential,Loud Music/Party,Closed,BROOKLYN
70077868,2026-08-16T01:25:04.000,,NYPD,Noise - Residential,Banging/Pounding,In Progress,BRONX
70074576,2026-08-16T01:25:02.000,2026-08-16T01:44:03.000,NYPD,Noise - Street/Sidewalk,Loud Talking,Closed,MANHATTAN
70077827,2026-08-16T01:24:59.000,,NYPD,Noise - Street/Sidewalk,Loud Music/Party,In Progress,BRONX
70077750,2026-08-16T01:24:48.000,,NYPD,Noise - Street/Sidewalk,Loud Music/Party,In Progress,BRONX
70076535,2026-08-16T01:24:46.000,,NYPD,Noise - Street/Sidewalk,Loud Music/Party,In Progress,BRONX
70073620,2026-08-16T01:24:43.000,,NYPD,Noise - Street/Sidewalk,Loud Music/Party,In Progress,MANHATTAN
70081684,2026-08-16T01:24:28.000,,NYPD,Noise - Street/Sidewalk,Loud Music/Party,In Progress,BRONX
70072988,2026-08-16T01:24:12.000,2026-08-16T01:33:43.000,NYPD,Illegal Parking,Posted Parking Sign Violation,Closed,BROOKLYN
70082521,2026-08-16T01:23:51.000,,NYPD,Noise - Vehicle,Car/Truck Music,In Progress,QUEENS
70076873,2026-08-16T01:23:48.000,,NYPD,Noise - Commercial,Loud Music/Party,In Progress,MANHATTAN
70073401,2026-08-16T01:23:43.000,2026-08-16T01:37:08.000,NYPD,Noise - Street/Sidewalk,Loud Music/Party,Closed,QUEENS
70079262,2026-08-16T01:23:36.000,,NYPD,Noise - Residential,Loud Music/Party,In Progress,BROOKLYN
70076180,2026-08-16T01:23:21.000,,NYPD,Noise - Park,Loud Music/Party,In Progress,MANHATTAN
70073001,2026-08-16T01:23:18.000,,NYPD,Noise - Residential,Loud Music/Party,In Progress,BROOKLYN
70079648,2026-08-16T01:23:16.000,,NYPD,Noise - Street/Sidewalk,Loud Music/Party,In Progress,BROOKLYN
70081612,2026-08-16T01:23:14.000,,NYPD,Noise - Street/Sidewalk,Loud Talking,In Progress,BRONX
70074909,2026-08-16T01:23:08.000,,NYPD,Noise - Street/Sidewalk,Loud Music/Party,In Progress,MANHATTAN
70078623,2026-08-16T01:23:05.000,,NYPD,Noise - Residential,Loud Music/Party,In Progress,STATEN ISLAND
70075218,2026-08-16T01:23:03.000,,NYPD,Noise - Residential,Loud Music/Party,In Progress,BRONX
70081239,2026-08-16T01:22:58.000,,NYPD,Illegal Parking,License Plate Obscured,In Progress,MANHATTAN
70075489,2026-08-16T01:22:57.000,,NYPD,Illegal Parking,Commercial Overnight Parking,In Progress,BROOKLYN
70080627,2026-08-16T01:22:50.000,,NYPD,Noise - Street/Sidewalk,Loud Music/Party,In Progress,BROOKLYN
70081303,2026-08-16T01:22:48.000,,NYPD,Noise - Street/Sidewalk,Loud Music/Party,In Progress,MANHATTAN
70074565,2026-08-16T01:22:43.000,,NYPD,Illegal Fireworks,N/A,In Progress,BROOKLYN
70079668,2026-08-16T01:22:26.000,,NYPD,Noise - Street/Sidewalk,Loud Music/Party,In Progress,QUEENS
70076157,2026-08-16T01:22:10.000,,NYPD,Noise - Street/Sidewalk,Loud Music/Party,In Progress,MANHATTAN
70078069,2026-08-16T01:22:07.000,,NYPD,Noise - Vehicle,Car/Truck Music,In Progress,BROOKLYN
70081082,2026-08-16T01:21:56.000,,NYPD,Noise - Residential,Loud Music/Party,In Progress,QUEENS
70074915,2026-08-16T01:21:45.000,,NYPD,Noise - Residential,Loud Music/Party,In Progress,MANHATTAN
70080687,2026-08-16T01:21:44.000,2026-08-16T01:48:29.000,NYPD,Noise - Residential,Loud Music/Party,Closed,BROOKLYN
70080681,2026-08-16T01:21:39.000,2026-08-16T01:37:56.000,NYPD,Illegal Parking,Blocked Hydrant,Closed,BROOKLYN
70079474,2026-08-16T01:21:37.000,,DOT,Sidewalk Condition,Broken Sidewalk,In Progress,BRONX
70076797,2026-08-16T01:21:33.000,2026-08-16T01:35:15.000,NYPD,Noise - Street/Sidewalk,Loud Music/Party,Closed,BROOKLYN
70082621,2026-08-16T01:21:30.000,2026-08-16T01:23:53.000,NYPD,Noise - Street/Sidewalk,Loud Music/Party,Closed,MANHATTAN
70076314,2026-08-16T01:21:14.000,,NYPD,Noise - Residential,Loud Music/Party,In Progress,QUEENS
70072936,2026-08-16T01:21:00.000,,NYPD,Noise - Residential,Loud Music/Party,In Progress,BROOKLYN
70073578,2026-08-16T01:20:55.000,2026-08-16T01:43:43.000,NYPD,Noise - Street/Sidewalk,Loud Music/Party,Closed,MANHATTAN
70077765,2026-08-16T01:20:52.000,2026-08-16T01:42:35.000,NYPD,Noise - Residential,Loud Music/Party,Closed,BRONX
70075851,2026-08-16T01:20:39.000,,NYPD,Noise - Street/Sidewalk,Loud Music/Party,In Progress,BROOKLYN
70082062,2026-08-16T01:20:32.000,,NYPD,Noise - Vehicle,Car/Truck Music,In Progress,BROOKLYN
70072595,2026-08-16T01:20:13.000,,NYPD,Noise - Street/Sidewalk,Loud Music/Party,In Progress,BRONX
70072782,2026-08-16T01:20:11.000,,NYPD,Noise - Residential,Loud Music/Party,In Progress,BROOKLYN
70073278,2026-08-16T01:20:04.000,,NYPD,Noise - Residential,Banging/Pounding,In Progress,QUEENS
70077217,2026-08-16T01:19:48.000,2026-08-16T01:43:51.000,NYPD,Noise - Residential,Loud Music/Party,Closed,QUEENS
70077458,2026-08-16T01:19:36.000,,NYPD,Noise - Street/Sidewalk,Loud Music/Party,In Progress,MANHATTAN
70081099,2026-08-16T01:19:29.000,2026-08-16T01:23:42.000,NYPD,Noise - Commercial,Loud Music/Party,Closed,QUEENS
70074355,2026-08-16T01:19:28.000,,TLC,Taxi Complaint,Driver Complaint - Passenger,In Progress,QUEENS
70079145,2026-08-16T01:19:23.000,,NYPD,Noise - Residential,Loud Music/Party,In Progress,BRONX
70078452,2026-08-16T01:19:21.000,,NYPD,Noise - Residential,Loud Music/Party,In Progress,QUEENS
70074299,2026-08-16T01:19:16.000,,NYPD,Blocked Driveway,No Access,In Progress,BROOKLYN
70076032,2026-08-16T01:19:13.000,,NYPD,Noise - Residential,Loud Music/Party,In Progress,QUEENS
70076833,2026-08-16T01:19:11.000,,NYPD,Noise - Commercial,Loud Music/Party,In Progress,BROOKLYN
70077111,2026-08-16T01:19:01.000,,NYPD,Noise - Residential,Loud Music/Party,In Progress,BROOKLYN
70074566,2026-08-16T01:18:59.000,,NYPD,Illegal Fireworks,N/A,In Progress,BROOKLYN
70081322,2026-08-16T01:18:55.000,,NYPD,Noise - Street/Sidewalk,Loud Music/Party,In Progress,BRONX
70072695,2026-08-16T01:18:55.000,,NYPD,Noise - Residential,Loud Music/Party,In Progress,BRONX
70076691,2026-08-16T01:18:52.000,,NYPD,Noise - Street/Sidewalk,Loud Music/Party,In Progress,BROOKLYN
70080947,2026-08-16T01:18:34.000,2026-08-16T01:40:59.000,NYPD,Noise - Residential,Loud Music/Party,Closed,MANHATTAN
70079102,2026-08-16T01:18:32.000,,NYPD,Noise - Residential,Loud Music/Party,In Progress,BRONX
70072715,2026-08-16T01:18:31.000,,NYPD,Illegal Parking,Blocked Hydrant,In Progress,BRONX
70081960,2026-08-16T01:18:29.000,2026-08-16T01:25:16.000,NYPD,Illegal Parking,Commercial Overnight Parking,Closed,BROOKLYN
70073009,2026-08-16T01:18:24.000,2026-08-16T01:32:09.000,NYPD,Noise - Residential,Banging/Pounding,Closed,BROOKLYN
70077844,2026-08-16T01:18:24.000,2026-08-16T01:44:13.000,NYPD,Illegal Parking,Blocked Hydrant,Closed,BRONX
70078450,2026-08-16T01:18:15.000,,NYPD,Noise - Residential,Loud Talking,In Progress,QUEENS
70076156,2026-08-16T01:18:12.000,,NYPD,Noise - Street/Sidewalk,Loud Music/Party,In Progress,MANHATTAN
70073433,2026-08-16T01:18:05.000,2026-08-16T01:41:32.000,NYPD,Noise - Residential,Loud Music/Party,Closed,QUEENS
70076469,2026-08-16T01:18:01.000,,NYPD,Noise - Street/Sidewalk,Loud Music/Party,In Progress,BRONX
70080319,2026-08-16T01:17:51.000,,NYPD,Noise - Street/Sidewalk,Loud Music/Party,In Progress,BRONX
70080343,2026-08-16T01:17:42.000,,NYPD,Noise - Residential,Loud Music/Party,In Progress,BRONX
70074559,2026-08-16T01:17:41.000,,NYPD,Noise - Street/Sidewalk,Loud Music/Party,In Progress,BROOKLYN
70075630,2026-08-16T01:17:38.000,,NYPD,Noise - Residential,Loud Music/Party,In Progress,BROOKLYN
70079260,2026-08-16T01:17:33.000,2026-08-16T01:34:13.000,NYPD,Noise - Commercial,Loud Music/Party,Closed,MANHATTAN
70073252,2026-08-16T01:17:27.000,,NYPD,Noise - Residential,Loud Music/Party,In Progress,BROOKLYN
70078120,2026-08-16T01:17:15.000,2026-08-16T01:48:18.000,NYPD,Illegal Parking,Double Parked Blocking Traffic,Closed,BROOKLYN
70075331,2026-08-16T01:17:15.000,2026-08-16T01:43:57.000,NYPD,Noise - Commercial,Loud Music/Party,Closed,MANHATTAN
70077904,2026-08-16T01:17:14.000,2026-08-16T01:23:01.000,NYPD,Noise - Residential,Banging/Pounding,Closed,BROOKLYN
70081104,2026-08-16T01:17:05.000,,NYPD,Noise - Street/Sidewalk,Loud Music/Party,In Progress,QUEENS
70077849,2026-08-16T01:16:52.000,,NYPD,Illegal Parking,Blocked Hydrant,In Progress,BRONX
70079166,2026-08-16T01:16:51.000,,NYPD,Noise - Street/Sidewalk,Loud Music/Party,In Progress,BRONX
70079178,2026-08-16T01:16:45.000,2026-08-16T01:28:53.000,NYPD,Noise - Residential,Loud Music/Party,Closed,BRONX
70076899,2026-08-16T01:16:43.000,,DOHMH,Smoking or Vaping,Allowed in Smoke Free Area,In Progress,BROOKLYN
70074271,2026-08-16T01:16:35.000,2026-08-16T01:18:38.000,NYPD,Noise - Residential,Loud Music/Party,Closed,BROOKLYN
70074582,2026-08-16T01:16:18.000,2026-08-16T01:28:56.000,NYPD,Noise - Residential,Loud Music/Party,Closed,BRONX
70074808,2026-08-16T01:16:17.000,,NYPD,Noise - Residential,Loud Music/Party,In Progress,STATEN ISLAND
70079021,2026-08-16T01:16:12.000,,NYPD,Noise - Street/Sidewalk,Loud Music/Party,In Progress,BRONX
70079650,2026-08-16T01:15:45.000,,NYPD,Illegal Fireworks,N/A,In Progress,BROOKLYN
70073941,2026-08-16T01:15:30.000,,NYPD,Noise - Street/Sidewalk,Loud Music/Party,In Progress,BRONX
70076468,2026-08-16T01:15:29.000,2026-08-16T01:48:18.000,NYPD,Noise - Residential,Loud Music/Party,Closed,BRONX
70074562,2026-08-16T01:15:27.000,,NYPD,Noise - Residential,Loud Music/Party,In Progress,BROOKLYN
70080521,2026-08-16T01:15:22.000,,NYPD,Noise - Street/Sidewalk,Loud Music/Party,In Progress,BROOKLYN
70082293,2026-08-16T01:15:14.000,2026-08-16T01:40:45.000,NYPD,Noise - Residential,Loud Music/Party,Closed,MANHATTAN
70075622,2026-08-16T01:15:12.000,,NYPD,Illegal Parking,Commercial Overnight Parking,In Progress,BROOKLYN
70074822,2026-08-16T01:15:07.000,,NYPD,Noise - Residential,Loud Music/Party,In Progress,STATEN ISLAND
70080612,2026-08-16T01:15:06.000,,NYPD,Noise - Residential,Loud Music/Party,In Progress,BROOKLYN
70079684,2026-08-16T01:15:01.000,2026-08-16T01:30:32.000,NYPD,Noise - Residential,Loud Music/Party,Closed,QUEENS
70074872,2026-08-16T01:14:54.000,,NYPD,Noise - Residential,Loud Music/Party,In Progress,MANHATTAN
70082304,2026-08-16T01:14:47.000,2026-08-16T01:28:55.000,NYPD,Noise - Residential,Loud Music/Party,Closed,BRONX
70081009,2026-08-16T01:14:41.000,2026-08-16T01:28:59.000,NYPD,Noise - Street/Sidewalk,Loud Music/Party,Closed,QUEENS
70077950,2026-08-16T01:14:36.000,2026-08-16T01:31:09.000,NYPD,Noise - Street/Sidewalk,Loud Music/Party,Closed,MANHATTAN
70080958,2026-08-16T01:14:35.000,2026-08-16T01:45:21.000,NYPD,Noise - Street/Sidewalk,Loud Music/Party,Closed,QUEENS
70079380,2026-08-16T01:14:32.000,,NYPD,Noise - Street/Sidewalk,Loud Music/Party,In Progress,BROOKLYN
70075415,2026-08-16T01:14:31.000,2026-08-16T01:41:33.000,NYPD,Noise - Residential,Loud Music/Party,Closed,BROOKLYN
70081256,2026-08-16T01:14:26.000,,NYPD,Noise - Vehicle,Car/Truck Music,In Progress,MANHATTAN
70080306,2026-08-16T01:14:16.000,,NYPD,Noise - Street/Sidewalk,Loud Music/Party,In Progress,BRONX
70074000,2026-08-16T01:14:06.000,,NYPD,Noise - Residential,Banging/Pounding,In Progress,BRONX
70078118,2026-08-16T01:14:03.000,2026-08-16T01:48:17.000,NYPD,Illegal Parking,Posted Parking Sign Violation,Closed,BROOKLYN
70079400,2026-08-16T01:14:01.000,2026-08-16T01:42:53.000,NYPD,Illegal Fireworks,N/A,Closed,BROOKLYN
70075192,2026-08-16T01:13:17.000,,DEP,Noise,Dog,In Progress,BROOKLYN
70074213,2026-08-16T01:13:12.000,2026-08-16T01:17:24.000,NYPD,Noise - Residential,Loud Music/Party,Closed,BROOKLYN
70073441,2026-08-16T01:13:09.000,,NYPD,Noise - Residential,Loud Music/Party,In Progress,QUEENS
70081130,2026-08-16T01:13:04.000,2026-08-16T01:42:35.000,NYPD,Noise - Residential,Loud Music/Party,Closed,QUEENS
70076771,2026-08-16T01:12:53.000,,NYPD,Noise - Vehicle,Car/Truck Music,In Progress,BROOKLYN
70080957,2026-08-16T01:12:40.000,,NYPD,Noise - Residential,Loud Music/Party,In Progress,QUEENS
70080626,2026-08-16T01:12:39.000,,NYPD,Noise - Street/Sidewalk,Loud Music/Party,In Progress,BROOKLYN
70081669,2026-08-16T01:12:38.000,2026-08-16T01:42:34.000,NYPD,Noise - Residential,Loud Music/Party,Closed,BRONX
70078029,2026-08-16T01:12:36.000,2026-08-16T01:37:32.000,NYPD,Illegal Parking,Blocked Hydrant,Closed,BROOKLYN
70075582,2026-08-16T01:12:32.000,2026-08-16T01:29:07.000,NYPD,Noise - Residential,Loud Music/Party,Closed,BROOKLYN
70079311,2026-08-16T01:12:28.000,,NYPD,Noise - Residential,Loud Music/Party,In Progress,BROOKLYN
70079058,2026-08-16T01:12:17.000,,NYPD,Illegal Parking,License Plate Obscured,In Progress,BRONX
70074826,2026-08-16T01:12:12.000,2026-08-16T01:44:03.000,NYPD,Noise - Commercial,Loud Music/Party,Closed,STATEN ISLAND
70075837,2026-08-16T01:12:02.000,,DPR,Dead/Dying Tree,Planted Less Than 2 Years Ago,In Progress,MANHATTAN
70080522,2026-08-16T01:11:58.000,,NYPD,Noise - Residential,Banging/Pounding,In Progress,BROOKLYN
70078391,2026-08-16T01:11:57.000,2026-08-16T01:35:02.000,NYPD,Noise - Street/Sidewalk,Loud Music/Party,Closed,QUEENS
70078487,2026-08-16T01:11:47.000,2026-08-16T01:23:50.000,NYPD,Noise - Residential,Loud Music/Party,Closed,QUEENS
70082300,2026-08-16T01:11:44.000,2026-08-16T01:28:55.000,NYPD,Noise - Residential,Loud Music/Party,Closed,BRONX
70082396,2026-08-16T01:11:41.000,2026-08-16T01:28:52.000,NYPD,Noise - Residential,Loud Music/Party,Closed,QUEENS
70075590,2026-08-16T01:11:36.000,,NYPD,Noise - Street/Sidewalk,Loud Music/Party,In Progress,BROOKLYN
70082626,2026-08-16T01:11:31.000,,NYPD,Noise - Vehicle,Car/Truck Music,In Progress,MANHATTAN
70079961,2026-08-16T01:11:30.000,2026-08-16T01:33:09.000,NYPD,Noise - Street/Sidewalk,Loud Talking,Closed,MANHATTAN
70082503,2026-08-16T01:11:21.000,,NYPD,Noise - Street/Sidewalk,Loud Talking,In Progress,QUEENS
70079372,2026-08-16T01:11:06.000,2026-08-16T01:18:37.000,NYPD,Noise - Residential,Loud Music/Party,Closed,BROOKLYN
70077349,2026-08-16T01:11:05.000,,NYPD,Noise - Residential,Loud Music/Party,In Progress,STATEN ISLAND
70076316,2026-08-16T01:10:59.000,2026-08-16T01:22:11.000,NYPD,Noise - Residential,Loud Music/Party,Closed,QUEENS
70082485,2026-08-16T01:10:30.000,2026-08-16T01:42:37.000,NYPD,Noise - Residential,Loud Music/Party,Closed,QUEENS
70075280,2026-08-16T01:10:27.000,2026-08-16T01:41:28.000,NYPD,Noise - Vehicle,Car/Truck Music,Closed,BRONX
70076526,2026-08-16T01:10:26.000,2026-08-16T01:37:45.000,NYPD,Illegal Parking,Blocked Hydrant,Closed,BRONX
70081047,2026-08-16T01:10:22.000,,NYPD,Noise - Residential,Loud Music/Party,In Progress,QUEENS
70075602,2026-08-16T01:10:19.000,,NYPD,Illegal Parking,Blocked Hydrant,In Progress,BROOKLYN
70074895,2026-08-16T01:10:17.000,2026-08-16T01:23:53.000,NYPD,Noise - Street/Sidewalk,Loud Music/Party,Closed,MANHATTAN
70078736,2026-08-16T01:10:16.000,,NYPD,Noise - Street/Sidewalk,Loud Music/Party,In Progress,BRONX
70078857,2026-08-16T01:10:13.000,2026-08-16T01:51:06.000,NYPD,Noise - Street/Sidewalk,Loud Music/Party,Closed,QUEENS
70075855,2026-08-16T01:10:13.000,2026-08-16T01:40:31.000,NYPD,Noise - Residential,Loud Music/Party,Closed,MANHATTAN
70073483,2026-08-16T01:10:12.000,2026-08-16T01:48:16.000,NYPD,Noise - Residential,Loud Music/Party,Closed,QUEENS
70076182,2026-08-16T01:10:10.000,2026-08-16T01:24:38.000,NYPD,Noise - Street/Sidewalk,Loud Talking,Closed,MANHATTAN
70072805,2026-08-16T01:10:03.000,2026-08-16T01:23:55.000,NYPD,Blocked Driveway,No Access,Closed,BROOKLYN
70076878,2026-08-16T01:09:46.000,2026-08-16T01:31:42.000,NYPD,Noise - Street/Sidewalk,Loud Music/Party,Closed,BROOKLYN
70082615,2026-08-16T01:09:40.000,,NYPD,Noise - Street/Sidewalk,Loud Music/Party,In Progress,MANHATTAN
70076498,2026-08-16T01:09:39.000,,NYPD,Noise - Street/Sidewalk,Loud Music/Party,In Progress,BRONX
70078996,2026-08-16T01:09:30.000,,DEP,Noise,Construction,In Progress,QUEENS
70080628,2026-08-16T01:09:23.000,,NYPD,Noise - Residential,Banging/Pounding,In Progress,BROOKLYN
70079120,2026-08-16T01:09:08.000,,NYPD,Noise - Street/Sidewalk,Loud Music/Party,In Progress,BRONX
70075444,2026-08-16T01:08:55.000,,NYPD,Noise - Street/Sidewalk,Loud Music/Party,In Progress,BROOKLYN
70080342,2026-08-16T01:08:40.000,,NYPD,Noise - Residential,Loud Music/Party,In Progress,BRONX
70079656,2026-08-16T01:08:38.000,2026-08-16T01:27:51.000,NYPD,Noise - Residential,Loud Music/Party,Closed,MANHATTAN
70081346,2026-08-16T01:08:38.000,,DSNY,Residential Disposal Complaint,Waste Not Separated,In Progress,MANHATTAN
70075633,2026-08-16T01:08:31.000,2026-08-16T01:48:16.000,NYPD,Noise - Vehicle,Car/Truck Music,Closed,BROOKLYN
70073915,2026-08-16T01:08:17.000,,NYPD,Illegal Parking,Double Parked Blocking Traffic,In Progress,BRONX
70080381,2026-08-16T01:08:15.000,,NYPD,Noise - Street/Sidewalk,Loud Music/Party,In Progress,BRONX
70075853,2026-08-16T01:08:14.000,,NYPD,Noise - Residential,Loud Music/Party,In Progress,BROOKLYN
70076637,2026-08-16T01:08:06.000,,NYPD,Noise - Residential,Loud Music/Party,In Progress,BROOKLYN
70079263,2026-08-16T01:07:47.000,2026-08-16T01:25:09.000,NYPD,Noise - Residential,Loud Music/Party,Closed,BROOKLYN
70072593,2026-08-16T01:07:41.000,2026-08-16T01:41:32.000,NYPD,Blocked Driveway,No Access,Closed,BRONX
70077449,2026-08-16T01:07:37.000,2026-08-16T01:16:49.000,NYPD,Noise - Street/Sidewalk,Loud Music/Party,Closed,MANHATTAN
70078367,2026-08-16T01:07:34.000,,NYPD,Noise - Street/Sidewalk,Loud Music/Party,In Progress,BROOKLYN
70081163,2026-08-16T01:07:24.000,,NYPD,Illegal Parking,Blocked Crosswalk,In Progress,QUEENS
70080685,2026-08-16T01:07:23.000,,NYPD,Noise - Residential,Loud Music/Party,In Progress,BROOKLYN
70078112,2026-08-16T01:07:04.000,,NYPD,Illegal Parking,Posted Parking Sign Violation,In Progress,BROOKLYN
70081307,2026-08-16T01:07:03.000,,NYPD,Noise - Residential,Loud Music/Party,In Progress,MANHATTAN
70077219,2026-08-16T01:06:46.000,2026-08-16T01:16:35.000,NYPD,Noise - Residential,Banging/Pounding,Closed,QUEENS
70079207,2026-08-16T01:06:38.000,,NYPD,Illegal Parking,Blocked Hydrant,In Progress,BROOKLYN
70077346,2026-08-16T01:06:34.000,2026-08-16T01:33:07.000,NYPD,Noise - Residential,Loud Music/Party,Closed,STATEN ISLAND
70076105,2026-08-16T01:06:30.000,,NYPD,Noise - Residential,Loud Music/Party,In Progress,STATEN ISLAND
70081106,2026-08-16T01:06:27.000,,NYPD,Noise - Residential,Loud Music/Party,In Progress,QUEENS
70081639,2026-08-16T01:06:13.000,,NYPD,Noise - Residential,Loud Music/Party,In Progress,BRONX
70076553,2026-08-16T01:06:09.000,,NYPD,Noise - Street/Sidewalk,Loud Talking,In Progress,BRONX
70077277,2026-08-16T01:05:59.000,,NYPD,Noise - Street/Sidewalk,Loud Talking,In Progress,QUEENS
70079066,2026-08-16T01:05:55.000,2026-08-16T01:41:28.000,NYPD,Noise - Residential,Banging/Pounding,Closed,BRONX
70079874,2026-08-16T01:05:47.000,,NYPD,Noise - Residential,Loud Music/Party,In Progress,STATEN ISLAND
70082556,2026-08-16T01:05:45.000,,NYPD,Noise - Residential,Loud Music/Party,In Progress,STATEN ISLAND
70074587,2026-08-16T01:05:37.000,,NYPD,Noise - Residential,Loud Music/Party,In Progress,QUEENS
70080611,2026-08-16T01:05:32.000,2026-08-16T01:22:04.000,NYPD,Noise - Commercial,Loud Music/Party,Closed,BROOKLYN
70076086,2026-08-16T01:05:28.000,,NYPD,Illegal Parking,Blocked Hydrant,In Progress,QUEENS
70081885,2026-08-16T01:05:23.000,,NYPD,Noise - Street/Sidewalk,Loud Music/Party,In Progress,BROOKLYN
70082487,2026-08-16T01:04:47.000,2026-08-16T01:48:16.000,NYPD,Noise - Residential,Loud Music/Party,Closed,QUEENS
70081554,2026-08-16T01:04:47.000,,DEP,Water Maintenance,Leak,In Progress,BROOKLYN
70074713,2026-08-16T01:04:44.000,,NYPD,Blocked Driveway,No Access,In Progress,QUEENS
70073415,2026-08-16T01:04:43.000,,NYPD,Illegal Parking,Blocked Hydrant,In Progress,QUEENS
70072631,2026-08-16T01:04:36.000,,NYPD,Noise - Street/Sidewalk,Loud Music/Party,In Progress,BRONX
70080935,2026-08-16T01:04:35.000,,DPR,Damaged Tree,Branch Cracked and Will Fall,In Progress,STATEN ISLAND
70082365,2026-08-16T01:04:34.000,2026-08-16T01:31:21.000,NYPD,Noise - Residential,Loud Music/Party,Closed,QUEENS
70074776,2026-08-16T01:04:33.000,2026-08-16T01:28:52.000,NYPD,Blocked Driveway,Partial Access,Closed,QUEENS
70082456,2026-08-16T01:04:33.000,,NYPD,Noise - Street/Sidewalk,Loud Music/Party,In Progress,QUEENS
70082541,2026-08-16T01:04:33.000,,NYPD,Noise - Residential,Loud Music/Party,In Progress,STATEN ISLAND
70073732,2026-08-16T01:04:26.000,2026-08-16T01:43:18.000,NYPD,Noise - Street/Sidewalk,Loud Music/Party,Closed,QUEENS
70076586,2026-08-16T01:04:23.000,,NYPD,Illegal Parking,Blocked Hydrant,In Progress,BRONX
70077996,2026-08-16T01:04:16.000,,NYPD,Noise - Street/Sidewalk,Loud Music/Party,In Progress,BROOKLYN
70082492,2026-08-16T01:04:14.000,2026-08-16T01:29:03.000,NYPD,Noise - Residential,Banging/Pounding,Closed,QUEENS
70075532,2026-08-16T01:04:03.000,2026-08-16T01:29:45.000,NYPD,Noise - Street/Sidewalk,Loud Music/Party,Closed,BROOKLYN
70074798,2026-08-16T01:04:02.000,2026-08-16T01:29:01.000,NYPD,Illegal Parking,Blocked Hydrant,Closed,QUEENS
70077424,2026-08-16T01:03:58.000,,NYPD,Noise - Street/Sidewalk,Loud Music/Party,In Progress,MANHATTAN
70082397,2026-08-16T01:03:58.000,2026-08-16T01:28:55.000,NYPD,Noise - Residential,Loud Music/Party,Closed,QUEENS
70073666,2026-08-16T01:03:55.000,,DSNY,Dirty Condition,Trash,In Progress,BROOKLYN
70079238,2026-08-16T01:03:53.000,2026-08-16T01:30:45.000,NYPD,Noise - Residential,Loud Music/Party,Closed,BROOKLYN
70080941,2026-08-16T01:03:47.000,,NYPD,Noise - Street/Sidewalk,Loud Music/Party,In Progress,BROOKLYN
70078075,2026-08-16T01:03:45.000,2026-08-16T01:07:53.000,NYPD,Noise - Residential,Loud Music/Party,Closed,BROOKLYN
70079767,2026-08-16T01:03:38.000,2026-08-16T01:35:58.000,NYPD,Noise - Residential,Loud Music/Party,Closed,QUEENS
70081321,2026-08-16T01:03:32.000,,NYPD,Noise - Street/Sidewalk,Loud Music/Party,In Progress,BRONX
70072956,2026-08-16T01:03:26.000,2026-08-16T01:16:31.000,NYPD,Noise - Residential,Loud Music/Party,Closed,BROOKLYN
70075313,2026-08-16T01:03:21.000,,NYPD,Noise - Vehicle,Car/Truck Music,In Progress,BRONX
70082324,2026-08-16T01:03:21.000,,NYPD,Illegal Parking,Blocked Hydrant,In Progress,MANHATTAN
70077241,2026-08-16T01:03:17.000,,NYPD,Noise - Commercial,Banging/Pounding,In Progress,QUEENS
70076116,2026-08-16T01:03:16.000,,NYPD,Noise - Residential,Loud Music/Party,In Progress,STATEN ISLAND
70081263,2026-08-16T01:03:11.000,,NYPD,Noise - Street/Sidewalk,Loud Music/Party,In Progress,MANHATTAN
70075425,2026-08-16T01:03:04.000,2026-08-16T01:23:46.000,NYPD,Noise - Commercial,Banging/Pounding,Closed,BROOKLYN
70079751,2026-08-16T01:03:03.000,,NYPD,Blocked Driveway,No Access,In Progress,QUEENS
70078451,2026-08-16T01:03:02.000,,NYPD,Noise - Residential,Loud Music/Party,In Progress,QUEENS
70076824,2026-08-16T01:02:57.000,2026-08-16T01:24:26.000,NYPD,Noise - Street/Sidewalk,Loud Music/Party,Closed,BROOKLYN
70081176,2026-08-16T01:02:49.000,2026-08-16T01:29:01.000,NYPD,Illegal Parking,Blocked Hydrant,Closed,QUEENS
70079822,2026-08-16T01:02:27.000,2026-08-16T01:34:20.000,NYPD,Noise - Residential,Loud Music/Party,Closed,QUEENS
70081059,2026-08-16T01:02:21.000,2026-08-16T01:43:42.000,NYPD,Noise - Residential,Loud Music/Party,Closed,QUEENS
70077429,2026-08-16T01:02:18.000,,NYPD,Noise - Street/Sidewalk,Loud Music/Party,In Progress,MANHATTAN
70078704,2026-08-16T01:02:17.000,2026-08-16T01:23:46.000,NYPD,Noise - Residential,Loud Music/Party,Closed,MANHATTAN
70073510,2026-08-16T01:02:10.000,,NYPD,Noise - Residential,Loud Music/Party,In Progress,STATEN ISLAND
70076565,2026-08-16T01:02:01.000,,NYPD,Noise - Street/Sidewalk,Loud Music/Party,In Progress,BRONX
70076876,2026-08-16T01:01:58.000,,NYPD,Noise - Street/Sidewalk,Loud Music/Party,In Progress,BROOKLYN
70076130,2026-08-16T01:01:47.000,2026-08-16T01:22:14.000,NYPD,Noise - Residential,Loud Music/Party,Closed,MANHATTAN
70081768,2026-08-16T01:01:35.000,2026-08-16T01:03:33.000,NYPD,Drinking,In Public,Closed,BRONX
70080671,2026-08-16T01:01:32.000,,NYPD,Blocked Driveway,No Access,In Progress,BROOKLYN
70078686,2026-08-16T01:01:31.000,,NYPD,Noise - Street/Sidewalk,Loud Music/Party,In Progress,MANHATTAN
70080401,2026-08-16T01:01:29.000,,NYPD,Illegal Parking,Posted Parking Sign Violation,In Progress,BRONX
70082426,2026-08-16T01:01:26.000,2026-08-16T01:46:24.000,NYPD,Noise - Residential,Loud Music/Party,Closed,QUEENS
70078562,2026-08-16T01:01:11.000,2026-08-16T01:16:30.000,NYPD,Noise - Residential,Loud Music/Party,Closed,QUEENS
70079350,2026-08-16T01:01:09.000,2026-08-16T01:28:50.000,NYPD,Noise - Residential,Loud Music/Party,Closed,BROOKLYN
70079856,2026-08-16T01:01:05.000,2026-08-16T01:25:01.000,NYPD,Illegal Parking,Blocked Hydrant,Closed,QUEENS
70080572,2026-08-16T01:00:46.000,2026-08-16T01:35:52.000,NYPD,Noise - Residential,Loud Music/Party,Closed,BROOKLYN
70073574,2026-08-16T01:00:38.000,,NYPD,Noise - Street/Sidewalk,Loud Music/Party,In Progress,MANHATTAN
70072633,2026-08-16T01:00:36.000,,NYPD,Noise - Street/Sidewalk,Loud Music/Party,In Progress,BRONX
70079002,2026-08-16T01:00:35.000,,DEP,Noise,Boat,In Progress,MANHATTAN
70079842,2026-08-16T01:00:33.000,,NYPD,Noise - Street/Sidewalk,Loud Music/Party,In Progress,QUEENS
70078428,2026-08-16T01:00:27.000,,NYPD,Animal-Abuse,Neglected,In Progress,QUEENS
70082558,2026-08-16T01:00:27.000,2026-08-16T01:08:00.000,NYPD,Noise - Residential,Loud Music/Party,Closed,STATEN ISLAND
70077773,2026-08-16T01:00:20.000,,NYPD,Noise - Residential,Loud Music/Party,In Progress,BRONX
70074831,2026-08-16T01:00:05.000,2026-08-16T01:48:59.000,NYPD,Noise - Commercial,Loud Music/Party,Closed,STATEN ISLAND
70073602,2026-08-16T01:00:00.000,2026-08-16T01:18:54.000,NYPD,Noise - Street/Sidewalk,Loud Music/Party,Closed,MANHATTAN
70075453,2026-08-16T00:59:54.000,,NYPD,Noise - Residential,Loud Music/Party,In Progress,BROOKLYN
70082314,2026-08-16T00:59:54.000,2026-08-16T01:33:28.000,NYPD,Noise - Residential,Loud Music/Party,Closed,QUEENS
70074900,2026-08-16T00:59:45.000,2026-08-16T01:16:37.000,NYPD,Noise - Street/Sidewalk,Loud Music/Party,Closed,MANHATTAN
70081012,2026-08-16T00:59:43.000,2026-08-16T01:34:36.000,NYPD,Noise - Residential,Loud Music/Party,Closed,QUEENS
70077340,2026-08-16T00:59:33.000,2026-08-16T01:25:13.000,NYPD,Illegal Parking,Blocked Hydrant,Closed,QUEENS
70080998,2026-08-16T00:59:31.000,2026-08-16T01:03:34.000,NYPD,Noise - Residential,Loud Music/Party,Closed,QUEENS
70077428,2026-08-16T00:59:20.000,,NYPD,Noise - Street/Sidewalk,Loud Music/Party,In Progress,MANHATTAN
70072747,2026-08-16T00:59:15.000,,NYPD,Noise - Commercial,Loud Music/Party,In Progress,MANHATTAN
70079364,2026-08-16T00:59:12.000,2026-08-16T01:35:21.000,NYPD,Noise - Street/Sidewalk,Loud Music/Party,Closed,BROOKLYN
70073913,2026-08-16T00:59:02.000,,NYPD,Noise - Residential,Loud Music/Party,In Progress,BRONX
70081962,2026-08-16T00:58:57.000,,NYPD,Noise - Commercial,Loud Talking,In Progress,BROOKLYN
70081432,2026-08-16T00:58:49.000,2026-08-16T01:11:21.000,NYPD,Blocked Driveway,No Access,Closed,QUEENS
70082446,2026-08-16T00:58:38.000,2026-08-16T01:22:10.000,NYPD,Noise - Residential,Loud Music/Party,Closed,QUEENS
70079965,2026-08-16T00:58:22.000,2026-08-16T01:16:43.000,NYPD,Noise - Street/Sidewalk,Loud Music/Party,Closed,MANHATTAN
70080895,2026-08-16T00:58:18.000,,DHS,Homeless Person Assistance,Chronic,In Progress,MANHATTAN
70076848,2026-08-16T00:58:11.000,2026-08-16T01:03:34.000,NYPD,Noise - Residential,Loud Music/Party,Closed,BROOKLYN
70079934,2026-08-16T00:58:09.000,,NYPD,Noise - Street/Sidewalk,Loud Music/Party,In Progress,MANHATTAN
70078639,2026-08-16T00:57:47.000,2026-08-16T01:32:41.000,NYPD,Noise - Commercial,Loud Music/Party,Closed,MANHATTAN
70081673,2026-08-16T00:57:41.000,,NYPD,Noise - Residential,Loud Music/Party,In Progress,BRONX
70072836,2026-08-16T00:57:32.000,2026-08-16T01:25:26.000,NYPD,Noise - Commercial,Loud Music/Party,Closed,BROOKLYN
70076215,2026-08-16T00:57:31.000,,NYPD,Noise - Commercial,Loud Music/Party,In Progress,BRONX
70077426,2026-08-16T00:57:28.000,,NYPD,Noise - Street/Sidewalk,Loud Music/Party,In Progress,MANHATTAN
70080407,2026-08-16T00:57:05.000,2026-08-16T01:03:34.000,NYPD,Noise - Residential,Loud Talking,Closed,BRONX
70074256,2026-08-16T00:56:59.000,2026-08-16T01:05:14.000,NYPD,Noise - Residential,Loud Music/Party,Closed,BROOKLYN
70078685,2026-08-16T00:56:59.000,,NYPD,Noise - Street/Sidewalk,Loud Music/Party,In Progress,MANHATTAN
70078860,2026-08-16T00:56:51.000,2026-08-16T01:08:12.000,NYPD,Blocked Driveway,No Access,Closed,QUEENS
70076585,2026-08-16T00:56:46.000,,NYPD,Noise - Street/Sidewalk,Loud Music/Party,In Progress,BRONX
70076816,2026-08-16T00:56:43.000,2026-08-16T01:07:59.000,NYPD,Noise - Street/Sidewalk,Loud Music/Party,Closed,BROOKLYN
70081284,2026-08-16T00:56:33.000,,NYPD,Noise - Street/Sidewalk,Loud Music/Party,In Progress,MANHATTAN
70082737,2026-08-16T00:56:27.000,,DOT,Outdoor Dining,Restaurant Status,In Progress,MANHATTAN
70081199,2026-08-16T00:56:26.000,,NYPD,Noise - Residential,Banging/Pounding,In Progress,STATEN ISLAND
70075262,2026-08-16T00:56:23.000,,NYPD,Noise - Residential,Loud Music/Party,In Progress,BRONX
70082372,2026-08-16T00:56:21.000,,NYPD,Noise - Residential,Loud Music/Party,In Progress,QUEENS
70079441,2026-08-16T00:56:13.000,,DOHMH,Smoking or Vaping,Allowed in Smoke Free Area,In Progress,BRONX
70077753,2026-08-16T00:56:05.000,,NYPD,Noise - Residential,Banging/Pounding,In Progress,BRONX
70073604,2026-08-16T00:56:00.000,2026-08-16T01:11:20.000,NYPD,Noise - Street/Sidewalk,Loud Music/Party,Closed,MANHATTAN
70079675,2026-08-16T00:55:53.000,,NYPD,Illegal Parking,Posted Parking Sign Violation,In Progress,MANHATTAN
70077331,2026-08-16T00:55:39.000,2026-08-16T01:16:38.000,NYPD,Blocked Driveway,No Access,Closed,QUEENS
70082649,2026-08-16T00:55:26.000,,NYPD,Noise - Street/Sidewalk,Loud Music/Party,In Progress,BRONX
70073571,2026-08-16T00:55:25.000,,NYPD,Noise - Street/Sidewalk,Loud Music/Party,In Progress,MANHATTAN
70080405,2026-08-16T00:55:23.000,2026-08-16T01:03:36.000,NYPD,Noise - Street/Sidewalk,Loud Music/Party,Closed,BRONX
70076067,2026-08-16T00:55:21.000,2026-08-16T01:29:04.000,NYPD,Noise - Residential,Banging/Pounding,Closed,QUEENS
70073357,2026-08-16T00:55:11.000,,NYPD,Abandoned Vehicle,With License Plate,In Progress,QUEENS
70081039,2026-08-16T00:55:01.000,2026-08-16T01:11:53.000,NYPD,Noise - Residential,Loud Music/Party,Closed,QUEENS
70082443,2026-08-16T00:54:54.000,2026-08-16T01:16:32.000,NYPD,Noise - Street/Sidewalk,Loud Music/Party,Closed,QUEENS
70081011,2026-08-16T00:54:53.000,2026-08-16T01:31:22.000,NYPD,Noise - Residential,Loud Music/Party,Closed,QUEENS
70074177,2026-08-16T00:54:49.000,,DOT,Street Condition,Defective Hardware,In Progress,MANHATTAN
70080990,2026-08-16T00:54:41.000,,NYPD,Illegal Parking,Blocked Hydrant,In Progress,QUEENS
70079824,2026-08-16T00:54:39.000,2026-08-16T01:07:58.000,NYPD,Noise - Residential,Loud Music/Party,Closed,QUEENS
70079118,2026-08-16T00:54:31.000,,NYPD,Noise - Street/Sidewalk,Loud Music/Party,In Progress,BRONX
70079617,2026-08-16T00:54:30.000,,DOHMH,Rodent,Condition Attracting Rodents,In Progress,BRONX
70080098,2026-08-16T00:54:28.000,2026-08-16T01:22:11.000,NYPD,Noise - Residential,Loud Music/Party,Closed,QUEENS
70078585,2026-08-16T00:54:24.000,,NYPD,Blocked Driveway,Partial Access,In Progress,QUEENS
70074714,2026-08-16T00:54:20.000,,NYPD,Blocked Driveway,No Access,In Progress,QUEENS
70081257,2026-08-16T00:54:18.000,,NYPD,Noise - Street/Sidewalk,Loud Music/Party,In Progress,MANHATTAN
70077731,2026-08-16T00:54:16.000,,NYPD,Noise - Residential,Banging/Pounding,In Progress,BRONX
70079031,2026-08-16T00:54:08.000,,NYPD,Illegal Parking,Double Parked Blocking Traffic,In Progress,BRONX
70073523,2026-08-16T00:54:03.000,2026-08-16T01:48:53.000,NYPD,Noise - Commercial,Loud Music/Party,Closed,STATEN ISLAND
70074604,2026-08-16T00:54:02.000,2026-08-16T01:38:28.000,NYPD,Illegal Fireworks,N/A,Closed,MANHATTAN
70078714,2026-08-16T00:53:56.000,,NYPD,Noise - Street/Sidewalk,Loud Music/Party,In Progress,MANHATTAN
70081651,2026-08-16T00:53:50.000,,NYPD,Noise - Street/Sidewalk,Loud Music/Party,In Progress,BRONX
70078084,2026-08-16T00:53:35.000,2026-08-16T01:07:58.000,NYPD,Noise - Residential,Loud Music/Party,Closed,BROOKLYN
70079933,2026-08-16T00:53:33.000,,NYPD,Noise - Street/Sidewalk,Loud Music/Party,In Progress,MANHATTAN
70081107,2026-08-16T00:53:31.000,,NYPD,Noise - Commercial,Loud Music/Party,In Progress,QUEENS
70075928,2026-08-16T00:53:23.000,2026-08-16T01:30:04.000,NYPD,Noise - Residential,Loud Music/Party,Closed,QUEENS
70072639,2026-08-16T00:53:21.000,,NYPD,Noise - Residential,Loud Music/Party,In Progress,BRONX
70082616,2026-08-16T00:53:06.000,,NYPD,Noise - Residential,Loud Music/Party,In Progress,MANHATTAN
70079027,2026-08-16T00:53:00.000,,NYPD,Noise - Street/Sidewalk,Loud Music/Party,In Progress,BRONX
70073058,2026-08-16T00:53:00.000,,DOT,Street Light Condition,Street Light Out,Open,QUEENS
70073595,2026-08-16T00:52:48.000,2026-08-16T00:53:58.000,NYPD,Noise - Street/Sidewalk,Loud Talking,Closed,MANHATTAN
70073331,2026-08-16T00:52:46.000,,NYPD,Noise - Residential,Loud Music/Party,In Progress,QUEENS
70079936,2026-08-16T00:52:42.000,,NYPD,Noise - Street/Sidewalk,Loud Music/Party,In Progress,MANHATTAN
70078034,2026-08-16T00:52:41.000,2026-08-16T01:13:30.000,NYPD,Noise - Residential,Loud Music/Party,Closed,BROOKLYN
70073036,2026-08-16T00:52:23.000,,TLC,For Hire Vehicle Complaint,Car Service Company Complaint,In Progress,QUEENS
70076673,2026-08-16T00:52:10.000,,NYPD,Noise - Residential,Banging/Pounding,In Progress,BROOKLYN
70081323,2026-08-16T00:52:00.000,,NYPD,Noise - Commercial,Loud Music/Party,In Progress,BRONX
70073598,2026-08-16T00:51:58.000,2026-08-16T01:16:38.000,NYPD,Noise - Street/Sidewalk,Loud Music/Party,Closed,MANHATTAN
70081623,2026-08-16T00:51:51.000,,NYPD,Noise - Street/Sidewalk,Loud Music/Party,In Progress,BRONX
70081049,2026-08-16T00:51:51.000,,NYPD,Illegal Parking,Unauthorized Bus Layover,In Progress,QUEENS
70077425,2026-08-16T00:51:45.000,,NYPD,Noise - Street/Sidewalk,Loud Music/Party,In Progress,MANHATTAN
70075261,2026-08-16T00:51:32.000,,NYPD,Noise - Residential,Loud Music/Party,In Progress,BRONX
70081295,2026-08-16T00:51:31.000,2026-08-16T00:56:56.000,NYPD,Noise - Park,Loud Music/Party,Closed,MANHATTAN
70072637,2026-08-16T00:51:23.000,,NYPD,Noise - Residential,Loud Music/Party,In Progress,BRONX
70082111,2026-08-16T00:51:19.000,,DOT,Sidewalk Condition,Broken Sidewalk,In Progress,BROOKLYN
70081145,2026-08-16T00:51:08.000,,NYPD,Noise - Street/Sidewalk,Loud Music/Party,In Progress,MANHATTAN
70076843,2026-08-16T00:51:01.000,2026-08-16T01:18:22.000,NYPD,Noise - Residential,Loud Music/Party,Closed,BROOKLYN
70074211,2026-08-16T00:50:58.000,2026-08-16T00:55:15.000,NYPD,Noise - Street/Sidewalk,Loud Music/Party,Closed,BROOKLYN
70079758,2026-08-16T00:50:52.000,2026-08-16T01:24:04.000,NYPD,Noise - Residential,Loud Music/Party,Closed,QUEENS
70072933,2026-08-16T00:50:51.000,2026-08-16T01:03:28.000,NYPD,Noise - Commercial,Loud Music/Party,Closed,BROOKLYN
70079929,2026-08-16T00:50:44.000,,NYPD,Noise - Street/Sidewalk,Loud Music/Party,In Progress,MANHATTAN
70072931,2026-08-16T00:50:43.000,2026-08-16T01:23:14.000,NYPD,Noise - Commercial,Loud Music/Party,Closed,BROOKLYN
70082323,2026-08-16T00:50:26.000,,NYPD,Noise - Residential,Banging/Pounding,In Progress,MANHATTAN
70077347,2026-08-16T00:50:20.000,,NYPD,Illegal Parking,Parking Permit Improper Use,In Progress,STATEN ISLAND
70081144,2026-08-16T00:50:18.000,,NYPD,Noise - Street/Sidewalk,Loud Music/Party,In Progress,QUEENS
70081615,2026-08-16T00:50:17.000,2026-08-16T01:16:33.000,NYPD,Noise - Street/Sidewalk,Loud Music/Party,Closed,BRONX
70073288,2026-08-16T00:50:16.000,,NYPD,Noise - Residential,Loud Music/Party,In Progress,QUEENS
70081035,2026-08-16T00:50:03.000,2026-08-16T01:12:28.000,NYPD,Noise - Street/Sidewalk,Loud Music/Party,Closed,QUEENS
70073000,2026-08-16T00:49:57.000,,NYPD,Noise - Street/Sidewalk,Loud Music/Party,In Progress,BROOKLYN
70080944,2026-08-16T00:49:56.000,2026-08-16T01:30:09.000,NYPD,Noise - Street/Sidewalk,Loud Music/Party,Closed,BROOKLYN
70082091,2026-08-16T00:49:55.000,,TLC,Lost Property,Bag/Wallet,In Progress,BROOKLYN
70077144,2026-08-16T00:49:52.000,,NYPD,Illegal Parking,Blocked Sidewalk,In Progress,QUEENS
70079931,2026-08-16T00:49:41.000,,NYPD,Noise - Street/Sidewalk,Loud Music/Party,In Progress,MANHATTAN
70074620,2026-08-16T00:49:40.000,2026-08-16T01:11:20.000,NYPD,Noise - Residential,Loud Talking,Closed,QUEENS
70081856,2026-08-16T00:49:34.000,2026-08-16T01:16:36.000,NYPD,Noise - Residential,Loud Music/Party,Closed,BROOKLYN
70081844,2026-08-16T00:49:33.000,2026-08-16T01:07:53.000,NYPD,Noise - Park,Loud Music/Party,Closed,BROOKLYN
70081424,2026-08-16T00:49:27.000,,DOT,Outdoor Dining,Sidewalk Zone Blocked,In Progress,QUEENS
70078373,2026-08-16T00:49:14.000,2026-08-16T00:59:37.000,NYPD,Noise - Residential,Loud Music/Party,Closed,MANHATTAN
70082432,2026-08-16T00:49:12.000,,NYPD,Noise - Commercial,Loud Music/Party,In Progress,QUEENS
70073550,2026-08-16T00:49:09.000,2026-08-16T01:45:53.000,NYPD,Noise - Residential,Loud Talking,Closed,MANHATTAN
70073007,2026-08-16T00:49:09.000,2026-08-16T01:48:33.000,NYPD,Noise - Residential,Loud Music/Party,Closed,BROOKLYN
70079176,2026-08-16T00:49:08.000,2026-08-16T01:28:59.000,NYPD,Noise - Residential,Loud Music/Party,Closed,BRONX
70081621,2026-08-16T00:49:06.000,2026-08-16T01:41:33.000,NYPD,Blocked Driveway,No Access,Closed,BRONX
70078364,2026-08-16T00:49:00.000,2026-08-16T01:16:33.000,NYPD,Noise - Residential,Loud Music/Party,Closed,BROOKLYN
70081261,2026-08-16T00:48:55.000,,NYPD,Noise - Street/Sidewalk,Loud Music/Party,In Progress,MANHATTAN
70074586,2026-08-16T00:48:52.000,,NYPD,Noise - Street/Sidewalk,Loud Talking,In Progress,QUEENS
70081779,2026-08-16T00:48:37.000,2026-08-16T00:54:57.000,NYPD,Noise - Street/Sidewalk,Loud Music/Party,Closed,BRONX
70074575,2026-08-16T00:48:30.000,,NYPD,Noise - Street/Sidewalk,Loud Music/Party,In Progress,MANHATTAN
70077116,2026-08-16T00:48:26.000,,NYPD,Noise - Street/Sidewalk,Loud Talking,In Progress,MANHATTAN
70076590,2026-08-16T00:48:24.000,2026-08-16T00:56:19.000,NYPD,Noise - Street/Sidewalk,Loud Music/Party,Closed,BRONX
70072897,2026-08-16T00:48:17.000,2026-08-16T01:03:36.000,NYPD,Noise - Residential,Loud Music/Party,Closed,BROOKLYN
70081278,2026-08-16T00:48:13.000,2026-08-16T01:20:35.000,NYPD,Noise - Residential,Loud Music/Party,Closed,MANHATTAN
70081840,2026-08-16T00:48:01.000,,NYPD,Noise - Residential,Loud Music/Party,In Progress,BROOKLYN
70077789,2026-08-16T00:47:49.000,,NYPD,Noise - Street/Sidewalk,Loud Music/Party,In Progress,BRONX
70078551,2026-08-16T00:47:48.000,,NYPD,Noise - Park,Loud Music/Party,In Progress,QUEENS
70074560,2026-08-16T00:47:40.000,,NYPD,Noise - Street/Sidewalk,Loud Music/Party,In Progress,BROOKLYN
70075437,2026-08-16T00:47:37.000,2026-08-16T01:35:05.000,NYPD,Noise - Residential,Loud Music/Party,Closed,BROOKLYN
70080322,2026-08-16T00:47:31.000,,NYPD,Noise - Residential,Loud Music/Party,In Progress,BRONX
70074801,2026-08-16T00:47:24.000,,NYPD,Noise - Residential,Loud Music/Party,In Progress,STATEN ISLAND
70073573,2026-08-16T00:47:10.000,,NYPD,Noise - Street/Sidewalk,Loud Music/Party,In Progress,MANHATTAN
70077852,2026-08-16T00:47:06.000,2026-08-16T00:49:30.000,NYPD,Noise - Street/Sidewalk,Loud Music/Party,Closed,BRONX
70078425,2026-08-16T00:46:56.000,,NYPD,Noise - Street/Sidewalk,Loud Music/Party,In Progress,QUEENS
70082628,2026-08-16T00:46:50.000,,NYPD,Noise - Street/Sidewalk,Loud Music/Party,In Progress,MANHATTAN
70076791,2026-08-16T00:46:49.000,2026-08-16T01:41:29.000,NYPD,Illegal Parking,Blocked Hydrant,Closed,BROOKLYN
70073910,2026-08-16T00:46:47.000,,NYPD,Noise - Street/Sidewalk,Loud Music/Party,In Progress,BRONX
70080346,2026-08-16T00:46:44.000,,NYPD,Illegal Fireworks,N/A,In Progress,BRONX
70081882,2026-08-16T00:46:25.000,,NYPD,Noise - Street/Sidewalk,Loud Music/Party,In Progress,MANHATTAN
70076178,2026-08-16T00:46:13.000,,NYPD,Noise - Street/Sidewalk,Loud Music/Party,In Progress,MANHATTAN
70074871,2026-08-16T00:46:11.000,,NYPD,Noise - Street/Sidewalk,Loud Music/Party,In Progress,MANHATTAN
70076599,2026-08-16T00:46:11.000,2026-08-16T00:48:07.000,NYPD,Drinking,In Public,Closed,BRONX
70073348,2026-08-16T00:46:05.000,2026-08-16T01:12:18.000,NYPD,Noise - Residential,Loud Music/Party,Closed,QUEENS
70074190,2026-08-16T00:45:58.000,,NYPD,Blocked Driveway,No Access,In Progress,BROOKLYN
70074272,2026-08-16T00:45:48.000,2026-08-16T01:48:37.000,NYPD,Noise - Residential,Loud Music/Party,Closed,BROOKLYN
70079619,2026-08-16T00:45:46.000,,DOHMH,Rodent,Rat Sighting,In Progress,BROOKLYN
70082740,2026-08-16T00:45:43.000,,NYPD,Illegal Parking,Posted Parking Sign Violation,In Progress,QUEENS
70079041,2026-08-16T00:45:41.000,2026-08-16T00:48:53.000,NYPD,Noise - Residential,Banging/Pounding,Closed,BRONX
70076063,2026-08-16T00:45:39.000,2026-08-16T01:38:12.000,NYPD,Noise - Residential,Loud Music/Party,Closed,QUEENS
70075632,2026-08-16T00:45:35.000,,NYPD,Noise - Residential,Loud Music/Party,In Progress,BROOKLYN
70080693,2026-08-16T00:45:33.000,,NYPD,Noise - Residential,Loud Music/Party,In Progress,BROOKLYN
70075640,2026-08-16T00:45:32.000,,DOHMH,Food Establishment,Rodents/Insects/Garbage,In Progress,BROOKLYN
70079321,2026-08-16T00:45:27.000,2026-08-16T01:35:04.000,NYPD,Illegal Parking,Blocked Hydrant,Closed,BROOKLYN
70081685,2026-08-16T00:45:11.000,,NYPD,Noise - Street/Sidewalk,Loud Music/Party,In Progress,BRONX
70078098,2026-08-16T00:45:10.000,,NYPD,Illegal Parking,Commercial Overnight Parking,In Progress,BROOKLYN
70081989,2026-08-16T00:45:07.000,2026-08-16T01:03:28.000,NYPD,Noise - Commercial,Loud Music/Party,Closed,BROOKLYN
70074761,2026-08-16T00:45:01.000,2026-08-16T01:32:05.000,NYPD,Noise - Residential,Loud Music/Party,Closed,QUEENS
70074306,2026-08-16T00:45:00.000,2026-08-16T00:57:47.000,NYPD,Noise - Commercial,Loud Music/Party,Closed,BROOKLYN
70074055,2026-08-16T00:44:59.000,2026-08-16T01:16:32.000,NYPD,Noise - Street/Sidewalk,Loud Music/Party,Closed,MANHATTAN
70076143,2026-08-16T00:44:57.000,2026-08-16T01:29:59.000,NYPD,Noise - Street/Sidewalk,Loud Music/Party,Closed,MANHATTAN
70074766,2026-08-16T00:44:52.000,2026-08-16T01:22:06.000,NYPD,Noise - Commercial,Loud Music/Party,Closed,QUEENS
70074238,2026-08-16T00:44:16.000,2026-08-16T01:03:26.000,NYPD,Noise - Street/Sidewalk,Loud Music/Party,Closed,BROOKLYN
70079134,2026-08-16T00:44:15.000,2026-08-16T01:03:31.000,NYPD,Illegal Parking,Double Parked Blocking Traffic,Closed,BRONX
70079757,2026-08-16T00:44:15.000,2026-08-16T01:23:33.000,NYPD,Noise - Residential,Loud Music/Party,Closed,QUEENS
70077860,2026-08-16T00:44:04.000,2026-08-16T00:48:38.000,NYPD,Noise - Residential,Loud Music/Party,Closed,BRONX
70074285,2026-08-16T00:44:02.000,,NYPD,Illegal Parking,Commercial Overnight Parking,In Progress,BROOKLYN
70074725,2026-08-16T00:43:56.000,2026-08-16T00:54:22.000,NYPD,Noise - Street/Sidewalk,Loud Music/Party,Closed,QUEENS
70079379,2026-08-16T00:43:49.000,2026-08-16T01:04:41.000,NYPD,Blocked Driveway,No Access,Closed,BROOKLYN
70078415,2026-08-16T00:43:34.000,2026-08-16T01:29:20.000,NYPD,Noise - Residential,Loud Music/Party,Closed,QUEENS
70075857,2026-08-16T00:43:17.000,2026-08-16T01:07:10.000,NYPD,Noise - Street/Sidewalk,Loud Music/Party,Closed,MANHATTAN
70075938,2026-08-16T00:43:14.000,,NYPD,Blocked Driveway,No Access,In Progress,QUEENS
70075620,2026-08-16T00:43:01.000,,NYPD,Noise - Residential,Loud Music/Party,In Progress,BROOKLYN
70079823,2026-08-16T00:42:57.000,2026-08-16T01:29:03.000,NYPD,Noise - Residential,Loud Music/Party,Closed,QUEENS
70078735,2026-08-16T00:42:42.000,,NYPD,Noise - Street/Sidewalk,Loud Music/Party,In Progress,BRONX
70076103,2026-08-16T00:42:40.000,,NYPD,Illegal Parking,Parking Permit Improper Use,In Progress,STATEN ISLAND
70076674,2026-08-16T00:42:34.000,,NYPD,Blocked Driveway,No Access,In Progress,BROOKLYN
70078390,2026-08-16T00:42:20.000,,NYPD,Noise - Street/Sidewalk,Loud Music/Party,In Progress,QUEENS
70072582,2026-08-16T00:42:17.000,,DEP,Noise,Air Conditioner/Ventilation,In Progress,BROOKLYN
70080345,2026-08-16T00:42:09.000,,NYPD,Illegal Parking,Blocked Hydrant,In Progress,BRONX
70073013,2026-08-16T00:41:44.000,,NYPD,Noise - Commercial,Loud Music/Party,In Progress,BROOKLYN
70074307,2026-08-16T00:41:41.000,2026-08-16T00:57:36.000,NYPD,Noise - Commercial,Loud Music/Party,Closed,BROOKLYN
70076742,2026-08-16T00:41:15.000,,NYPD,Noise - Street/Sidewalk,Loud Music/Party,In Progress,BROOKLYN
70079378,2026-08-16T00:41:10.000,2026-08-16T01:16:39.000,NYPD,Noise - Commercial,Loud Music/Party,Closed,BROOKLYN
70072611,2026-08-16T00:41:08.000,,NYPD,Noise - Residential,Loud Music/Party,In Progress,BRONX
70076195,2026-08-16T00:41:07.000,,NYPD,Noise - Street/Sidewalk,Loud Music/Party,In Progress,MANHATTAN
70081655,2026-08-16T00:41:04.000,,NYPD,Noise - Street/Sidewalk,Loud Music/Party,In Progress,BRONX
70073584,2026-08-16T00:40:55.000,,NYPD,Noise - Street/Sidewalk,Loud Music/Party,In Progress,MANHATTAN
70076521,2026-08-16T00:40:51.000,2026-08-16T01:18:52.000,NYPD,Noise - Residential,Banging/Pounding,Closed,BRONX
70076062,2026-08-16T00:40:50.000,2026-08-16T01:16:31.000,NYPD,Noise - Residential,Loud Music/Party,Closed,QUEENS
70079826,2026-08-16T00:40:40.000,2026-08-16T01:24:27.000,NYPD,Noise - Commercial,Loud Music/Party,Closed,QUEENS
70074022,2026-08-16T00:40:39.000,2026-08-16T00:42:01.000,NYPD,Noise - Street/Sidewalk,Loud Music/Party,Closed,BRONX
70080320,2026-08-16T00:40:30.000,,NYPD,Noise - Street/Sidewalk,Loud Music/Party,In Progress,BRONX
70079169,2026-08-16T00:40:27.000,2026-08-16T00:58:47.000,NYPD,Noise - Street/Sidewalk,Loud Music/Party,Closed,BRONX
70074245,2026-08-16T00:40:25.000,2026-08-16T01:04:22.000,NYPD,Noise - Commercial,Loud Talking,Closed,BROOKLYN
70080537,2026-08-16T00:40:19.000,,NYPD,Noise - Residential,Loud Music/Party,In Progress,BROOKLYN
70077207,2026-08-16T00:40:06.000,,NYPD,Illegal Parking,Commercial Overnight Parking,In Progress,QUEENS
70082430,2026-08-16T00:40:05.000,,NYPD,Noise - Residential,Loud Music/Party,In Progress,QUEENS
70074021,2026-08-16T00:39:54.000,2026-08-16T00:45:32.000,NYPD,Noise - Street/Sidewalk,Loud Music/Party,Closed,BRONX
70074819,2026-08-16T00:39:52.000,,NYPD,Noise - Residential,Loud Music/Party,In Progress,STATEN ISLAND
70073443,2026-08-16T00:39:47.000,,NYPD,Illegal Parking,Blocked Hydrant,In Progress,QUEENS
70080997,2026-08-16T00:39:28.000,2026-08-16T01:03:33.000,NYPD,Noise - Residential,Loud Music/Party,Closed,QUEENS
70074875,2026-08-16T00:39:17.000,2026-08-16T01:08:04.000,NYPD,Noise - Residential,Loud Music/Party,Closed,MANHATTAN
70074675,2026-08-16T00:39:12.000,2026-08-16T01:12:05.000,NYPD,Noise - Residential,Loud Music/Party,Closed,QUEENS
70077388,2026-08-16T00:39:07.000,,NYPD,Noise - Residential,Loud Television,In Progress,MANHATTAN
70075568,2026-08-16T00:39:00.000,2026-08-16T01:22:09.000,NYPD,Noise - Street/Sidewalk,Loud Music/Party,Closed,BROOKLYN
70081887,2026-08-16T00:38:58.000,,NYPD,Animal-Abuse,Neglected,In Progress,BROOKLYN
70080613,2026-08-16T00:38:56.000,2026-08-16T01:07:56.000,NYPD,Noise - Street/Sidewalk,Loud Music/Party,Closed,BROOKLYN
70074862,2026-08-16T00:38:53.000,,NYPD,Noise - Street/Sidewalk,Loud Music/Party,In Progress,MANHATTAN
70077856,2026-08-16T00:38:46.000,2026-08-16T00:47:10.000,NYPD,Noise - Street/Sidewalk,Loud Music/Party,Closed,BRONX
70082402,2026-08-16T00:38:41.000,,NYPD,Illegal Parking,Blocked Hydrant,In Progress,QUEENS
70073591,2026-08-16T00:38:39.000,2026-08-16T00:52:42.000,NYPD,Noise - Residential,Loud Music/Party,Closed,MANHATTAN
70081789,2026-08-16T00:38:24.000,2026-08-16T01:16:35.000,NYPD,Noise - Vehicle,Engine Idling,Closed,MANHATTAN
70082522,2026-08-16T00:38:13.000,2026-08-16T00:54:13.000,NYPD,Noise - Street/Sidewalk,Loud Talking,Closed,QUEENS
70075356,2026-08-16T00:38:03.000,2026-08-16T00:48:08.000,NYPD,Noise - Street/Sidewalk,Loud Music/Party,Closed,BRONX
70077075,2026-08-16T00:38:01.000,,DOHMH,Rodent,Rat Sighting,In Progress,BROOKLYN
70076015,2026-08-16T00:37:50.000,,NYPD,Noise - Residential,Loud Talking,In Progress,QUEENS
70074759,2026-08-16T00:37:48.000,2026-08-16T01:03:34.000,NYPD,Noise - Residential,Loud Music/Party,Closed,QUEENS
70077787,2026-08-16T00:37:43.000,,NYPD,Noise - Street/Sidewalk,Loud Music/Party,In Progress,BRONX
70077840,2026-08-16T00:37:41.000,2026-08-16T01:16:38.000,NYPD,Noise - Residential,Loud Music/Party,Closed,BRONX
70076003,2026-08-16T00:37:32.000,,NYPD,Blocked Driveway,No Access,In Progress,QUEENS
70079093,2026-08-16T00:37:28.000,2026-08-16T01:03:27.000,NYPD,Noise - Street/Sidewalk,Loud Music/Party,Closed,BRONX
70074058,2026-08-16T00:37:15.000,2026-08-16T01:25:26.000,NYPD,Noise - Street/Sidewalk,Loud Music/Party,Closed,MANHATTAN
70074794,2026-08-16T00:37:14.000,2026-08-16T00:55:19.000,NYPD,Noise - Residential,Loud Television,Closed,QUEENS
70075571,2026-08-16T00:37:03.000,2026-08-16T01:22:06.000,NYPD,Noise - Street/Sidewalk,Loud Music/Party,Closed,BROOKLYN
70081184,2026-08-16T00:36:55.000,,NYPD,Blocked Driveway,No Access,In Progress,STATEN ISLAND
70074912,2026-08-16T00:36:34.000,,NYPD,Noise - Street/Sidewalk,Loud Music/Party,In Progress,MANHATTAN
70075486,2026-08-16T00:36:33.000,,NYPD,Noise - Street/Sidewalk,Loud Music/Party,In Progress,BROOKLYN
70075402,2026-08-16T00:35:51.000,,NYPD,Noise - Street/Sidewalk,Loud Music/Party,In Progress,BROOKLYN
70078162,2026-08-16T00:35:40.000,,TLC,Lost Property,Electronics/Phones,In Progress,MANHATTAN
70074239,2026-08-16T00:35:40.000,2026-08-16T01:11:21.000,NYPD,Noise - Residential,Loud Music/Party,Closed,BROOKLYN
70076181,2026-08-16T00:35:39.000,2026-08-16T00:59:55.000,NYPD,Noise - Street/Sidewalk,Loud Talking,Closed,MANHATTAN
70073378,2026-08-16T00:35:39.000,2026-08-16T00:50:50.000,NYPD,Drug Activity,Use Outside,Closed,QUEENS
70080644,2026-08-16T00:35:36.000,2026-08-16T01:37:10.000,NYPD,Noise - Residential,Loud Music/Party,Closed,BROOKLYN
70080961,2026-08-16T00:35:33.000,2026-08-16T01:19:27.000,NYPD,Encampment,N/A,Closed,MANHATTAN
70082376,2026-08-16T00:35:32.000,,NYPD,Blocked Driveway,No Access,In Progress,QUEENS
70073464,2026-08-16T00:35:27.000,,NYPD,Noise - Street/Sidewalk,Loud Talking,In Progress,QUEENS
70076819,2026-08-16T00:35:22.000,2026-08-16T01:11:50.000,NYPD,Noise - Residential,Loud Music/Party,Closed,BROOKLYN
70074077,2026-08-16T00:35:22.000,,NYPD,Illegal Parking,Commercial Overnight Parking,In Progress,BROOKLYN
70079649,2026-08-16T00:35:16.000,,NYPD,Noise - Residential,Banging/Pounding,In Progress,BROOKLYN
70073495,2026-08-16T00:35:12.000,2026-08-16T00:55:11.000,NYPD,Noise - Residential,Banging/Pounding,Closed,STATEN ISLAND
70078692,2026-08-16T00:35:07.000,2026-08-16T01:04:54.000,NYPD,Noise - Residential,Loud Music/Party,Closed,MANHATTAN
70075387,2026-08-16T00:35:06.000,,NYPD,Noise - Residential,Loud Talking,In Progress,BROOKLYN
70074326,2026-08-16T00:34:59.000,2026-08-16T01:28:57.000,NYPD,Noise - Street/Sidewalk,Loud Music/Party,Closed,BROOKLYN
70076877,2026-08-16T00:34:51.000,,NYPD,Noise - Street/Sidewalk,Loud Music/Party,In Progress,BROOKLYN
70079373,2026-08-16T00:34:44.000,2026-08-16T01:07:56.000,NYPD,Noise - Residential,Loud Music/Party,Closed,BROOKLYN
70079032,2026-08-16T00:34:36.000,,NYPD,Illegal Parking,Commercial Overnight Parking,In Progress,BRONX
70077260,2026-08-16T00:34:35.000,,NYPD,Illegal Parking,Blocked Hydrant,In Progress,QUEENS
70073254,2026-08-16T00:34:33.000,,NYPD,Noise - Residential,Banging/Pounding,In Progress,BROOKLYN
70076529,2026-08-16T00:34:23.000,,NYPD,Noise - Street/Sidewalk,Loud Music/Party,In Progress,BRONX
70079395,2026-08-16T00:34:20.000,2026-08-16T00:43:03.000,NYPD,Noise - Street/Sidewalk,Loud Music/Party,Closed,BROOKLYN
70072738,2026-08-16T00:34:20.000,2026-08-16T00:48:40.000,NYPD,Noise - Street/Sidewalk,Loud Music/Party,Closed,BRONX
70081071,2026-08-16T00:34:11.000,2026-08-16T00:52:18.000,NYPD,Noise - Residential,Loud Music/Party,Closed,QUEENS
70081924,2026-08-16T00:34:10.000,,NYPD,Noise - Street/Sidewalk,Loud Talking,In Progress,BROOKLYN
70076155,2026-08-16T00:34:10.000,,NYPD,Noise - Street/Sidewalk,Loud Music/Party,In Progress,MANHATTAN
70075435,2026-08-16T00:34:08.000,2026-08-16T00:51:51.000,NYPD,Noise - Residential,Loud Music/Party,Closed,BROOKLYN
70080295,2026-08-16T00:34:04.000,2026-08-16T00:47:03.000,NYPD,Noise - Street/Sidewalk,Loud Music/Party,Closed,BRONX
70073631,2026-08-16T00:34:03.000,2026-08-16T00:47:34.000,NYPD,Noise - Street/Sidewalk,Loud Music/Party,Closed,MANHATTAN
70074250,2026-08-16T00:33:51.000,2026-08-16T00:44:12.000,NYPD,Noise - Residential,Loud Music/Party,Closed,BROOKLYN
70077368,2026-08-16T00:33:38.000,2026-08-16T01:29:02.000,NYPD,Noise - Commercial,Loud Music/Party,Closed,STATEN ISLAND
70081981,2026-08-16T00:33:35.000,2026-08-16T00:54:20.000,NYPD,Noise - Street/Sidewalk,Loud Music/Party,Closed,BROOKLYN
70079236,2026-08-16T00:33:33.000,2026-08-16T00:57:18.000,NYPD,Noise - Residential,Loud Music/Party,Closed,BROOKLYN
70079883,2026-08-16T00:33:31.000,,NYPD,Noise - Residential,Banging/Pounding,In Progress,MANHATTAN
70079989,2026-08-16T00:33:28.000,,NYPD,Noise - Vehicle,Car/Truck Music,In Progress,BRONX
70073526,2026-08-16T00:33:20.000,,NYPD,Noise - Residential,Banging/Pounding,In Progress,MANHATTAN
70073944,2026-08-16T00:33:19.000,,NYPD,Noise - Street/Sidewalk,Loud Music/Party,In Progress,BRONX
70077958,2026-08-16T00:33:18.000,2026-08-16T00:43:43.000,NYPD,Noise - Commercial,Loud Talking,Closed,BROOKLYN
70073382,2026-08-16T00:33:02.000,2026-08-16T00:52:18.000,NYPD,Noise - Residential,Loud Music/Party,Closed,QUEENS
70081211,2026-08-16T00:33:01.000,2026-08-16T01:28:58.000,NYPD,Noise - Residential,Loud Music/Party,Closed,MANHATTAN
70082524,2026-08-16T00:32:59.000,2026-08-16T00:50:29.000,NYPD,Noise - Residential,Loud Music/Party,Closed,QUEENS
70075346,2026-08-16T00:32:57.000,2026-08-16T00:40:01.000,NYPD,Noise - Commercial,Banging/Pounding,Closed,BRONX
70077162,2026-08-16T00:32:57.000,,NYPD,Blocked Driveway,No Access,In Progress,QUEENS
70077554,2026-08-16T00:32:54.000,2026-08-16T00:50:16.000,NYPD,Noise - Residential,Loud Music/Party,Closed,QUEENS
70080959,2026-08-16T00:32:33.000,2026-08-16T01:35:22.000,NYPD,Noise - Residential,Loud Music/Party,Closed,QUEENS
70074626,2026-08-16T00:32:32.000,,NYPD,Noise - Residential,Loud Music/Party,In Progress,QUEENS
70081814,2026-08-16T00:32:16.000,,NYPD,Illegal Parking,Blocked Hydrant,In Progress,BROOKLYN
70080962,2026-08-16T00:32:15.000,,NYPD,Noise - Residential,Loud Music/Party,In Progress,MANHATTAN
70076576,2026-08-16T00:32:14.000,,NYPD,Noise - Street/Sidewalk,Loud Music/Party,In Progress,BRONX
70077870,2026-08-16T00:32:12.000,2026-08-16T01:03:41.000,NYPD,Noise - Street/Sidewalk,Loud Music/Party,Closed,BRONX
70078522,2026-08-16T00:32:10.000,,NYPD,Noise - Residential,Loud Music/Party,In Progress,QUEENS
70080989,2026-08-16T00:32:04.000,,NYPD,Illegal Parking,Commercial Overnight Parking,In Progress,QUEENS
70076530,2026-08-16T00:32:04.000,,NYPD,Noise - Street/Sidewalk,Loud Music/Party,In Progress,BRONX
70082312,2026-08-16T00:31:58.000,2026-08-16T01:00:00.000,NYPD,Noise - Street/Sidewalk,Loud Music/Party,Closed,QUEENS
70072727,2026-08-16T00:31:53.000,2026-08-16T00:40:10.000,NYPD,Noise - Commercial,Banging/Pounding,Closed,BRONX
70078990,2026-08-16T00:31:50.000,,DEP,Noise,Dog,In Progress,BROOKLYN
70077410,2026-08-16T00:31:49.000,2026-08-16T00:55:21.000,NYPD,Noise - Street/Sidewalk,Loud Music/Party,Closed,MANHATTAN
70079363,2026-08-16T00:31:44.000,2026-08-16T01:03:32.000,NYPD,Noise - Street/Sidewalk,Loud Music/Party,Closed,BROOKLYN
70079374,2026-08-16T00:31:44.000,2026-08-16T01:08:18.000,NYPD,Noise - Residential,Loud Music/Party,Closed,BROOKLYN
70077821,2026-08-16T00:31:39.000,2026-08-16T00:44:12.000,NYPD,Illegal Parking,Posted Parking Sign Violation,Closed,BRONX
70077556,2026-08-16T00:31:32.000,2026-08-16T01:08:12.000,NYPD,Blocked Driveway,No Access,Closed,QUEENS
70074132,2026-08-16T00:31:27.000,2026-08-16T00:49:50.000,NYPD,Noise - Residential,Loud Music/Party,Closed,BROOKLYN
70077237,2026-08-16T00:31:21.000,2026-08-16T01:03:48.000,NYPD,Illegal Parking,Posted Parking Sign Violation,Closed,QUEENS
70079683,2026-08-16T00:31:19.000,2026-08-16T01:11:25.000,NYPD,Noise - Residential,Loud Music/Party,Closed,QUEENS
70078712,2026-08-16T00:31:17.000,,NYPD,Noise - Street/Sidewalk,Loud Music/Party,In Progress,MANHATTAN
70075430,2026-08-16T00:31:17.000,,NYPD,Illegal Parking,Blocked Hydrant,In Progress,BROOKLYN
70077236,2026-08-16T00:31:10.000,2026-08-16T01:04:10.000,NYPD,Traffic,Congestion/Gridlock,Closed,QUEENS
70079871,2026-08-16T00:31:04.000,2026-08-16T01:48:17.000,NYPD,Noise - Street/Sidewalk,Loud Talking,Closed,STATEN ISLAND
70073004,2026-08-16T00:30:44.000,2026-08-16T01:28:55.000,NYPD,Noise - Street/Sidewalk,Loud Music/Party,Closed,BROOKLYN
70082412,2026-08-16T00:30:43.000,2026-08-16T01:31:11.000,NYPD,Noise - Residential,Loud Music/Party,Closed,QUEENS
70075337,2026-08-16T00:30:41.000,2026-08-16T00:42:44.000,NYPD,Noise - Street/Sidewalk,Loud Music/Party,Closed,BRONX
70079976,2026-08-16T00:30:32.000,,NYPD,Illegal Parking,Blocked Hydrant,In Progress,MANHATTAN
70079762,2026-08-16T00:30:21.000,2026-08-16T01:03:31.000,NYPD,Blocked Driveway,No Access,Closed,QUEENS
70079666,2026-08-16T00:30:14.000,2026-08-16T00:53:57.000,NYPD,Noise - Street/Sidewalk,Loud Music/Party,Closed,BRONX
70073270,2026-08-16T00:30:11.000,2026-08-16T00:42:44.000,NYPD,Noise - Residential,Loud Music/Party,Closed,QUEENS
70075863,2026-08-16T00:30:07.000,2026-08-16T00:45:05.000,NYPD,Noise - Street/Sidewalk,Loud Music/Party,Closed,BRONX
70074033,2026-08-16T00:30:01.000,2026-08-16T00:40:23.000,NYPD,Drinking,In Public,Closed,BRONX
70077194,2026-08-16T00:30:00.000,2026-08-16T01:34:53.000,NYPD,Noise - Commercial,Loud Music/Party,Closed,QUEENS
70076620,2026-08-16T00:29:57.000,2026-08-16T01:18:00.000,NYPD,Noise - Residential,Banging/Pounding,Closed,BRONX
70073672,2026-08-16T00:29:55.000,,DSNY,Dead Animal,Dog,In Progress,BRONX
70076137,2026-08-16T00:29:54.000,2026-08-16T00:59:41.000,NYPD,Noise - Commercial,Loud Music/Party,Closed,MANHATTAN
70081974,2026-08-16T00:29:53.000,,NYPD,Blocked Driveway,Partial Access,In Progress,BROOKLYN
70073449,2026-08-16T00:29:52.000,2026-08-16T00:48:25.000,NYPD,Noise - Residential,Loud Music/Party,Closed,QUEENS
70076842,2026-08-16T00:29:51.000,2026-08-16T00:57:47.000,NYPD,Noise - Residential,Loud Music/Party,Closed,BROOKLYN
70081958,2026-08-16T00:29:50.000,2026-08-16T00:42:53.000,NYPD,Illegal Parking,Posted Parking Sign Violation,Closed,BROOKLYN
70075284,2026-08-16T00:29:47.000,2026-08-16T00:42:18.000,NYPD,Noise - Street/Sidewalk,Loud Music/Party,Closed,BRONX
70073338,2026-08-16T00:29:41.000,2026-08-16T01:04:38.000,NYPD,Noise - Residential,Loud Music/Party,Closed,QUEENS
70081993,2026-08-16T00:29:35.000,,NYPD,Noise - Residential,Loud Music/Party,In Progress,BROOKLYN
70074588,2026-08-16T00:29:35.000,2026-08-16T00:59:52.000,NYPD,Noise - Street/Sidewalk,Loud Music/Party,Closed,QUEENS
70076574,2026-08-16T00:29:35.000,,NYPD,Noise - Street/Sidewalk,Loud Music/Party,In Progress,BRONX
70072938,2026-08-16T00:29:33.000,2026-08-16T00:54:47.000,NYPD,Noise - Street/Sidewalk,Loud Music/Party,Closed,BROOKLYN
70081286,2026-08-16T00:29:29.000,,NYPD,Illegal Parking,Blocked Hydrant,In Progress,MANHATTAN
70078617,2026-08-16T00:29:23.000,,NYPD,Noise - Residential,Loud Music/Party,In Progress,STATEN ISLAND
70075461,2026-08-16T00:29:13.000,2026-08-16T01:07:56.000,NYPD,Noise - Residential,Loud Music/Party,Closed,BROOKLYN
70073733,2026-08-16T00:29:02.000,2026-08-16T00:49:18.000,NYPD,Noise - Residential,Loud Music/Party,Closed,QUEENS
70078651,2026-08-16T00:29:00.000,2026-08-16T00:56:01.000,NYPD,Illegal Parking,Blocked Hydrant,Closed,MANHATTAN
70081763,2026-08-16T00:28:55.000,2026-08-16T00:34:01.000,NYPD,Noise - Residential,Loud Music/Party,Closed,BRONX
70076601,2026-08-16T00:28:49.000,2026-08-16T00:43:12.000,NYPD,Drinking,In Public,Closed,BRONX
70082504,2026-08-16T00:28:47.000,,NYPD,Noise - Commercial,Loud Music/Party,In Progress,QUEENS
70079371,2026-08-16T00:28:34.000,2026-08-16T01:03:32.000,NYPD,Noise - Residential,Loud Music/Party,Closed,BROOKLYN
70081895,2026-08-16T00:28:28.000,2026-08-16T00:43:51.000,NYPD,Noise - Commercial,Loud Music/Party,Closed,BROOKLYN
70079295,2026-08-16T00:28:19.000,,NYPD,Noise - Street/Sidewalk,Loud Music/Party,In Progress,BROOKLYN
70078381,2026-08-16T00:28:14.000,2026-08-16T00:53:57.000,NYPD,Noise - Street/Sidewalk,Loud Music/Party,Closed,BRONX
70078096,2026-08-16T00:28:14.000,,NYPD,Noise - Street/Sidewalk,Loud Music/Party,In Progress,BROOKLYN
70077463,2026-08-16T00:28:13.000,,NYPD,Noise - Residential,Loud Music/Party,In Progress,MANHATTAN
70081359,2026-08-16T00:28:08.000,,DSNY,Dirty Condition,Trash,In Progress,BROOKLYN
70082738,2026-08-16T00:27:52.000,,DOT,Outdoor Dining,Restaurant Status,In Progress,MANHATTAN
70082716,2026-08-16T00:27:50.000,,DSNY,Dirty Condition,Trash,In Progress,BRONX
70072720,2026-08-16T00:27:50.000,2026-08-16T00:43:42.000,NYPD,Noise - Street/Sidewalk,Loud Music/Party,Closed,BRONX
70079265,2026-08-16T00:27:45.000,2026-08-16T00:43:35.000,NYPD,Noise - Commercial,Loud Music/Party,Closed,BROOKLYN
70077263,2026-08-16T00:27:39.000,,NYPD,Blocked Driveway,No Access,In Progress,QUEENS
70078563,2026-08-16T00:27:38.000,2026-08-16T00:29:58.000,NYPD,Noise - Residential,Loud Music/Party,Closed,QUEENS
70075377,2026-08-16T00:27:26.000,,NYPD,Noise - Residential,Loud Music/Party,In Progress,BROOKLYN
70076600,2026-08-16T00:27:23.000,2026-08-16T00:48:07.000,NYPD,Drinking,In Public,Closed,BRONX
70078134,2026-08-16T00:27:06.000,,NYPD,Noise - Residential,Loud Music/Party,In Progress,BROOKLYN
70078755,2026-08-16T00:26:58.000,,DPR,Maintenance or Facility,Structure - Outdoors,In Progress,BRONX
70078400,2026-08-16T00:26:57.000,2026-08-16T00:53:19.000,NYPD,Noise - Residential,Loud Music/Party,Closed,MANHATTAN
70073442,2026-08-16T00:26:56.000,,NYPD,Noise - Residential,Loud Music/Party,In Progress,QUEENS
70078550,2026-08-16T00:26:53.000,,NYPD,Illegal Parking,Parking Permit Improper Use,In Progress,QUEENS
70075307,2026-08-16T00:26:50.000,2026-08-16T01:04:36.000,NYPD,Illegal Parking,Double Parked Blocking Traffic,Closed,BRONX
70076817,2026-08-16T00:26:49.000,2026-08-16T01:28:55.000,NYPD,Noise - Street/Sidewalk,Loud Music/Party,Closed,BROOKLYN
70075583,2026-08-16T00:26:36.000,2026-08-16T01:07:56.000,NYPD,Noise - Residential,Loud Music/Party,Closed,BROOKLYN
70078621,2026-08-16T00:26:34.000,,NYPD,Noise - Residential,Loud Television,In Progress,STATEN ISLAND
70073927,2026-08-16T00:26:29.000,,NYPD,Noise - Residential,Loud Music/Party,In Progress,BRONX
70080641,2026-08-16T00:26:28.000,2026-08-16T00:46:05.000,NYPD,Noise - Residential,Loud Music/Party,Closed,BROOKLYN
70077233,2026-08-16T00:26:26.000,2026-08-16T01:43:07.000,NYPD,Noise - Commercial,Loud Music/Party,Closed,QUEENS
70072768,2026-08-16T00:26:24.000,,NYPD,Blocked Driveway,No Access,In Progress,BROOKLYN
70074189,2026-08-16T00:26:15.000,,NYPD,Illegal Parking,Blocked Hydrant,In Progress,BROOKLYN
70077467,2026-08-16T00:26:04.000,,NYPD,Illegal Parking,Double Parked Blocking Traffic,In Progress,MANHATTAN
70072729,2026-08-16T00:25:57.000,2026-08-16T00:30:13.000,NYPD,Noise - Residential,Loud Television,Closed,BRONX
70077167,2026-08-16T00:25:39.000,2026-08-16T01:17:34.000,NYPD,Noise - Residential,Loud Music/Party,Closed,QUEENS
70081736,2026-08-16T00:25:31.000,,NYPD,Noise - Vehicle,Car/Truck Music,In Progress,BRONX
70081217,2026-08-16T00:25:30.000,,NYPD,Noise - Residential,Loud Music/Party,In Progress,MANHATTAN
70072724,2026-08-16T00:25:07.000,2026-08-16T00:40:13.000,NYPD,Noise - Street/Sidewalk,Loud Music/Party,Closed,BRONX
70077964,2026-08-16T00:24:52.000,,NYPD,Noise - Street/Sidewalk,Loud Music/Party,In Progress,BROOKLYN
70081998,2026-08-16T00:24:51.000,2026-08-16T01:25:02.000,NYPD,Noise - Street/Sidewalk,Loud Music/Party,Closed,BROOKLYN
70077301,2026-08-16T00:24:50.000,,NYPD,Noise - Vehicle,Engine Idling,In Progress,QUEENS
70081949,2026-08-16T00:24:46.000,,NYPD,Noise - Residential,Loud Music/Party,In Progress,BROOKLYN
70078040,2026-08-16T00:24:38.000,2026-08-16T01:11:19.000,NYPD,Illegal Parking,Double Parked Blocking Traffic,Closed,BROOKLYN
70082329,2026-08-16T00:24:37.000,2026-08-16T00:34:23.000,NYPD,Noise - Residential,Loud Music/Party,Closed,QUEENS
70074101,2026-08-16T00:24:19.000,2026-08-16T01:03:26.000,NYPD,Noise - Street/Sidewalk,Loud Music/Party,Unspecified,BROOKLYN
70080538,2026-08-16T00:24:14.000,,NYPD,Noise - Residential,Loud Music/Party,In Progress,BROOKLYN
70073408,2026-08-16T00:24:13.000,2026-08-16T00:52:06.000,NYPD,Noise - Residential,Banging/Pounding,Closed,QUEENS
70081991,2026-08-16T00:24:06.000,2026-08-16T01:04:23.000,NYPD,Noise - Residential,Loud Music/Party,Closed,BROOKLYN
70082005,2026-08-16T00:24:00.000,2026-08-16T00:31:10.000,NYPD,Noise - Residential,Loud Talking,Closed,BROOKLYN
70076626,2026-08-16T00:23:49.000,2026-08-16T00:51:20.000,NYPD,Noise - Street/Sidewalk,Loud Music/Party,Closed,BROOKLYN
70074047,2026-08-16T00:23:45.000,2026-08-16T01:05:27.000,NYPD,Noise - Street/Sidewalk,Loud Music/Party,Closed,BRONX
70076159,2026-08-16T00:23:37.000,,NYPD,Noise - Street/Sidewalk,Loud Music/Party,In Progress,MANHATTAN
70080625,2026-08-16T00:23:32.000,2026-08-16T00:55:10.000,NYPD,Noise - Residential,Loud Music/Party,Closed,BROOKLYN
70075032,2026-08-16T00:23:30.000,2026-08-16T01:43:43.000,NYPD,Noise - Residential,Loud Music/Party,Closed,QUEENS
70077469,2026-08-16T00:23:28.000,2026-08-16T00:47:29.000,NYPD,Noise - Street/Sidewalk,Loud Music/Party,Closed,MANHATTAN
70078052,2026-08-16T00:23:21.000,2026-08-16T01:11:32.000,NYPD,Noise - Residential,Loud Music/Party,Closed,BROOKLYN
70079336,2026-08-16T00:23:20.000,2026-08-16T01:11:20.000,NYPD,Noise - Residential,Loud Music/Party,Closed,BROOKLYN
70081782,2026-08-16T00:23:09.000,2026-08-16T00:42:33.000,NYPD,Noise - Residential,Loud Music/Party,Closed,BRONX
70082491,2026-08-16T00:22:59.000,2026-08-16T00:39:33.000,NYPD,Noise - Residential,Loud Music/Party,Closed,QUEENS
70077858,2026-08-16T00:22:53.000,2026-08-16T00:34:23.000,NYPD,Noise - Street/Sidewalk,Loud Music/Party,Closed,BRONX
70080493,2026-08-16T00:22:45.000,2026-08-16T00:44:22.000,NYPD,Noise - Residential,Loud Music/Party,Closed,BROOKLYN
70076047,2026-08-16T00:22:44.000,2026-08-16T00:42:32.000,NYPD,Noise - Residential,Loud Music/Party,Closed,QUEENS
70077126,2026-08-16T00:22:43.000,2026-08-16T00:57:26.000,NYPD,Noise - Street/Sidewalk,Loud Talking,Closed,QUEENS
70072579,2026-08-16T00:22:39.000,,DEP,Noise,Alarm,In Progress,BROOKLYN
70075409,2026-08-16T00:22:33.000,2026-08-16T01:03:28.000,NYPD,Noise - Residential,Loud Music/Party,Closed,BROOKLYN
70082525,2026-08-16T00:22:30.000,2026-08-16T00:46:01.000,NYPD,Noise - Residential,Loud Music/Party,Closed,QUEENS
70075923,2026-08-16T00:22:24.000,2026-08-16T00:27:14.000,NYPD,Noise - Street/Sidewalk,Loud Music/Party,Closed,QUEENS
70079930,2026-08-16T00:22:20.000,,NYPD,Noise - Street/Sidewalk,Loud Music/Party,In Progress,MANHATTAN
70075541,2026-08-16T00:22:08.000,2026-08-16T00:56:32.000,NYPD,Illegal Parking,Posted Parking Sign Violation,Closed,BROOKLYN
70073256,2026-08-16T00:21:56.000,2026-08-16T01:27:35.000,NYPD,Noise - Residential,Loud Talking,Closed,MANHATTAN
70077279,2026-08-16T00:21:51.000,,NYPD,Illegal Parking,Blocked Sidewalk,In Progress,QUEENS
70072839,2026-08-16T00:21:45.000,2026-08-16T00:43:08.000,NYPD,Illegal Parking,Commercial Overnight Parking,Closed,BROOKLYN
70077422,2026-08-16T00:21:37.000,,NYPD,Noise - Street/Sidewalk,Loud Talking,In Progress,MANHATTAN
70074597,2026-08-16T00:21:36.000,2026-08-16T00:54:08.000,NYPD,Noise - Residential,Loud Music/Party,Closed,MANHATTAN
70076623,2026-08-16T00:21:33.000,2026-08-16T00:52:59.000,NYPD,Noise - Residential,Loud Television,Closed,BRONX
70082600,2026-08-16T00:21:28.000,,NYPD,Noise - Street/Sidewalk,Loud Music/Party,In Progress,MANHATTAN
70075338,2026-08-16T00:21:21.000,2026-08-16T00:34:06.000,NYPD,Noise - Street/Sidewalk,Loud Music/Party,Closed,BRONX
70073956,2026-08-16T00:21:20.000,2026-08-16T01:07:58.000,NYPD,Noise - Street/Sidewalk,Loud Music/Party,Closed,BRONX
70074868,2026-08-16T00:21:19.000,,NYPD,Noise - Street/Sidewalk,Loud Music/Party,In Progress,MANHATTAN
70072626,2026-08-16T00:21:15.000,2026-08-16T00:50:34.000,NYPD,Illegal Parking,Double Parked Blocking Traffic,Closed,BRONX
70076531,2026-08-16T00:21:14.000,,NYPD,Noise - Street/Sidewalk,Loud Music/Party,In Progress,BRONX
70077998,2026-08-16T00:21:06.000,,NYPD,Blocked Driveway,No Access,In Progress,BROOKLYN
70078386,2026-08-16T00:20:55.000,2026-08-16T01:22:46.000,NYPD,Noise - Residential,Banging/Pounding,Closed,BRONX
70079073,2026-08-16T00:20:51.000,,NYPD,Noise - Street/Sidewalk,Loud Music/Party,In Progress,BRONX
70081164,2026-08-16T00:20:48.000,,NYPD,Blocked Driveway,Partial Access,In Progress,QUEENS
70077966,2026-08-16T00:20:43.000,,NYPD,Noise - Residential,Banging/Pounding,In Progress,BROOKLYN
70078701,2026-08-16T00:20:40.000,2026-08-16T00:59:00.000,NYPD,Noise - Street/Sidewalk,Loud Music/Party,Closed,MANHATTAN
70072723,2026-08-16T00:20:39.000,2026-08-16T00:34:11.000,NYPD,Noise - Street/Sidewalk,Loud Music/Party,Closed,BRONX
70075563,2026-08-16T00:20:22.000,,NYPD,Noise - Residential,Loud Music/Party,In Progress,BROOKLYN
70079917,2026-08-16T00:20:16.000,,NYPD,Illegal Parking,Posted Parking Sign Violation,In Progress,MANHATTAN
70078683,2026-08-16T00:20:07.000,,NYPD,Noise - Vehicle,Car/Truck Music,In Progress,MANHATTAN
70081790,2026-08-16T00:20:05.000,2026-08-16T01:16:29.000,NYPD,Noise - Vehicle,Engine Idling,Closed,MANHATTAN
70082599,2026-08-16T00:20:04.000,,NYPD,Noise - Street/Sidewalk,Loud Music/Party,In Progress,MANHATTAN
70077747,2026-08-16T00:20:01.000,2026-08-16T00:50:56.000,NYPD,Illegal Parking,Blocked Hydrant,Closed,BRONX
70073490,2026-08-16T00:20:00.000,,NYPD,Noise - Street/Sidewalk,Loud Music/Party,In Progress,STATEN ISLAND
70080373,2026-08-16T00:19:59.000,2026-08-16T00:45:09.000,NYPD,Noise - Residential,Banging/Pounding,Closed,BRONX
70077965,2026-08-16T00:19:58.000,,NYPD,Noise - Residential,Loud Music/Party,In Progress,BROOKLYN
70080582,2026-08-16T00:19:55.000,2026-08-16T00:51:47.000,NYPD,Noise - Street/Sidewalk,Loud Music/Party,Closed,BROOKLYN
70073296,2026-08-16T00:19:49.000,2026-08-16T01:41:33.000,NYPD,Noise - Residential,Loud Talking,Closed,QUEENS
70074329,2026-08-16T00:19:42.000,,NYPD,Noise - Residential,Loud Music/Party,In Progress,BROOKLYN
70075926,2026-08-16T00:19:34.000,2026-08-16T00:55:57.000,NYPD,Noise - Residential,Loud Music/Party,Closed,QUEENS
70078495,2026-08-16T00:19:30.000,2026-08-16T01:00:24.000,NYPD,Noise - Residential,Loud Music/Party,Closed,QUEENS
70075867,2026-08-16T00:19:27.000,,NYPD,Noise - Street/Sidewalk,Loud Music/Party,In Progress,QUEENS
70075343,2026-08-16T00:19:21.000,2026-08-16T00:43:25.000,NYPD,Noise - Residential,Loud Music/Party,Closed,BRONX
70078392,2026-08-16T00:19:12.000,2026-08-16T01:03:29.000,NYPD,Noise - Street/Sidewalk,Loud Music/Party,Closed,QUEENS
70076820,2026-08-16T00:19:09.000,2026-08-16T01:08:03.000,NYPD,Noise - Residential,Loud Music/Party,Closed,BROOKLYN
70073618,2026-08-16T00:19:06.000,,NYPD,Noise - Vehicle,Car/Truck Music,In Progress,MANHATTAN
70075973,2026-08-16T00:18:54.000,2026-08-16T00:29:10.000,NYPD,Noise - Residential,Loud Music/Party,Closed,QUEENS
70078051,2026-08-16T00:18:33.000,2026-08-16T00:44:47.000,NYPD,Noise - Residential,Loud Music/Party,Closed,BROOKLYN
70076199,2026-08-16T00:18:28.000,,NYPD,Noise - Street/Sidewalk,Loud Music/Party,In Progress,MANHATTAN
70078117,2026-08-16T00:18:23.000,2026-08-16T00:39:36.000,NYPD,Noise - Commercial,Car/Truck Horn,Closed,BROOKLYN
70079150,2026-08-16T00:18:15.000,2026-08-16T00:33:55.000,NYPD,Noise - Street/Sidewalk,Loud Music/Party,Closed,BRONX
70075311,2026-08-16T00:18:13.000,2026-08-16T00:45:14.000,NYPD,Illegal Parking,Blocked Hydrant,Closed,BRONX
70082014,2026-08-16T00:18:10.000,2026-08-16T01:28:55.000,NYPD,Noise - Residential,Loud Music/Party,Closed,BROOKLYN
70081258,2026-08-16T00:18:05.000,,NYPD,Noise - Street/Sidewalk,Loud Music/Party,In Progress,MANHATTAN
70080713,2026-08-16T00:17:58.000,,DOHMH,Food Establishment,Sewage,In Progress,MANHATTAN
70072743,2026-08-16T00:17:58.000,2026-08-16T01:03:33.000,NYPD,Noise - Residential,Banging/Pounding,Closed,BRONX
70082486,2026-08-16T00:17:50.000,2026-08-16T00:28:03.000,NYPD,Noise - Residential,Loud Music/Party,Closed,QUEENS
70076616,2026-08-16T00:17:27.000,2026-08-16T01:08:06.000,NYPD,Noise - Residential,Loud Music/Party,Closed,BRONX
70081812,2026-08-16T00:17:11.000,,NYPD,Noise - Residential,Loud Talking,In Progress,BROOKLYN
70074889,2026-08-16T00:17:09.000,2026-08-16T00:19:25.000,NYPD,Noise - Street/Sidewalk,Loud Music/Party,Closed,MANHATTAN
70073302,2026-08-16T00:17:05.000,2026-08-16T01:17:34.000,NYPD,Noise - Residential,Loud Music/Party,Closed,QUEENS
70072998,2026-08-16T00:16:51.000,2026-08-16T00:29:49.000,NYPD,Noise - Commercial,Loud Music/Party,Closed,MANHATTAN
70075859,2026-08-16T00:16:48.000,2026-08-16T00:36:26.000,NYPD,Noise - Street/Sidewalk,Loud Music/Party,Closed,MANHATTAN
70077872,2026-08-16T00:16:46.000,2026-08-16T00:48:47.000,NYPD,Noise - Residential,Loud Music/Party,Closed,BRONX
70081171,2026-08-16T00:16:41.000,2026-08-16T01:16:37.000,NYPD,Blocked Driveway,No Access,Closed,QUEENS
70072783,2026-08-16T00:16:38.000,2026-08-16T00:28:25.000,NYPD,Noise - Residential,Loud Music/Party,Closed,BROOKLYN
70074564,2026-08-16T00:16:31.000,,NYPD,Noise - Residential,Loud Music/Party,In Progress,BROOKLYN
70075896,2026-08-16T00:16:28.000,2026-08-16T01:35:56.000,NYPD,Blocked Driveway,No Access,Closed,QUEENS
70077416,2026-08-16T00:16:18.000,2026-08-16T00:27:10.000,NYPD,Noise - Street/Sidewalk,Loud Music/Party,Closed,MANHATTAN
70077716,2026-08-16T00:16:18.000,2026-08-16T01:11:22.000,NYPD,Noise - Street/Sidewalk,Loud Music/Party,Closed,BRONX
70081656,2026-08-16T00:16:12.000,,NYPD,Noise - Street/Sidewalk,Loud Music/Party,In Progress,BRONX
70075434,2026-08-16T00:16:09.000,2026-08-16T00:40:07.000,NYPD,Noise - Residential,Loud Music/Party,Closed,BROOKLYN
70074098,2026-08-16T00:16:07.000,,NYPD,Noise - Residential,Loud Music/Party,In Progress,BROOKLYN
70079065,2026-08-16T00:16:06.000,2026-08-16T00:42:48.000,NYPD,Noise - Residential,Loud Music/Party,Closed,BRONX
70077453,2026-08-16T00:16:03.000,2026-08-16T00:53:43.000,NYPD,Noise - Street/Sidewalk,Loud Music/Party,Closed,MANHATTAN
70081654,2026-08-16T00:16:01.000,,NYPD,Noise - Street/Sidewalk,Loud Music/Party,In Progress,BRONX
70075361,2026-08-16T00:15:52.000,2026-08-16T00:47:00.000,NYPD,Noise - Residential,Loud Music/Party,Closed,BRONX
70081661,2026-08-16T00:15:43.000,2026-08-16T00:35:40.000,NYPD,Noise - Vehicle,Car/Truck Music,Closed,BRONX
70072781,2026-08-16T00:15:40.000,,NYPD,Noise - Residential,Loud Music/Party,In Progress,BROOKLYN
70072655,2026-08-16T00:15:39.000,,NYPD,Noise - Residential,Loud Music/Party,In Progress,BRONX
70077294,2026-08-16T00:15:33.000,2026-08-16T00:29:48.000,NYPD,Noise - Residential,Loud Music/Party,Closed,QUEENS
70074869,2026-08-16T00:15:30.000,,NYPD,Noise - Street/Sidewalk,Loud Music/Party,In Progress,MANHATTAN
70074901,2026-08-16T00:15:29.000,2026-08-16T01:11:19.000,NYPD,Noise - Street/Sidewalk,Loud Music/Party,Closed,MANHATTAN
70079971,2026-08-16T00:15:25.000,,NYPD,Noise - Street/Sidewalk,Loud Music/Party,In Progress,MANHATTAN
70082545,2026-08-16T00:15:18.000,2026-08-16T00:54:44.000,NYPD,Noise - Residential,Loud Music/Party,Closed,STATEN ISLAND
70074563,2026-08-16T00:15:05.000,,NYPD,Noise - Residential,Loud Music/Party,In Progress,BROOKLYN
70080751,2026-08-16T00:15:00.000,,DOT,Street Light Condition,Street Light Out,Open,MANHATTAN
70079256,2026-08-16T00:14:45.000,2026-08-16T00:41:11.000,NYPD,Noise - Residential,Loud Music/Party,Closed,BROOKLYN
70074572,2026-08-16T00:14:45.000,2026-08-16T00:59:10.000,NYPD,Noise - Street/Sidewalk,Loud Music/Party,Closed,MANHATTAN
70073617,2026-08-16T00:14:41.000,,NYPD,Noise - Vehicle,Car/Truck Music,In Progress,MANHATTAN
70081260,2026-08-16T00:14:39.000,,NYPD,Noise - Street/Sidewalk,Loud Music/Party,In Progress,MANHATTAN
70082366,2026-08-16T00:14:38.000,2026-08-16T01:22:27.000,NYPD,Noise - Residential,Loud Music/Party,Closed,QUEENS
70074870,2026-08-16T00:14:24.000,,NYPD,Noise - Street/Sidewalk,Loud Music/Party,In Progress,MANHATTAN
70079175,2026-08-16T00:14:20.000,2026-08-16T00:48:47.000,NYPD,Noise - Residential,Loud Music/Party,Closed,BRONX
70077792,2026-08-16T00:14:20.000,2026-08-16T00:39:36.000,NYPD,Noise - Vehicle,Car/Truck Music,Closed,BRONX
70082011,2026-08-16T00:14:06.000,2026-08-16T00:40:24.000,NYPD,Noise - Residential,Loud Music/Party,Closed,BROOKLYN
70081793,2026-08-16T00:14:03.000,2026-08-16T00:47:33.000,NYPD,Noise - Residential,Banging/Pounding,Closed,BROOKLYN
70078097,2026-08-16T00:14:03.000,,NYPD,Illegal Parking,Posted Parking Sign Violation,In Progress,BROOKLYN
70078151,2026-08-16T00:14:03.000,,DOHMH,Food Establishment,Bare Hands in Contact w/ Food,In Progress,BROOKLYN
70075226,2026-08-16T00:13:55.000,2026-08-16T00:35:16.000,NYPD,Noise - Residential,Loud Music/Party,Closed,BRONX
70081015,2026-08-16T00:13:50.000,2026-08-16T01:28:53.000,NYPD,Noise - Residential,Loud Music/Party,Closed,QUEENS
70073693,2026-08-16T00:13:49.000,,DSNY,Illegal Dumping,Removal Request,In Progress,QUEENS
70080321,2026-08-16T00:13:46.000,,NYPD,Noise - Street/Sidewalk,Loud Music/Party,In Progress,BRONX
70076203,2026-08-16T00:13:46.000,,NYPD,Illegal Parking,Double Parked Blocking Traffic,In Progress,MANHATTAN
70074625,2026-08-16T00:13:38.000,,NYPD,Noise - Residential,Loud Music/Party,In Progress,QUEENS
70072605,2026-08-16T00:13:34.000,2026-08-16T00:41:41.000,NYPD,Noise - Residential,Banging/Pounding,Closed,BRONX
70078457,2026-08-16T00:13:31.000,2026-08-16T00:42:21.000,NYPD,Noise - Vehicle,Car/Truck Music,Closed,QUEENS
70074674,2026-08-16T00:13:30.000,2026-08-16T00:43:36.000,NYPD,Noise - Residential,Loud Music/Party,Closed,QUEENS
70076723,2026-08-16T00:13:28.000,2026-08-16T00:40:20.000,NYPD,Noise - Residential,Loud Music/Party,Closed,BROOKLYN
70079080,2026-08-16T00:13:28.000,,NYPD,Noise - Residential,Banging/Pounding,In Progress,BRONX
70079358,2026-08-16T00:13:26.000,2026-08-16T01:04:43.000,NYPD,Noise - Residential,Loud Music/Party,Closed,BROOKLYN
70077656,2026-08-16T00:13:25.000,,DEP,Water Maintenance,Fire Hydrant Running Full,In Progress,BRONX
70082500,2026-08-16T00:13:16.000,2026-08-16T01:44:44.000,NYPD,Illegal Parking,Blocked Crosswalk,Closed,QUEENS
70074029,2026-08-16T00:13:16.000,2026-08-16T00:43:24.000,NYPD,Noise - Residential,Loud Music/Party,Closed,BRONX
70081277,2026-08-16T00:13:15.000,2026-08-16T00:43:46.000,NYPD,Noise - Residential,Loud Music/Party,Closed,MANHATTAN
70081759,2026-08-16T00:12:59.000,2026-08-16T00:34:12.000,NYPD,Noise - Street/Sidewalk,Loud Music/Party,Closed,BRONX
70079356,2026-08-16T00:12:59.000,2026-08-16T01:04:05.000,NYPD,Noise - Residential,Loud Music/Party,Closed,BROOKLYN
70075340,2026-08-16T00:12:52.000,2026-08-16T00:33:59.000,NYPD,Noise - Street/Sidewalk,Loud Music/Party,Closed,BRONX
70079412,2026-08-16T00:12:51.000,2026-08-16T00:29:59.000,NYPD,Noise - Commercial,Loud Music/Party,Closed,MANHATTAN
70079317,2026-08-16T00:12:41.000,2026-08-16T00:40:36.000,NYPD,Blocked Driveway,No Access,Closed,BROOKLYN
70078708,2026-08-16T00:12:35.000,,NYPD,Noise - Vehicle,Car/Truck Music,In Progress,MANHATTAN
70079151,2026-08-16T00:12:33.000,2026-08-16T00:34:47.000,NYPD,Noise - Residential,Loud Music/Party,Closed,MANHATTAN
70078598,2026-08-16T00:12:30.000,2026-08-16T00:36:57.000,NYPD,Noise - Residential,Loud Talking,Closed,QUEENS
70081073,2026-08-16T00:12:25.000,2026-08-16T01:46:48.000,NYPD,Noise - Residential,Loud Music/Party,Closed,QUEENS
70075315,2026-08-16T00:12:18.000,,NYPD,Noise - Residential,Banging/Pounding,In Progress,BRONX
70075438,2026-08-16T00:12:17.000,2026-08-16T00:41:02.000,NYPD,Noise - Residential,Loud Music/Party,Closed,BROOKLYN
70078688,2026-08-16T00:12:09.000,,NYPD,Noise - Residential,Loud Talking,In Progress,MANHATTAN
70079750,2026-08-16T00:11:59.000,,NYPD,Illegal Parking,Blocked Hydrant,In Progress,QUEENS
70081875,2026-08-16T00:11:53.000,2026-08-16T00:29:38.000,NYPD,Noise - Residential,Loud Music/Party,Closed,BROOKLYN
70080398,2026-08-16T00:11:51.000,,NYPD,Noise - Residential,Loud Music/Party,In Progress,MANHATTAN
70080689,2026-08-16T00:11:49.000,2026-08-16T01:48:32.000,NYPD,Noise - Residential,Loud Music/Party,Closed,BROOKLYN
70081262,2026-08-16T00:11:49.000,,NYPD,Noise - Street/Sidewalk,Loud Music/Party,In Progress,MANHATTAN
70076596,2026-08-16T00:11:47.000,2026-08-16T00:43:25.000,NYPD,Noise - Residential,Loud Music/Party,Closed,BRONX
70078152,2026-08-16T00:11:46.000,,DOHMH,Food Establishment,Allergy Information,In Progress,MANHATTAN
70081209,2026-08-16T00:11:27.000,,NYPD,Noise - Street/Sidewalk,Loud Music/Party,In Progress,MANHATTAN
70079037,2026-08-16T00:11:01.000,2026-08-16T01:11:20.000,NYPD,Noise - Street/Sidewalk,Loud Music/Party,Closed,BRONX
70079692,2026-08-16T00:10:56.000,2026-08-16T01:04:48.000,NYPD,Illegal Parking,Blocked Hydrant,Closed,QUEENS
70073466,2026-08-16T00:10:53.000,,NYPD,Noise - Residential,Loud Music/Party,In Progress,QUEENS
70077273,2026-08-16T00:10:48.000,2026-08-16T00:40:09.000,NYPD,Illegal Parking,Commercial Overnight Parking,Closed,QUEENS
70077658,2026-08-16T00:10:30.000,,DEP,Water Maintenance,Fire Hydrant Running Full,In Progress,BROOKLYN
70074097,2026-08-16T00:10:25.000,,NYPD,Noise - Residential,Loud Music/Party,In Progress,BROOKLYN
70076030,2026-08-16T00:09:59.000,,NYPD,Non-Emergency Police Matter,Other (complaint details),In Progress,QUEENS
70080336,2026-08-16T00:09:52.000,2026-08-16T00:35:35.000,NYPD,Illegal Parking,Commercial Overnight Parking,Closed,BRONX
70076844,2026-08-16T00:09:48.000,2026-08-16T00:11:17.000,NYPD,Noise - Residential,Loud Music/Party,Closed,BROOKLYN
70081704,2026-08-16T00:09:46.000,2026-08-16T00:23:01.000,NYPD,Noise - Residential,Loud Music/Party,Closed,BRONX
70077784,2026-08-16T00:09:45.000,,NYPD,Noise - Street/Sidewalk,Loud Music/Party,In Progress,BRONX
70075550,2026-08-16T00:09:37.000,2026-08-16T01:07:59.000,NYPD,Noise - Residential,Loud Music/Party,Closed,BROOKLYN
70075348,2026-08-16T00:09:37.000,2026-08-16T00:36:29.000,NYPD,Illegal Parking,Blocked Hydrant,Closed,BRONX
70081105,2026-08-16T00:09:35.000,,NYPD,Noise - Street/Sidewalk,Loud Music/Party,In Progress,QUEENS
70081013,2026-08-16T00:09:34.000,2026-08-16T01:22:09.000,NYPD,Noise - Residential,Loud Music/Party,Closed,QUEENS
70081140,2026-08-16T00:09:32.000,2026-08-16T00:27:21.000,NYPD,Blocked Driveway,No Access,Closed,QUEENS
70080606,2026-08-16T00:09:30.000,2026-08-16T00:27:14.000,NYPD,Noise - Residential,Loud Talking,Closed,BROOKLYN
70079228,2026-08-16T00:09:30.000,2026-08-16T01:41:30.000,NYPD,Illegal Fireworks,N/A,Closed,BROOKLYN
70080367,2026-08-16T00:09:28.000,2026-08-16T00:56:57.000,NYPD,Noise - Street/Sidewalk,Loud Music/Party,Closed,BRONX
70079220,2026-08-16T00:09:23.000,,NYPD,Noise - Residential,Loud Music/Party,In Progress,BROOKLYN
70079063,2026-08-16T00:09:11.000,2026-08-16T00:54:57.000,NYPD,Noise - Residential,Loud Music/Party,Closed,BRONX
70081877,2026-08-16T00:09:10.000,2026-08-16T00:29:16.000,NYPD,Illegal Parking,Double Parked Blocking Traffic,Closed,BROOKLYN
70080344,2026-08-16T00:08:40.000,,NYPD,Illegal Parking,Posted Parking Sign Violation,In Progress,BRONX
70074278,2026-08-16T00:08:40.000,2026-08-16T01:48:44.000,NYPD,Blocked Driveway,No Access,Closed,BROOKLYN
70079759,2026-08-16T00:08:28.000,2026-08-16T00:30:14.000,NYPD,Noise - Residential,Loud Music/Party,Closed,QUEENS
70074911,2026-08-16T00:08:27.000,,NYPD,Noise - Street/Sidewalk,Loud Music/Party,In Progress,MANHATTAN
70080305,2026-08-16T00:08:20.000,,NYPD,Noise - Vehicle,Car/Truck Music,In Progress,BRONX
70082622,2026-08-16T00:08:06.000,2026-08-16T00:16:17.000,NYPD,Noise - Residential,Loud Music/Party,Closed,MANHATTAN
70073948,2026-08-16T00:08:00.000,,NYPD,Noise - Residential,Loud Music/Party,In Progress,BRONX
70077815,2026-08-16T00:07:50.000,2026-08-16T00:48:23.000,NYPD,Noise - Residential,Loud Music/Party,Closed,BRONX
70077888,2026-08-16T00:07:44.000,,NYPD,Noise - Residential,Loud Music/Party,In Progress,BROOKLYN
70074043,2026-08-16T00:07:41.000,2026-08-16T00:27:08.000,NYPD,Noise - Street/Sidewalk,Loud Music/Party,Closed,BRONX
70076708,2026-08-16T00:07:28.000,2026-08-16T01:16:34.000,NYPD,Noise - Commercial,Loud Music/Party,Closed,BROOKLYN
70080447,2026-08-16T00:07:23.000,,NYPD,Illegal Parking,Commercial Overnight Parking,In Progress,BROOKLYN
70080600,2026-08-16T00:07:15.000,2026-08-16T00:27:07.000,NYPD,Noise - Street/Sidewalk,Loud Talking,Closed,BROOKLYN
70082102,2026-08-16T00:07:06.000,,DOT,Sidewalk Condition,Sidewalk Staircase,In Progress,MANHATTAN
70079219,2026-08-16T00:07:04.000,,NYPD,Noise - Residential,Loud Music/Party,In Progress,BROOKLYN
70076855,2026-08-16T00:06:50.000,2026-08-16T00:27:04.000,NYPD,Illegal Parking,Blocked Hydrant,Closed,BROOKLYN
70075424,2026-08-16T00:06:43.000,2026-08-16T00:39:36.000,NYPD,Noise - Residential,Banging/Pounding,Closed,BROOKLYN
70072751,2026-08-16T00:06:40.000,2026-08-16T00:27:02.000,NYPD,Noise - Commercial,Banging/Pounding,Closed,BROOKLYN
70076908,2026-08-16T00:05:53.000,,DOHMH,Food Establishment,Bare Hands in Contact w/ Food,In Progress,MANHATTAN
70081072,2026-08-16T00:05:49.000,2026-08-16T00:51:22.000,NYPD,Noise - Residential,Loud Music/Party,Closed,QUEENS
70081855,2026-08-16T00:05:38.000,2026-08-16T01:12:20.000,NYPD,Noise - Residential,Loud Music/Party,Closed,BROOKLYN
70072590,2026-08-16T00:05:25.000,2026-08-16T01:42:20.000,NYPD,Noise - Street/Sidewalk,Loud Music/Party,Closed,BRONX
70079943,2026-08-16T00:05:21.000,2026-08-16T00:27:07.000,NYPD,Noise - Street/Sidewalk,Loud Music/Party,Closed,MANHATTAN
70074257,2026-08-16T00:05:21.000,2026-08-16T01:04:45.000,NYPD,Noise - Residential,Loud Music/Party,Closed,BROOKLYN
70072865,2026-08-16T00:05:20.000,,DOT,Street Condition,Cave-in,In Progress,MANHATTAN
70074649,2026-08-16T00:05:20.000,2026-08-16T01:22:51.000,NYPD,Noise - Street/Sidewalk,Loud Talking,Closed,QUEENS
70072643,2026-08-16T00:05:18.000,,NYPD,Illegal Parking,Double Parked Blocking Traffic,In Progress,BRONX
70075273,2026-08-16T00:05:04.000,,NYPD,Noise - Street/Sidewalk,Loud Music/Party,In Progress,BRONX
70074010,2026-08-16T00:04:55.000,2026-08-16T01:40:17.000,NYPD,Noise - Residential,Loud Music/Party,Closed,MANHATTAN
70074745,2026-08-16T00:04:43.000,2026-08-16T00:48:21.000,NYPD,Noise - Residential,Loud Music/Party,Closed,QUEENS
70077951,2026-08-16T00:04:39.000,2026-08-16T01:48:18.000,NYPD,Noise - Residential,Loud Music/Party,Closed,MANHATTAN
70075232,2026-08-16T00:04:26.000,,NYPD,Blocked Driveway,No Access,In Progress,BRONX
70076836,2026-08-16T00:04:24.000,2026-08-16T00:05:29.000,NYPD,Noise - Street/Sidewalk,Loud Talking,Closed,BROOKLYN
70074185,2026-08-16T00:04:21.000,,NYPD,Noise - Street/Sidewalk,Loud Music/Party,In Progress,BROOKLYN
70080623,2026-08-16T00:04:18.000,2026-08-16T01:04:37.000,NYPD,Noise - Residential,Loud Music/Party,Closed,BROOKLYN
70082013,2026-08-16T00:04:05.000,2026-08-16T00:40:38.000,NYPD,Noise - Residential,Loud Music/Party,Closed,BROOKLYN
70076033,2026-08-16T00:04:05.000,,NYPD,Noise - Residential,Loud Music/Party,In Progress,QUEENS
70081889,2026-08-16T00:03:59.000,2026-08-16T00:33:45.000,NYPD,Noise - Street/Sidewalk,Loud Music/Party,Closed,BROOKLYN
70081259,2026-08-16T00:03:53.000,,NYPD,Noise - Street/Sidewalk,Loud Music/Party,In Progress,MANHATTAN
70075880,2026-08-16T00:03:53.000,,NYPD,Noise - Commercial,Loud Talking,In Progress,MANHATTAN
70075487,2026-08-16T00:03:42.000,,NYPD,Noise - Residential,Loud Music/Party,In Progress,BROOKLYN
70081674,2026-08-16T00:03:33.000,,NYPD,Noise - Residential,Loud Music/Party,In Progress,BRONX
70078308,2026-08-16T00:03:20.000,,DHS,Homeless Person Assistance,Non-Chronic,In Progress,MANHATTAN
70081122,2026-08-16T00:03:00.000,,NYPD,Noise - Street/Sidewalk,Loud Music/Party,In Progress,QUEENS
70076151,2026-08-16T00:02:43.000,,NYPD,Noise - Street/Sidewalk,Loud Music/Party,In Progress,MANHATTAN
70075556,2026-08-16T00:02:41.000,2026-08-16T00:34:01.000,NYPD,Noise - Street/Sidewalk,Loud Music/Party,Closed,BROOKLYN
70076701,2026-08-16T00:02:34.000,2026-08-16T01:12:14.000,NYPD,Noise - Residential,Loud Music/Party,Closed,BROOKLYN
70077848,2026-08-16T00:02:26.000,2026-08-16T01:23:15.000,NYPD,Blocked Driveway,No Access,Closed,MANHATTAN
70082498,2026-08-16T00:02:25.000,2026-08-16T00:27:40.000,NYPD,Blocked Driveway,No Access,Closed,QUEENS
70076024,2026-08-16T00:02:19.000,2026-08-16T00:23:07.000,NYPD,Noise - Residential,Loud Music/Party,Closed,QUEENS
70077174,2026-08-16T00:02:16.000,2026-08-16T00:27:06.000,NYPD,Noise - Residential,Loud Music/Party,Closed,QUEENS
70075344,2026-08-16T00:02:13.000,2026-08-16T00:39:38.000,NYPD,Noise - Residential,Loud Music/Party,Closed,BRONX
70075357,2026-08-16T00:02:12.000,2026-08-16T00:48:20.000,NYPD,Noise - Residential,Loud Talking,Closed,BRONX
70074140,2026-08-16T00:02:06.000,2026-08-16T01:48:32.000,NYPD,Noise - Residential,Loud Music/Party,Closed,MANHATTAN
70072746,2026-08-16T00:02:05.000,2026-08-16T01:22:11.000,NYPD,Illegal Parking,Blocked Hydrant,Closed,BRONX
70079843,2026-08-16T00:02:04.000,2026-08-16T00:59:20.000,NYPD,Noise - Street/Sidewalk,Loud Talking,Closed,QUEENS
70073485,2026-08-16T00:02:04.000,2026-08-16T00:09:34.000,NYPD,Noise - Vehicle,Car/Truck Horn,Closed,QUEENS
70078678,2026-08-16T00:01:56.000,2026-08-16T00:27:08.000,NYPD,Noise - Street/Sidewalk,Loud Music/Party,Closed,MANHATTAN
70079077,2026-08-16T00:01:42.000,,NYPD,Noise - Residential,Loud Music/Party,In Progress,BRONX
70076700,2026-08-16T00:01:38.000,2026-08-16T01:22:10.000,NYPD,Noise - Residential,Loud Music/Party,Closed,BROOKLYN
70076160,2026-08-16T00:01:36.000,,NYPD,Noise - Street/Sidewalk,Loud Music/Party,In Progress,MANHATTAN
70075316,2026-08-16T00:01:22.000,,NYPD,Illegal Parking,Blocked Sidewalk,In Progress,BRONX
70074735,2026-08-16T00:01:12.000,,NYPD,Noise - Street/Sidewalk,Loud Talking,In Progress,QUEENS
70078036,2026-08-16T00:01:11.000,2026-08-16T00:28:39.000,NYPD,Noise - Residential,Loud Music/Party,Closed,BROOKLYN
70073947,2026-08-16T00:01:04.000,,NYPD,Noise - Residential,Loud Music/Party,In Progress,BRONX
70077571,2026-08-16T00:01:00.000,,DOT,Traffic Signal Condition,Controller,Open,MANHATTAN
70075553,2026-08-16T00:00:57.000,2026-08-16T01:03:27.000,NYPD,Noise - Commercial,Loud Music/Party,Closed,BROOKLYN
70075642,2026-08-16T00:00:55.000,,DOHMH,Food Establishment,Rodents/Insects/Garbage,In Progress,MANHATTAN
70079115,2026-08-16T00:00:48.000,,NYPD,Noise - Street/Sidewalk,Loud Music/Party,In Progress,BRONX
70072889,2026-08-16T00:00:39.000,2026-08-16T00:27:15.000,NYPD,Noise - Residential,Banging/Pounding,Closed,BROOKLYN
70076536,2026-08-16T00:00:30.000,,NYPD,Noise - Residential,Loud Music/Party,In Progress,BRONX
70073411,2026-08-16T00:00:25.000,2026-08-16T00:06:20.000,NYPD,Noise - Commercial,Loud Music/Party,Closed,QUEENS
70073356,2026-08-16T00:00:25.000,,NYPD,Blocked Driveway,Partial Access,In Progress,QUEENS
70072750,2026-08-16T00:00:23.000,2026-08-16T00:04:12.000,NYPD,Noise - Residential,Loud Talking,Closed,BROOKLYN
70082292,2026-08-16T00:00:03.000,2026-08-16T00:51:58.000,NYPD,Noise - Residential,Loud Music/Party,Closed,MANHATTAN
70075018,2026-08-15T23:59:55.000,2026-08-16T00:05:30.000,DSNY,Vendor Enforcement,Food Vendor,Closed,MANHATTAN
70076589,2026-08-15T23:59:54.000,2026-08-16T00:48:34.000,NYPD,Noise - Street/Sidewalk,Loud Music/Party,Closed,BRONX
70073896,2026-08-15T23:59:52.000,,NYPD,Noise - Street/Sidewalk,Loud Music/Party,In Progress,BRONX
70076533,2026-08-15T23:59:46.000,,NYPD,Noise - Street/Sidewalk,Loud Music/Party,In Progress,BRONX
70081756,2026-08-15T23:59:41.000,2026-08-16T00:12:58.000,NYPD,Noise - Street/Sidewalk,Loud Music/Party,Closed,BRONX
70074805,2026-08-15T23:59:38.000,2026-08-16T00:57:23.000,NYPD,Noise - Residential,Loud Music/Party,Closed,STATEN ISLAND
70076652,2026-08-15T23:59:36.000,,NYPD,Illegal Parking,Blocked Hydrant,In Progress,BROOKLYN
70073246,2026-08-15T23:59:31.000,2026-08-16T00:28:16.000,NYPD,Noise - Residential,Loud Music/Party,Closed,BROOKLYN
70082138,2026-08-15T23:59:24.000,,HPD,WATER LEAK,SLOW LEAK,Open,BRONX
70077110,2026-08-15T23:59:22.000,2026-08-16T00:22:54.000,NYPD,Noise - Residential,Loud Talking,Closed,BROOKLYN
70077295,2026-08-15T23:59:20.000,2026-08-16T00:11:35.000,NYPD,Noise - Residential,Loud Music/Party,Closed,QUEENS
70077159,2026-08-15T23:59:13.000,,NYPD,Noise - Residential,Loud Music/Party,In Progress,QUEENS
70079848,2026-08-15T23:59:06.000,2026-08-16T01:29:03.000,NYPD,Blocked Driveway,No Access,Closed,QUEENS
70077855,2026-08-15T23:59:05.000,2026-08-16T00:33:58.000,NYPD,Noise - Street/Sidewalk,Loud Music/Party,Closed,BRONX
70074154,2026-08-15T23:59:01.000,2026-08-16T00:58:07.000,NYPD,Illegal Parking,Blocked Hydrant,Closed,BROOKLYN
70075941,2026-08-15T23:58:55.000,2026-08-16T01:48:16.000,NYPD,Noise - Residential,Loud Music/Party,Closed,QUEENS
70078459,2026-08-15T23:58:52.000,2026-08-16T00:41:12.000,NYPD,Noise - Residential,Loud Music/Party,Closed,QUEENS
70074701,2026-08-15T23:58:48.000,,NYPD,Blocked Driveway,Partial Access,In Progress,QUEENS
70082457,2026-08-15T23:58:34.000,,NYPD,Noise - Residential,Loud Music/Party,In Progress,QUEENS
70079050,2026-08-15T23:58:29.000,,NYPD,Noise - Residential,Loud Music/Party,In Progress,BRONX
70078742,2026-08-15T23:58:19.000,2026-08-16T00:29:48.000,NYPD,Noise - Residential,Loud Music/Party,Closed,BRONX
70077864,2026-08-15T23:58:08.000,2026-08-16T00:33:59.000,NYPD,Illegal Parking,Blocked Hydrant,Closed,BRONX
70074867,2026-08-15T23:58:03.000,,NYPD,Noise - Street/Sidewalk,Loud Music/Party,In Progress,MANHATTAN
70072845,2026-08-15T23:57:59.000,2026-08-16T00:06:15.000,NYPD,Noise - Street/Sidewalk,Loud Music/Party,Closed,BROOKLYN
70075404,2026-08-15T23:57:58.000,,NYPD,Noise - Residential,Loud Music/Party,In Progress,BROOKLYN
70079653,2026-08-15T23:57:53.000,2026-08-16T00:51:53.000,NYPD,Noise - Residential,Loud Music/Party,Closed,MANHATTAN
70074788,2026-08-15T23:57:44.000,2026-08-16T00:59:31.000,NYPD,Noise - Street/Sidewalk,Loud Music/Party,Closed,QUEENS
70072718,2026-08-15T23:57:39.000,2026-08-16T00:12:58.000,NYPD,Noise - Street/Sidewalk,Loud Music/Party,Closed,BRONX
70073582,2026-08-15T23:57:29.000,2026-08-16T00:01:28.000,NYPD,Noise - Commercial,Loud Music/Party,Closed,MANHATTAN
70072888,2026-08-15T23:57:29.000,2026-08-16T00:27:25.000,NYPD,Noise - Residential,Banging/Pounding,Closed,BROOKLYN
70078130,2026-08-15T23:57:13.000,2026-08-16T01:48:17.000,NYPD,Noise - Residential,Loud Music/Party,Closed,BROOKLYN
70075358,2026-08-15T23:57:11.000,2026-08-16T00:16:22.000,NYPD,Noise - Residential,Loud Music/Party,Closed,BRONX
70081797,2026-08-15T23:57:07.000,,NYPD,Noise - Residential,Loud Music/Party,In Progress,BROOKLYN
70072640,2026-08-15T23:57:03.000,,NYPD,Noise - Residential,Banging/Pounding,In Progress,BRONX
70076818,2026-08-15T23:57:01.000,2026-08-16T01:08:00.000,NYPD,Noise - Residential,Loud Music/Party,Closed,BROOKLYN
70079962,2026-08-15T23:56:55.000,2026-08-16T00:15:57.000,NYPD,Noise - Street/Sidewalk,Loud Music/Party,Closed,MANHATTAN
70075360,2026-08-15T23:56:52.000,2026-08-16T00:14:09.000,NYPD,Noise - Residential,Loud Music/Party,Closed,BRONX
70079218,2026-08-15T23:56:39.000,,NYPD,Noise - Residential,Loud Talking,In Progress,BROOKLYN
70077865,2026-08-15T23:56:33.000,2026-08-16T00:34:00.000,NYPD,Illegal Parking,Blocked Hydrant,Closed,BRONX
70078689,2026-08-15T23:56:32.000,2026-08-16T00:43:18.000,NYPD,Noise - Street/Sidewalk,Loud Music/Party,Closed,MANHATTAN
70074339,2026-08-15T23:56:28.000,,DOHMH,Food Establishment,Kitchen/Food Prep Area,In Progress,MANHATTAN
70075742,2026-08-15T23:56:26.000,,HPD,UNSANITARY CONDITION,MOLD,Open,MANHATTAN
70074679,2026-08-15T23:56:26.000,2026-08-16T00:29:29.000,NYPD,Traffic,Drag Racing,Closed,QUEENS
70078743,2026-08-15T23:56:24.000,2026-08-16T00:23:10.000,NYPD,Noise - Residential,Loud Music/Party,Closed,BRONX
70078082,2026-08-15T23:56:22.000,2026-08-16T00:40:08.000,NYPD,Noise - Residential,Loud Music/Party,Closed,BROOKLYN
70073527,2026-08-15T23:56:17.000,2026-08-16T01:33:26.000,NYPD,Noise - Commercial,Loud Music/Party,Closed,MANHATTAN
70081787,2026-08-15T23:56:12.000,2026-08-16T01:22:04.000,NYPD,Illegal Parking,Posted Parking Sign Violation,Closed,BRONX
70074473,2026-08-15T23:56:08.000,,HPD,HEAT/HOT WATER,APARTMENT ONLY,Open,BROOKLYN
70079755,2026-08-15T23:56:07.000,2026-08-16T00:58:01.000,NYPD,Noise - Street/Sidewalk,Loud Music/Party,Closed,QUEENS
70082337,2026-08-15T23:56:06.000,,NYPD,Noise - Residential,Loud Music/Party,In Progress,QUEENS
70079739,2026-08-15T23:55:56.000,2026-08-16T00:42:01.000,NYPD,Noise - Residential,Loud Music/Party,Closed,QUEENS
70076519,2026-08-15T23:55:51.000,2026-08-16T00:42:47.000,NYPD,Noise - Residential,Loud Music/Party,Closed,BRONX
70082543,2026-08-15T23:55:41.000,2026-08-16T00:05:10.000,NYPD,Noise - Residential,Loud Music/Party,Closed,STATEN ISLAND
70072634,2026-08-15T23:55:38.000,,NYPD,Noise - Street/Sidewalk,Loud Music/Party,In Progress,BRONX
70077230,2026-08-15T23:55:34.000,2026-08-16T01:03:31.000,NYPD,Noise - Residential,Loud Music/Party,Closed,QUEENS
70079239,2026-08-15T23:55:33.000,2026-08-16T00:22:52.000,NYPD,Noise - Residential,Loud Music/Party,Closed,BROOKLYN
70082634,2026-08-15T23:55:28.000,,NYPD,Illegal Parking,Blocked Hydrant,In Progress,MANHATTAN
70077854,2026-08-15T23:55:27.000,2026-08-16T00:12:56.000,NYPD,Noise - Street/Sidewalk,Loud Music/Party,Closed,BRONX
70081755,2026-08-15T23:55:19.000,2026-08-16T00:44:10.000,NYPD,Noise - Street/Sidewalk,Loud Music/Party,Closed,BRONX
70077061,2026-08-15T23:55:16.000,,DHS,Homeless Person Assistance,Non-Chronic,In Progress,MANHATTAN
70073551,2026-08-15T23:55:14.000,2026-08-16T00:16:15.000,NYPD,Noise - Residential,Loud Music/Party,Closed,MANHATTAN
70073416,2026-08-15T23:55:07.000,,NYPD,Blocked Driveway,Partial Access,In Progress,QUEENS
70078785,2026-08-15T23:55:00.000,,DSNY,Obstruction,Weeds or Grass,In Progress,BROOKLYN
70073946,2026-08-15T23:54:54.000,,NYPD,Noise - Street/Sidewalk,Loud Music/Party,In Progress,BRONX
70078044,2026-08-15T23:54:53.000,2026-08-16T00:39:38.000,NYPD,Noise - Residential,Loud Music/Party,Closed,BROOKLYN
70076185,2026-08-15T23:54:42.000,2026-08-16T00:53:12.000,NYPD,Noise - Street/Sidewalk,Loud Music/Party,Closed,MANHATTAN
70074291,2026-08-15T23:54:40.000,2026-08-16T01:16:54.000,NYPD,Illegal Parking,Posted Parking Sign Violation,Closed,BROOKLYN
70080404,2026-08-15T23:54:39.000,2026-08-16T00:12:56.000,NYPD,Noise - Street/Sidewalk,Loud Music/Party,Closed,BRONX
70075881,2026-08-15T23:54:27.000,,NYPD,Illegal Parking,Posted Parking Sign Violation,In Progress,MANHATTAN
70081753,2026-08-15T23:54:26.000,2026-08-16T00:33:54.000,NYPD,Noise - Street/Sidewalk,Loud Music/Party,Closed,BRONX
70072810,2026-08-15T23:54:17.000,,NYPD,Non-Emergency Police Matter,Other (complaint details),In Progress,BROOKLYN
70075518,2026-08-15T23:54:13.000,2026-08-16T00:15:25.000,NYPD,Noise - Residential,Loud Music/Party,Closed,BROOKLYN
70078500,2026-08-15T23:53:52.000,2026-08-16T01:17:28.000,NYPD,Illegal Parking,Double Parked Blocking Traffic,Closed,QUEENS
70080300,2026-08-15T23:53:46.000,2026-08-16T00:41:03.000,NYPD,Noise - Residential,Loud Music/Party,Closed,BRONX
70073911,2026-08-15T23:53:46.000,,NYPD,Noise - Street/Sidewalk,Loud Music/Party,In Progress,BRONX
70082620,2026-08-15T23:53:37.000,2026-08-16T00:52:54.000,NYPD,Noise - Street/Sidewalk,Loud Music/Party,Closed,MANHATTAN
70079148,2026-08-15T23:53:35.000,2026-08-16T00:36:31.000,NYPD,Noise - Street/Sidewalk,Loud Music/Party,Closed,BRONX
70079429,2026-08-15T23:53:18.000,,NYPD,Noise - Residential,Loud Music/Party,In Progress,BROOKLYN
70072596,2026-08-15T23:53:15.000,2026-08-16T00:28:26.000,NYPD,Animal-Abuse,Neglected,Closed,BRONX
70076987,2026-08-15T23:53:06.000,,HPD,UNSANITARY CONDITION,PESTS,Open,MANHATTAN
70076943,2026-08-15T23:53:00.000,,DOT,Street Light Condition,Street Light Out,Open,BROOKLYN
70073474,2026-08-15T23:52:56.000,2026-08-16T00:49:56.000,NYPD,Noise - Commercial,Loud Music/Party,Closed,QUEENS
70076888,2026-08-15T23:52:55.000,,NYPD,Noise - Street/Sidewalk,Loud Music/Party,In Progress,BROOKLYN
70080688,2026-08-15T23:52:48.000,2026-08-16T01:28:52.000,NYPD,Noise - Residential,Loud Music/Party,Closed,BROOKLYN
70076815,2026-08-15T23:52:30.000,2026-08-16T00:54:05.000,NYPD,Noise - Street/Sidewalk,Loud Music/Party,Closed,BROOKLYN
70081266,2026-08-15T23:52:27.000,2026-08-16T01:28:55.000,NYPD,Noise - Street/Sidewalk,Loud Music/Party,Closed,MANHATTAN
70074042,2026-08-15T23:52:09.000,2026-08-16T00:48:35.000,NYPD,Noise - Street/Sidewalk,Loud Music/Party,Closed,BRONX
70081292,2026-08-15T23:52:02.000,2026-08-16T00:17:51.000,NYPD,Noise - Street/Sidewalk,Loud Music/Party,Closed,MANHATTAN
70079381,2026-08-15T23:51:59.000,,NYPD,Illegal Parking,Blocked Hydrant,In Progress,BROOKLYN
70081289,2026-08-15T23:51:56.000,2026-08-16T00:53:28.000,NYPD,Noise - Street/Sidewalk,Loud Music/Party,Closed,MANHATTAN
70073592,2026-08-15T23:51:37.000,2026-08-16T00:14:36.000,NYPD,Noise - Residential,Loud Music/Party,Closed,MANHATTAN
70078407,2026-08-15T23:51:34.000,2026-08-16T00:33:53.000,NYPD,Noise - Street/Sidewalk,Loud Talking,Closed,MANHATTAN
70075519,2026-08-15T23:51:33.000,2026-08-16T00:15:32.000,NYPD,Noise - Residential,Loud Music/Party,Closed,BROOKLYN
70072606,2026-08-15T23:51:28.000,2026-08-16T00:27:03.000,NYPD,Noise - Residential,Banging/Pounding,Closed,BRONX
70074141,2026-08-15T23:51:23.000,2026-08-16T01:48:31.000,NYPD,Noise - Residential,Loud Music/Party,Closed,MANHATTAN
70076630,2026-08-15T23:50:59.000,2026-08-16T00:09:40.000,NYPD,Illegal Parking,Posted Parking Sign Violation,Closed,BROOKLYN
70074108,2026-08-15T23:50:52.000,2026-08-16T01:41:29.000,NYPD,Illegal Fireworks,N/A,Closed,BROOKLYN
70077454,2026-08-15T23:50:51.000,2026-08-16T00:16:38.000,NYPD,Noise - Residential,Loud Music/Party,Closed,MANHATTAN
70082552,2026-08-15T23:50:25.000,,NYPD,Noise - Residential,Loud Music/Party,In Progress,STATEN ISLAND
70073613,2026-08-15T23:50:25.000,2026-08-16T00:34:38.000,NYPD,Noise - Commercial,Loud Talking,Closed,MANHATTAN
70081244,2026-08-15T23:50:24.000,2026-08-16T00:46:22.000,NYPD,Noise - Vehicle,Car/Truck Music,Closed,MANHATTAN
70079945,2026-08-15T23:50:21.000,2026-08-16T00:09:38.000,NYPD,Noise - Street/Sidewalk,Loud Music/Party,Closed,MANHATTAN
70073406,2026-08-15T23:50:21.000,2026-08-16T01:48:18.000,NYPD,Noise - Residential,Loud Music/Party,Closed,QUEENS
70080371,2026-08-15T23:50:03.000,2026-08-15T23:51:14.000,NYPD,Noise - Residential,Loud Music/Party,Closed,BRONX
70073553,2026-08-15T23:49:58.000,,NYPD,Noise - Street/Sidewalk,Loud Music/Party,In Progress,MANHATTAN
70080619,2026-08-15T23:49:55.000,2026-08-16T01:03:27.000,NYPD,Noise - Commercial,Loud Music/Party,Closed,BROOKLYN
70075414,2026-08-15T23:49:49.000,2026-08-16T01:43:14.000,NYPD,Noise - Street/Sidewalk,Loud Music/Party,Closed,BROOKLYN
70082064,2026-08-15T23:49:45.000,2026-08-16T01:41:34.000,NYPD,Noise - Residential,Loud Music/Party,Closed,BROOKLYN
70081192,2026-08-15T23:49:37.000,,NYPD,Noise - Residential,Banging/Pounding,In Progress,STATEN ISLAND
70080341,2026-08-15T23:49:36.000,,NYPD,Noise - Street/Sidewalk,Loud Music/Party,In Progress,BRONX
70077724,2026-08-15T23:49:31.000,2026-08-15T23:59:12.000,NYPD,Noise - Street/Sidewalk,Loud Music/Party,Closed,BRONX
70079422,2026-08-15T23:49:15.000,2026-08-16T01:28:55.000,NYPD,Noise - Residential,Loud Music/Party,Closed,BROOKLYN
70079346,2026-08-15T23:49:13.000,2026-08-16T01:03:28.000,NYPD,Noise - Street/Sidewalk,Loud Music/Party,Closed,BROOKLYN
70073362,2026-08-15T23:48:51.000,2026-08-16T00:05:12.000,NYPD,Noise - Residential,Loud Music/Party,Closed,QUEENS
70079727,2026-08-15T23:48:46.000,2026-08-16T00:42:23.000,NYPD,Noise - Street/Sidewalk,Loud Music/Party,Closed,QUEENS
70080027,2026-08-15T23:48:44.000,,DSNY,Dumpster Complaint,Overflowing dumpster,In Progress,MANHATTAN
70075374,2026-08-15T23:48:41.000,2026-08-16T00:23:01.000,NYPD,Noise - Residential,Banging/Pounding,Closed,BROOKLYN
70072824,2026-08-15T23:48:39.000,2026-08-16T01:48:19.000,NYPD,Noise - Residential,Banging/Pounding,Closed,MANHATTAN
70081888,2026-08-15T23:48:33.000,2026-08-15T23:59:38.000,NYPD,Noise - Street/Sidewalk,Loud Music/Party,Closed,BROOKLYN
70081083,2026-08-15T23:48:31.000,,NYPD,Illegal Parking,Posted Parking Sign Violation,In Progress,QUEENS
70078698,2026-08-15T23:48:24.000,2026-08-16T00:20:14.000,NYPD,Noise - Street/Sidewalk,Loud Music/Party,Closed,MANHATTAN
70074252,2026-08-15T23:48:20.000,2026-08-16T01:03:27.000,NYPD,Noise - Commercial,Loud Music/Party,Closed,BROOKLYN
70080976,2026-08-15T23:48:18.000,2026-08-16T00:33:58.000,NYPD,Noise - Residential,Loud Music/Party,Closed,QUEENS
70080942,2026-08-15T23:48:04.000,,NYPD,Noise - Residential,Loud Talking,In Progress,BROOKLYN
70080630,2026-08-15T23:47:56.000,2026-08-16T00:11:40.000,NYPD,Noise - Street/Sidewalk,Loud Talking,Closed,BROOKLYN
70082454,2026-08-15T23:47:50.000,2026-08-16T01:22:09.000,NYPD,Illegal Parking,Commercial Overnight Parking,Closed,QUEENS
70075416,2026-08-15T23:47:50.000,2026-08-16T01:41:30.000,NYPD,Illegal Fireworks,N/A,Closed,BROOKLYN
70076517,2026-08-15T23:47:42.000,2026-08-16T00:42:44.000,NYPD,Noise - Residential,Loud Music/Party,Closed,BRONX
70079270,2026-08-15T23:47:39.000,,NYPD,Noise - Residential,Loud Music/Party,In Progress,BROOKLYN
70079797,2026-08-15T23:47:37.000,,NYPD,Blocked Driveway,No Access,In Progress,QUEENS
70080302,2026-08-15T23:47:26.000,2026-08-16T00:27:03.000,NYPD,Noise - Residential,Banging/Pounding,Closed,BRONX
70075352,2026-08-15T23:47:24.000,,NYPD,Illegal Parking,Blocked Hydrant,In Progress,BRONX
70075927,2026-08-15T23:47:19.000,2026-08-16T00:26:33.000,NYPD,Noise - Residential,Loud Music/Party,Closed,QUEENS
70079340,2026-08-15T23:47:04.000,2026-08-16T00:39:36.000,NYPD,Noise - Commercial,Loud Talking,Closed,BROOKLYN
70073914,2026-08-15T23:47:03.000,,NYPD,Noise - Residential,Loud Music/Party,In Progress,BRONX
70079234,2026-08-15T23:46:55.000,2026-08-16T00:00:52.000,NYPD,Noise - Street/Sidewalk,Loud Music/Party,Closed,BROOKLYN
70078055,2026-08-15T23:46:55.000,2026-08-16T01:03:27.000,NYPD,Noise - Commercial,Loud Music/Party,Closed,BROOKLYN
70074046,2026-08-15T23:46:51.000,2026-08-15T23:59:07.000,NYPD,Noise - Street/Sidewalk,Loud Music/Party,Closed,BRONX
70082336,2026-08-15T23:46:47.000,,NYPD,Noise - Residential,Loud Talking,In Progress,QUEENS
70075588,2026-08-15T23:46:45.000,,NYPD,Illegal Parking,Blocked Crosswalk,In Progress,BROOKLYN
70079062,2026-08-15T23:46:40.000,2026-08-16T00:42:38.000,NYPD,Noise - Residential,Loud Music/Party,Closed,BRONX
70075520,2026-08-15T23:46:28.000,2026-08-16T00:01:28.000,NYPD,Noise - Residential,Loud Music/Party,Closed,BROOKLYN
70072682,2026-08-15T23:46:21.000,2026-08-16T00:27:25.000,NYPD,Noise - Street/Sidewalk,Loud Music/Party,Closed,BRONX
70074026,2026-08-15T23:46:09.000,2026-08-16T00:12:51.000,NYPD,Noise - Street/Sidewalk,Loud Music/Party,Closed,BRONX
70076325,2026-08-15T23:46:06.000,,DOT,Street Condition,Pothole,Open,BROOKLYN
70079793,2026-08-15T23:45:58.000,,NYPD,Noise - Residential,Loud Music/Party,In Progress,QUEENS
70079834,2026-08-15T23:45:55.000,2026-08-15T23:59:57.000,NYPD,Noise - Street/Sidewalk,Loud Music/Party,Closed,QUEENS
70072908,2026-08-15T23:45:45.000,,NYPD,Noise - Commercial,Loud Music/Party,In Progress,BROOKLYN
70074223,2026-08-15T23:45:41.000,,NYPD,Noise - Residential,Loud Music/Party,In Progress,BROOKLYN
70076810,2026-08-15T23:45:39.000,2026-08-16T01:11:22.000,NYPD,Noise - Residential,Loud Music/Party,Closed,BROOKLYN
70074655,2026-08-15T23:45:33.000,,NYPD,Blocked Driveway,No Access,In Progress,QUEENS
70074796,2026-08-15T23:45:08.000,2026-08-16T00:17:44.000,NYPD,Illegal Parking,Blocked Hydrant,Closed,QUEENS
70078663,2026-08-15T23:45:08.000,2026-08-16T00:10:44.000,NYPD,Noise - Street/Sidewalk,Loud Music/Party,Closed,MANHATTAN
70075666,2026-08-15T23:45:00.000,,DOT,Sidewalk Condition,Sidewalk Staircase,In Progress,MANHATTAN
70076591,2026-08-15T23:44:50.000,2026-08-16T00:12:51.000,NYPD,Noise - Street/Sidewalk,Loud Music/Party,Closed,BRONX
70075033,2026-08-15T23:44:44.000,2026-08-16T01:10:58.000,NYPD,Noise - Residential,Loud Music/Party,Closed,QUEENS
70075227,2026-08-15T23:44:34.000,2026-08-16T00:27:03.000,NYPD,Noise - Residential,Banging/Pounding,Closed,BRONX
70073916,2026-08-15T23:44:29.000,2026-08-16T01:07:58.000,NYPD,Noise - Street/Sidewalk,Loud Music/Party,Closed,BRONX
70079810,2026-08-15T23:44:25.000,2026-08-16T00:16:43.000,NYPD,Blocked Driveway,No Access,Closed,QUEENS
70072932,2026-08-15T23:44:19.000,2026-08-16T00:05:43.000,NYPD,Noise - Commercial,Loud Music/Party,Closed,BROOKLYN
70074054,2026-08-15T23:43:54.000,2026-08-16T00:39:37.000,NYPD,Illegal Parking,Blocked Hydrant,Closed,BRONX
70078552,2026-08-15T23:43:53.000,2026-08-16T00:56:13.000,NYPD,Noise - Street/Sidewalk,Loud Music/Party,Closed,QUEENS
70076830,2026-08-15T23:43:51.000,2026-08-16T00:27:16.000,NYPD,Noise - Commercial,Loud Music/Party,Closed,BROOKLYN
70076689,2026-08-15T23:43:45.000,2026-08-16T01:41:34.000,NYPD,Illegal Fireworks,N/A,Closed,BROOKLYN
70072823,2026-08-15T23:43:21.000,2026-08-16T01:48:21.000,NYPD,Noise - Residential,Loud Music/Party,Closed,MANHATTAN
70078076,2026-08-15T23:43:19.000,2026-08-16T00:19:14.000,NYPD,Noise - Residential,Loud Music/Party,Closed,BROOKLYN
70078453,2026-08-15T23:43:09.000,,NYPD,Illegal Parking,Blocked Hydrant,In Progress,QUEENS
70079276,2026-08-15T23:43:07.000,2026-08-16T00:06:22.000,NYPD,Noise - Residential,Loud Music/Party,Closed,BROOKLYN
70078540,2026-08-15T23:43:01.000,2026-08-16T01:18:29.000,NYPD,Noise - Residential,Loud Music/Party,Closed,QUEENS
70073983,2026-08-15T23:43:01.000,2026-08-16T00:42:45.000,NYPD,Illegal Parking,Commercial Overnight Parking,Closed,BRONX
70082576,2026-08-15T23:42:55.000,2026-08-16T00:22:57.000,NYPD,Noise - Residential,Loud Music/Party,Closed,MANHATTAN
70075858,2026-08-15T23:42:55.000,2026-08-15T23:59:19.000,NYPD,Noise - Street/Sidewalk,Loud Music/Party,Closed,MANHATTAN
70076034,2026-08-15T23:42:49.000,,NYPD,Illegal Parking,Blocked Hydrant,In Progress,QUEENS
70077175,2026-08-15T23:42:43.000,2026-08-16T00:26:50.000,NYPD,Noise - Residential,Loud Music/Party,Closed,QUEENS
70079950,2026-08-15T23:42:36.000,2026-08-16T00:34:13.000,NYPD,Illegal Parking,Blocked Bike Lane,Closed,MANHATTAN
70080649,2026-08-15T23:42:36.000,2026-08-16T00:05:00.000,NYPD,Noise - Commercial,Loud Music/Party,Closed,BROOKLYN
70079860,2026-08-15T23:42:32.000,,NYPD,Noise - Residential,Loud Music/Party,In Progress,STATEN ISLAND
70074955,2026-08-15T23:42:30.000,,DSNY,Residential Disposal Complaint,Waste Not Separated,In Progress,BROOKLYN
70079940,2026-08-15T23:42:21.000,2026-08-16T00:29:10.000,NYPD,Noise - Street/Sidewalk,Loud Talking,Closed,MANHATTAN
70076317,2026-08-15T23:42:05.000,2026-08-16T01:08:26.000,NYPD,Noise - Residential,Loud Music/Party,Closed,QUEENS
70078020,2026-08-15T23:42:02.000,2026-08-15T23:59:10.000,NYPD,Illegal Fireworks,N/A,Closed,BROOKLYN
70076183,2026-08-15T23:41:58.000,2026-08-16T00:16:59.000,NYPD,Noise - Street/Sidewalk,Loud Music/Party,Closed,MANHATTAN
70077813,2026-08-15T23:41:55.000,2026-08-15T23:50:44.000,NYPD,Noise - Street/Sidewalk,Loud Music/Party,Closed,BRONX
70077809,2026-08-15T23:41:35.000,2026-08-16T00:57:05.000,NYPD,Noise - Street/Sidewalk,Loud Music/Party,Closed,BRONX
70081117,2026-08-15T23:41:33.000,2026-08-16T00:11:52.000,NYPD,Blocked Driveway,No Access,Closed,QUEENS
70074762,2026-08-15T23:41:28.000,2026-08-15T23:59:10.000,NYPD,Noise - Residential,Loud Music/Party,Closed,QUEENS
70072668,2026-08-15T23:41:22.000,,NYPD,Noise - Residential,Banging/Pounding,In Progress,BRONX
70081948,2026-08-15T23:41:05.000,,NYPD,Illegal Parking,License Plate Obscured,In Progress,BROOKLYN
70075249,2026-08-15T23:41:04.000,,NYPD,Noise - Residential,Loud Music/Party,In Progress,BRONX
70079533,2026-08-15T23:41:01.000,,HPD,PLUMBING,WATER SUPPLY,Open,BRONX
70078244,2026-08-15T23:41:01.000,,HPD,PLUMBING,WATER SUPPLY,Open,BRONX
70076473,2026-08-15T23:40:53.000,2026-08-16T00:09:37.000,NYPD,Noise - Street/Sidewalk,Loud Music/Party,Closed,BRONX
70081017,2026-08-15T23:40:50.000,2026-08-16T01:22:06.000,NYPD,Illegal Fireworks,N/A,Closed,QUEENS
70072886,2026-08-15T23:40:40.000,2026-08-16T00:02:12.000,NYPD,Noise - Street/Sidewalk,Loud Music/Party,Closed,BROOKLYN
70082291,2026-08-15T23:40:36.000,2026-08-15T23:44:02.000,NYPD,Noise - Residential,Loud Talking,Closed,MANHATTAN
70076153,2026-08-15T23:40:30.000,2026-08-16T00:09:37.000,NYPD,Noise - Vehicle,Car/Truck Music,Closed,MANHATTAN
70072641,2026-08-15T23:40:28.000,,NYPD,Noise - Residential,Banging/Pounding,In Progress,BRONX
70073572,2026-08-15T23:40:25.000,,NYPD,Noise - Street/Sidewalk,Loud Music/Party,In Progress,MANHATTAN
70077093,2026-08-15T23:40:18.000,,DPR,Dead/Dying Tree,Planted More Than 2 Years Ago,In Progress,BROOKLYN
70080662,2026-08-15T23:40:13.000,2026-08-16T00:45:20.000,NYPD,Noise - Residential,Loud Music/Party,Closed,BROOKLYN
70073603,2026-08-15T23:40:13.000,2026-08-16T00:17:51.000,NYPD,Noise - Street/Sidewalk,Loud Music/Party,Closed,MANHATTAN
70078779,2026-08-15T23:40:00.000,,DSNY,Residential Disposal Complaint,Waste Not Separated,In Progress,BROOKLYN
70072793,2026-08-15T23:39:56.000,2026-08-16T01:31:10.000,NYPD,Illegal Parking,Blocked Hydrant,Closed,BROOKLYN
70079074,2026-08-15T23:39:53.000,,NYPD,Noise - Street/Sidewalk,Loud Music/Party,In Progress,BRONX
70080383,2026-08-15T23:39:49.000,,NYPD,Noise - Residential,Loud Music/Party,In Progress,BRONX
70074613,2026-08-15T23:39:48.000,2026-08-16T00:27:13.000,NYPD,Illegal Parking,Posted Parking Sign Violation,Closed,QUEENS
70077415,2026-08-15T23:39:37.000,2026-08-16T00:13:07.000,NYPD,Noise - Street/Sidewalk,Loud Talking,Closed,MANHATTAN
70076566,2026-08-15T23:39:32.000,,NYPD,Noise - Residential,Loud Music/Party,In Progress,BRONX
70080622,2026-08-15T23:39:31.000,2026-08-16T00:04:37.000,NYPD,Noise - Residential,Loud Music/Party,Closed,BROOKLYN
70074133,2026-08-15T23:39:22.000,2026-08-16T00:39:37.000,NYPD,Noise - Residential,Loud Music/Party,Closed,BROOKLYN
70076728,2026-08-15T23:39:20.000,2026-08-16T01:48:32.000,NYPD,Noise - Residential,Loud Music/Party,Closed,MANHATTAN
70080443,2026-08-15T23:39:16.000,,NYPD,Illegal Parking,Blocked Crosswalk,In Progress,BROOKLYN
70079149,2026-08-15T23:39:07.000,2026-08-16T00:34:00.000,NYPD,Noise - Street/Sidewalk,Loud Music/Party,Closed,BRONX
70082601,2026-08-15T23:39:06.000,2026-08-16T00:09:38.000,NYPD,Noise - Street/Sidewalk,Loud Music/Party,Closed,MANHATTAN
70078427,2026-08-15T23:38:47.000,,NYPD,Illegal Parking,Blocked Sidewalk,In Progress,QUEENS
70072737,2026-08-15T23:38:46.000,2026-08-15T23:50:04.000,NYPD,Noise - Street/Sidewalk,Loud Music/Party,Closed,BRONX
70079861,2026-08-15T23:38:44.000,2026-08-16T00:53:36.000,NYPD,Noise - Street/Sidewalk,Loud Music/Party,Closed,STATEN ISLAND
70074186,2026-08-15T23:38:34.000,,NYPD,Noise - Residential,Loud Music/Party,In Progress,BROOKLYN
70079079,2026-08-15T23:38:30.000,,NYPD,Noise - Residential,Banging/Pounding,In Progress,BRONX
70075179,2026-08-15T23:38:27.000,,DEP,Water Maintenance,Fire Hydrant Running,In Progress,QUEENS
70076822,2026-08-15T23:38:22.000,2026-08-16T00:54:24.000,NYPD,Noise - Commercial,Loud Music/Party,Closed,BROOKLYN
70078375,2026-08-15T23:38:21.000,,NYPD,Noise - Vehicle,Car/Truck Music,In Progress,MANHATTAN
70078017,2026-08-15T23:38:15.000,2026-08-16T00:18:11.000,NYPD,Noise - Residential,Loud Music/Party,Closed,BROOKLYN
70076592,2026-08-15T23:38:09.000,2026-08-16T00:39:34.000,NYPD,Noise - Street/Sidewalk,Loud Music/Party,Closed,BRONX
70080948,2026-08-15T23:38:07.000,2026-08-15T23:48:24.000,NYPD,Noise - Street/Sidewalk,Loud Talking,Closed,MANHATTAN
70081798,2026-08-15T23:38:00.000,,NYPD,Traffic,Drag Racing,In Progress,BROOKLYN
70074656,2026-08-15T23:37:59.000,,NYPD,Blocked Driveway,No Access,In Progress,QUEENS
70079083,2026-08-15T23:37:57.000,,NYPD,Blocked Driveway,No Access,In Progress,BRONX
70079157,2026-08-15T23:37:56.000,2026-08-16T00:36:16.000,NYPD,Noise - Residential,Banging/Pounding,Closed,BRONX
70078409,2026-08-15T23:37:53.000,2026-08-16T01:32:16.000,NYPD,Illegal Parking,Blocked Hydrant,Closed,MANHATTAN
70079794,2026-08-15T23:37:51.000,,NYPD,Noise - Residential,Loud Music/Party,In Progress,QUEENS
70080288,2026-08-15T23:37:45.000,2026-08-16T01:30:49.000,NYPD,Noise - Residential,Loud Music/Party,Closed,BRONX
70081909,2026-08-15T23:37:44.000,2026-08-16T00:16:18.000,NYPD,Noise - Residential,Loud Music/Party,Closed,BROOKLYN
70074126,2026-08-15T23:37:40.000,2026-08-16T00:52:24.000,NYPD,Noise - Commercial,Loud Music/Party,Closed,BROOKLYN
70073313,2026-08-15T23:37:39.000,2026-08-16T01:22:11.000,NYPD,Noise - Street/Sidewalk,Loud Music/Party,Closed,QUEENS
70079742,2026-08-15T23:37:36.000,2026-08-16T01:30:48.000,NYPD,Illegal Parking,Commercial Overnight Parking,Closed,QUEENS
70072929,2026-08-15T23:37:33.000,2026-08-15T23:49:39.000,NYPD,Noise - Street/Sidewalk,Loud Music/Party,Closed,BROOKLYN
70073251,2026-08-15T23:37:14.000,,NYPD,Noise - Street/Sidewalk,Loud Music/Party,In Progress,BROOKLYN
70077278,2026-08-15T23:37:03.000,,NYPD,Noise - Park,Loud Music/Party,In Progress,QUEENS
70081351,2026-08-15T23:36:57.000,,DSNY,Obstruction,Weeds or Grass,In Progress,MANHATTAN
70072703,2026-08-15T23:36:57.000,2026-08-15T23:48:11.000,NYPD,Noise - Vehicle,Car/Truck Music,Closed,BRONX
70082418,2026-08-15T23:36:53.000,2026-08-16T01:17:16.000,NYPD,Illegal Parking,Double Parked Blocking Traffic,Closed,QUEENS
70075314,2026-08-15T23:36:44.000,,NYPD,Noise - Street/Sidewalk,Loud Music/Party,In Progress,BRONX
70074634,2026-08-15T23:36:43.000,2026-08-16T00:52:46.000,NYPD,Noise - Residential,Loud Music/Party,Closed,QUEENS
70082400,2026-08-15T23:36:37.000,2026-08-16T01:07:57.000,NYPD,Illegal Parking,Blocked Hydrant,Closed,QUEENS
70079082,2026-08-15T23:36:37.000,,NYPD,Noise - Residential,Banging/Pounding,In Progress,BRONX
70075593,2026-08-15T23:36:34.000,2026-08-16T00:34:01.000,NYPD,Noise - Residential,Loud Music/Party,Closed,BROOKLYN
70073522,2026-08-15T23:36:28.000,2026-08-15T23:50:40.000,NYPD,Noise - Commercial,Loud Music/Party,Closed,STATEN ISLAND
70076532,2026-08-15T23:36:20.000,,NYPD,Noise - Street/Sidewalk,Loud Music/Party,In Progress,BRONX
70081777,2026-08-15T23:36:11.000,2026-08-16T01:11:23.000,NYPD,Noise - Vehicle,Car/Truck Music,Closed,BRONX
70075241,2026-08-15T23:36:05.000,2026-08-16T00:47:42.000,NYPD,Noise - Residential,Loud Music/Party,Closed,BRONX
70077357,2026-08-15T23:36:03.000,2026-08-16T01:37:53.000,NYPD,Illegal Parking,Blocked Hydrant,Closed,STATEN ISLAND
70079417,2026-08-15T23:35:50.000,,NYPD,Noise - Residential,Loud Music/Party,In Progress,BROOKLYN
70078738,2026-08-15T23:35:46.000,2026-08-16T01:07:54.000,NYPD,Noise - Street/Sidewalk,Loud Music/Party,Closed,BRONX
70075359,2026-08-15T23:35:44.000,2026-08-15T23:50:27.000,NYPD,Noise - Residential,Loud Music/Party,Closed,BRONX
70080205,2026-08-15T23:35:41.000,2026-08-16T00:05:26.000,DSNY,Commercial Disposal Complaint,Waste Disposal,Closed,BROOKLYN
70081041,2026-08-15T23:35:39.000,2026-08-16T01:07:56.000,NYPD,Illegal Parking,Blocked Hydrant,Closed,QUEENS
70072983,2026-08-15T23:35:39.000,2026-08-16T00:01:36.000,NYPD,Noise - Residential,Loud Talking,Closed,BROOKLYN
70073593,2026-08-15T23:35:37.000,2026-08-16T00:16:43.000,NYPD,Noise - Residential,Loud Music/Party,Closed,MANHATTAN
70081955,2026-08-15T23:35:35.000,2026-08-16T00:17:34.000,NYPD,Noise - Residential,Loud Music/Party,Closed,BROOKLYN
70073531,2026-08-15T23:35:35.000,2026-08-16T00:49:39.000,NYPD,Noise - Residential,Banging/Pounding,Closed,MANHATTAN
70079458,2026-08-15T23:35:25.000,,TLC,Taxi Complaint,Driver Complaint - Non Passenger,In Progress,MANHATTAN
70073438,2026-08-15T23:35:24.000,2026-08-15T23:44:36.000,NYPD,Illegal Parking,Unauthorized Bus Layover,Closed,QUEENS
70082000,2026-08-15T23:35:22.000,2026-08-16T01:25:59.000,NYPD,Noise - Street/Sidewalk,Loud Music/Party,Closed,BROOKLYN
70081686,2026-08-15T23:35:16.000,,NYPD,Noise - Street/Sidewalk,Loud Music/Party,In Progress,BRONX
70074838,2026-08-15T23:35:14.000,2026-08-16T00:10:15.000,NYPD,Noise - Residential,Loud Music/Party,Closed,MANHATTAN
70075376,2026-08-15T23:35:10.000,,NYPD,Noise - Residential,Loud Music/Party,In Progress,BROOKLYN
70075436,2026-08-15T23:35:08.000,2026-08-16T00:33:59.000,NYPD,Noise - Residential,Loud Music/Party,Closed,BROOKLYN
70074937,2026-08-15T23:35:01.000,2026-08-16T01:07:57.000,NYPD,Noise - Street/Sidewalk,Loud Music/Party,Closed,BRONX
70080324,2026-08-15T23:35:00.000,,NYPD,Noise - Park,Loud Music/Party,In Progress,BRONX
70079858,2026-08-15T23:34:50.000,2026-08-16T01:33:55.000,NYPD,Illegal Parking,Blocked Hydrant,Closed,QUEENS
70078700,2026-08-15T23:34:45.000,2026-08-16T00:17:51.000,NYPD,Noise - Street/Sidewalk,Loud Music/Party,Closed,MANHATTAN
70078705,2026-08-15T23:34:36.000,2026-08-16T00:34:18.000,NYPD,Noise - Park,Loud Music/Party,Closed,MANHATTAN
70079206,2026-08-15T23:34:27.000,,NYPD,Illegal Parking,Blocked Hydrant,In Progress,BROOKLYN
70081250,2026-08-15T23:34:18.000,2026-08-16T00:09:38.000,NYPD,Noise - Street/Sidewalk,Loud Music/Party,Closed,MANHATTAN
70077155,2026-08-15T23:34:18.000,2026-08-15T23:37:17.000,NYPD,Illegal Parking,Blocked Hydrant,Closed,QUEENS
70081730,2026-08-15T23:34:09.000,2026-08-16T00:09:38.000,NYPD,Blocked Driveway,No Access,Closed,BRONX
70078133,2026-08-15T23:34:09.000,,NYPD,Noise - Residential,Loud Music/Party,In Progress,BROOKLYN
70079785,2026-08-15T23:34:05.000,2026-08-16T00:09:35.000,NYPD,Noise - Residential,Loud Music/Party,Closed,QUEENS
70076500,2026-08-15T23:33:58.000,,NYPD,Noise - Street/Sidewalk,Loud Music/Party,In Progress,BRONX
70072694,2026-08-15T23:33:53.000,,NYPD,Noise - Residential,Loud Music/Party,In Progress,BRONX
70082458,2026-08-15T23:33:38.000,,NYPD,Blocked Driveway,Partial Access,In Progress,QUEENS
70078049,2026-08-15T23:33:35.000,2026-08-16T00:28:01.000,NYPD,Noise - Street/Sidewalk,Loud Music/Party,Closed,BROOKLYN
70072946,2026-08-15T23:33:25.000,2026-08-16T01:13:29.000,NYPD,Noise - Street/Sidewalk,Loud Talking,Closed,BROOKLYN
70073575,2026-08-15T23:33:24.000,2026-08-16T00:09:43.000,NYPD,Noise - Street/Sidewalk,Loud Talking,Closed,MANHATTAN
70082003,2026-08-15T23:33:15.000,2026-08-16T00:00:11.000,NYPD,Noise - Street/Sidewalk,Loud Music/Party,Closed,BROOKLYN
70081220,2026-08-15T23:33:10.000,2026-08-16T00:04:05.000,NYPD,Noise - Vehicle,Engine Idling,Closed,MANHATTAN
70079646,2026-08-15T23:32:55.000,2026-08-16T00:52:53.000,NYPD,Noise - Street/Sidewalk,Loud Music/Party,Closed,BROOKLYN
70076555,2026-08-15T23:32:52.000,2026-08-15T23:48:41.000,NYPD,Noise - Street/Sidewalk,Loud Music/Party,Closed,BRONX
70081053,2026-08-15T23:32:49.000,2026-08-16T00:12:39.000,NYPD,Noise - Vehicle,Car/Truck Music,Closed,QUEENS
70073335,2026-08-15T23:32:47.000,,NYPD,Blocked Driveway,Partial Access,In Progress,QUEENS
70079415,2026-08-15T23:32:38.000,,NYPD,Noise - Street/Sidewalk,Loud Music/Party,In Progress,BROOKLYN
70082024,2026-08-15T23:32:30.000,,NYPD,Illegal Parking,Blocked Hydrant,In Progress,BROOKLYN
70076150,2026-08-15T23:32:20.000,2026-08-16T00:15:48.000,NYPD,Illegal Parking,Blocked Crosswalk,Closed,MANHATTAN
70075922,2026-08-15T23:32:16.000,2026-08-15T23:43:00.000,NYPD,Noise - Street/Sidewalk,Loud Talking,Closed,QUEENS
70082550,2026-08-15T23:32:03.000,2026-08-16T01:41:29.000,NYPD,Illegal Parking,Blocked Hydrant,Closed,STATEN ISLAND
70077280,2026-08-15T23:31:57.000,,NYPD,Blocked Driveway,No Access,In Progress,QUEENS
70079428,2026-08-15T23:31:54.000,,NYPD,Noise - Residential,Loud Music/Party,In Progress,BROOKLYN
70073565,2026-08-15T23:31:47.000,2026-08-16T00:09:37.000,NYPD,Noise - Street/Sidewalk,Loud Music/Party,Closed,MANHATTAN
70074276,2026-08-15T23:31:46.000,2026-08-16T00:39:36.000,NYPD,Noise - Commercial,Loud Music/Party,Closed,BROOKLYN
70074561,2026-08-15T23:31:46.000,,NYPD,Noise - Street/Sidewalk,Loud Music/Party,In Progress,BROOKLYN
70075212,2026-08-15T23:31:44.000,,EDC,Noise - Helicopter,Other,In Progress,BROOKLYN
70075962,2026-08-15T23:31:44.000,2026-08-16T00:39:37.000,NYPD,Noise - Street/Sidewalk,Loud Music/Party,Closed,QUEENS
70079028,2026-08-15T23:31:42.000,,NYPD,Noise - Residential,Loud Music/Party,In Progress,BRONX
70074555,2026-08-15T23:31:33.000,2026-08-16T00:02:04.000,NYPD,Noise - Residential,Loud Music/Party,Closed,BROOKLYN
70074857,2026-08-15T23:31:18.000,2026-08-15T23:55:45.000,NYPD,Noise - Street/Sidewalk,Loud Talking,Closed,MANHATTAN
70075219,2026-08-15T23:31:17.000,2026-08-15T23:48:31.000,NYPD,Noise - Street/Sidewalk,Loud Music/Party,Closed,BRONX
70073066,2026-08-15T23:31:17.000,,DOT,Street Sign - Dangling,Stop,In Progress,BROOKLYN
70079620,2026-08-15T23:31:12.000,,DOHMH,Rodent,Rat Sighting,In Progress,QUEENS
70081021,2026-08-15T23:31:11.000,2026-08-16T00:39:33.000,NYPD,Illegal Parking,Commercial Overnight Parking,Closed,QUEENS
70081075,2026-08-15T23:31:08.000,2026-08-16T00:57:35.000,NYPD,Noise - Residential,Loud Music/Party,Closed,QUEENS
70072628,2026-08-15T23:30:52.000,,NYPD,Noise - Vehicle,Car/Truck Music,In Progress,BRONX
70075293,2026-08-15T23:30:41.000,2026-08-15T23:49:48.000,NYPD,Noise - Street/Sidewalk,Loud Music/Party,Closed,BRONX
70074906,2026-08-15T23:30:32.000,,NYPD,Noise - Street/Sidewalk,Loud Music/Party,In Progress,MANHATTAN
70074750,2026-08-15T23:30:25.000,2026-08-16T00:12:04.000,NYPD,Noise - Residential,Loud Music/Party,Closed,QUEENS
70078441,2026-08-15T23:30:14.000,2026-08-15T23:42:59.000,NYPD,Noise - Street/Sidewalk,Loud Talking,Closed,QUEENS
70082542,2026-08-15T23:30:08.000,2026-08-16T01:41:28.000,NYPD,Noise - Street/Sidewalk,Loud Music/Party,Closed,STATEN ISLAND
70077224,2026-08-15T23:30:06.000,2026-08-16T01:17:23.000,NYPD,Illegal Parking,Double Parked Blocking Traffic,Closed,QUEENS
70074209,2026-08-15T23:30:03.000,,NYPD,Illegal Parking,Double Parked Blocking Traffic,In Progress,BROOKLYN
70078615,2026-08-15T23:29:56.000,2026-08-15T23:59:15.000,NYPD,Noise - Residential,Banging/Pounding,Closed,STATEN ISLAND
70073580,2026-08-15T23:29:50.000,2026-08-16T00:09:39.000,NYPD,Noise - Street/Sidewalk,Loud Music/Party,Closed,MANHATTAN
70081716,2026-08-15T23:29:49.000,2026-08-15T23:48:32.000,NYPD,Noise - Street/Sidewalk,Loud Music/Party,Closed,BRONX
70073012,2026-08-15T23:29:49.000,,NYPD,Noise - Residential,Loud Music/Party,In Progress,BROOKLYN
70079909,2026-08-15T23:29:48.000,2026-08-16T00:10:23.000,NYPD,Noise - Street/Sidewalk,Loud Music/Party,Closed,MANHATTAN
70078697,2026-08-15T23:29:23.000,2026-08-16T00:53:58.000,NYPD,Noise - Street/Sidewalk,Loud Music/Party,Closed,MANHATTAN
70082059,2026-08-15T23:29:15.000,2026-08-15T23:31:49.000,NYPD,Noise - Commercial,Loud Music/Party,Closed,MANHATTAN
70079117,2026-08-15T23:29:15.000,,NYPD,Noise - Street/Sidewalk,Loud Music/Party,In Progress,BRONX
70081305,2026-08-15T23:29:14.000,,NYPD,Noise - Street/Sidewalk,Loud Music/Party,In Progress,MANHATTAN
70074469,2026-08-15T23:29:12.000,,HPD,HEAT/HOT WATER,ENTIRE BUILDING,Open,BROOKLYN
70081276,2026-08-15T23:29:07.000,2026-08-16T00:18:46.000,NYPD,Noise - Residential,Loud Music/Party,Closed,MANHATTAN
70080761,2026-08-15T23:29:00.000,,DOT,Street Light Condition,Street Light Out,Open,QUEENS
70080762,2026-08-15T23:29:00.000,,DOT,Street Light Condition,Street Light Out,Open,BROOKLYN
70082419,2026-08-15T23:28:59.000,2026-08-16T01:17:33.000,NYPD,Illegal Parking,Double Parked Blocking Traffic,Closed,QUEENS
70074608,2026-08-15T23:28:58.000,2026-08-16T00:16:15.000,NYPD,Noise - Street/Sidewalk,Loud Talking,Closed,QUEENS
70072808,2026-08-15T23:28:52.000,2026-08-15T23:59:12.000,NYPD,Illegal Parking,Blocked Hydrant,Closed,BROOKLYN
70079092,2026-08-15T23:28:46.000,2026-08-16T00:06:38.000,NYPD,Noise - Street/Sidewalk,Loud Music/Party,Closed,BRONX
70073880,2026-08-15T23:28:45.000,2026-08-16T00:35:48.000,NYPD,Noise - Street/Sidewalk,Loud Music/Party,Closed,BRONX
70079869,2026-08-15T23:28:24.000,,NYPD,Noise - Residential,Loud Music/Party,In Progress,STATEN ISLAND
70075422,2026-08-15T23:28:19.000,2026-08-15T23:48:13.000,NYPD,Noise - Residential,Loud Music/Party,Closed,BROOKLYN
70081445,2026-08-15T23:28:00.000,,DOT,Traffic Signal Condition,Controller,Open,BROOKLYN
70075986,2026-08-15T23:27:53.000,2026-08-16T01:17:11.000,NYPD,Illegal Parking,Double Parked Blocking Traffic,Closed,QUEENS
70076048,2026-08-15T23:27:41.000,2026-08-16T00:12:13.000,NYPD,Noise - Residential,Loud Music/Party,Closed,QUEENS
70078011,2026-08-15T23:27:39.000,,NYPD,Noise - Residential,Loud Music/Party,In Progress,BROOKLYN
70076093,2026-08-15T23:27:35.000,2026-08-15T23:50:49.000,NYPD,Noise - Vehicle,Car/Truck Horn,Closed,QUEENS
70078063,2026-08-15T23:27:35.000,2026-08-15T23:54:34.000,NYPD,Noise - Residential,Loud Music/Party,Closed,BROOKLYN
70075979,2026-08-15T23:27:34.000,2026-08-16T00:39:36.000,NYPD,Noise - Commercial,Loud Music/Party,Closed,QUEENS
70075902,2026-08-15T23:27:25.000,2026-08-16T01:11:22.000,NYPD,Noise - Residential,Loud Music/Party,Closed,QUEENS
70072826,2026-08-15T23:27:21.000,2026-08-15T23:48:25.000,NYPD,Illegal Parking,Blocked Hydrant,Closed,MANHATTAN
70078538,2026-08-15T23:27:19.000,2026-08-16T01:19:46.000,NYPD,Noise - Residential,Loud Talking,Closed,QUEENS
70079255,2026-08-15T23:27:15.000,2026-08-16T00:11:39.000,NYPD,Noise - Residential,Loud Music/Party,Closed,BROOKLYN
70079937,2026-08-15T23:27:15.000,,NYPD,Noise - Street/Sidewalk,Loud Music/Party,In Progress,MANHATTAN
70074840,2026-08-15T23:27:12.000,2026-08-16T00:02:50.000,NYPD,Non-Emergency Police Matter,Other (complaint details),Closed,MANHATTAN
70082049,2026-08-15T23:27:06.000,2026-08-15T23:36:17.000,NYPD,Blocked Driveway,No Access,Closed,BROOKLYN
70081799,2026-08-15T23:27:04.000,,NYPD,Illegal Parking,Commercial Overnight Parking,In Progress,BROOKLYN
70081523,2026-08-15T23:27:00.000,2026-08-15T23:28:13.000,DPR,Animal in a Park,Wildlife Sighting,Closed,MANHATTAN
70081291,2026-08-15T23:26:56.000,2026-08-16T00:17:13.000,NYPD,Noise - Street/Sidewalk,Loud Music/Party,Closed,MANHATTAN
70080455,2026-08-15T23:26:53.000,,NYPD,Noise - Residential,Banging/Pounding,In Progress,BROOKLYN
70076040,2026-08-15T23:26:53.000,2026-08-15T23:54:40.000,NYPD,Noise - Residential,Loud Music/Party,Closed,QUEENS
70082067,2026-08-15T23:26:52.000,,NYPD,Noise - Residential,Loud Music/Party,In Progress,BROOKLYN
70079796,2026-08-15T23:26:39.000,,NYPD,Blocked Driveway,No Access,In Progress,QUEENS
70081218,2026-08-15T23:26:37.000,2026-08-16T00:04:54.000,NYPD,Noise - Vehicle,Engine Idling,Closed,MANHATTAN
70076196,2026-08-15T23:26:37.000,,NYPD,Noise - Street/Sidewalk,Loud Music/Party,In Progress,MANHATTAN
70081864,2026-08-15T23:26:31.000,2026-08-16T00:52:24.000,NYPD,Noise - Commercial,Loud Music/Party,Closed,BROOKLYN
70076084,2026-08-15T23:26:15.000,2026-08-16T00:43:53.000,NYPD,Illegal Parking,Parking Permit Improper Use,Closed,QUEENS
70082661,2026-08-15T23:26:14.000,,DPR,Maintenance or Facility,Unsecured Facility,In Progress,MANHATTAN
70081462,2026-08-15T23:26:13.000,,DSNY,Graffiti,Graffiti,Open,BROOKLYN
70080429,2026-08-15T23:26:10.000,2026-08-16T00:40:59.000,NYPD,Illegal Parking,Blocked Hydrant,Closed,BRONX
70080368,2026-08-15T23:26:05.000,2026-08-15T23:48:27.000,NYPD,Noise - Street/Sidewalk,Loud Music/Party,Closed,BRONX
70074322,2026-08-15T23:26:01.000,2026-08-15T23:31:20.000,NYPD,Noise - Street/Sidewalk,Loud Music/Party,Closed,MANHATTAN
70076358,2026-08-15T23:25:57.000,,DSNY,Graffiti,Graffiti,Open,BROOKLYN
70080707,2026-08-15T23:25:52.000,,DOHMH,Smoking or Vaping,Allowed in Smoke Free Area,In Progress,MANHATTAN
70078711,2026-08-15T23:25:50.000,,NYPD,Noise - Street/Sidewalk,Loud Music/Party,In Progress,MANHATTAN
70077459,2026-08-15T23:25:35.000,,NYPD,Noise - Street/Sidewalk,Loud Music/Party,In Progress,MANHATTAN
70081174,2026-08-15T23:25:34.000,2026-08-15T23:31:22.000,NYPD,Noise - Residential,Loud Television,Closed,QUEENS
70078883,2026-08-15T23:25:30.000,2026-08-16T02:22:24.000,DSNY,Graffiti,Graffiti,Closed,BROOKLYN
70072893,2026-08-15T23:25:29.000,,NYPD,Illegal Parking,Double Parked Blocking Traffic,In Progress,BROOKLYN
70079315,2026-08-15T23:25:28.000,2026-08-16T00:17:07.000,NYPD,Noise - Residential,Loud Music/Party,Closed,BROOKLYN
70075864,2026-08-15T23:25:03.000,2026-08-15T23:54:21.000,NYPD,Noise - Street/Sidewalk,Loud Music/Party,Closed,BRONX
70074162,2026-08-15T23:25:03.000,2026-08-16T00:16:10.000,NYPD,Noise - Street/Sidewalk,Loud Music/Party,Closed,BROOKLYN
70080759,2026-08-15T23:25:00.000,,DOT,Street Light Condition,Street Light Out,Open,MANHATTAN
70073619,2026-08-15T23:24:51.000,,NYPD,Noise - Vehicle,Car/Truck Music,In Progress,MANHATTAN
70073006,2026-08-15T23:24:48.000,2026-08-16T01:48:47.000,NYPD,Noise - Residential,Loud Music/Party,Closed,BROOKLYN
70078741,2026-08-15T23:24:40.000,2026-08-15T23:32:05.000,NYPD,Noise - Street/Sidewalk,Loud Music/Party,Closed,BRONX
70075925,2026-08-15T23:24:24.000,2026-08-15T23:59:10.000,NYPD,Noise - Residential,Loud Music/Party,Closed,QUEENS
70073407,2026-08-15T23:24:22.000,2026-08-16T01:18:55.000,NYPD,Noise - Residential,Loud Music/Party,Closed,QUEENS
70079362,2026-08-15T23:24:14.000,2026-08-16T00:11:03.000,NYPD,Noise - Street/Sidewalk,Loud Music/Party,Closed,BROOKLYN
70077785,2026-08-15T23:24:04.000,,NYPD,Noise - Street/Sidewalk,Loud Music/Party,In Progress,BRONX
70074933,2026-08-15T23:24:01.000,,NYPD,Noise - Street/Sidewalk,Loud Music/Party,In Progress,BRONX
70075566,2026-08-15T23:23:57.000,2026-08-16T00:11:40.000,NYPD,Noise - Street/Sidewalk,Loud Talking,Closed,BROOKLYN
70076598,2026-08-15T23:23:53.000,2026-08-16T00:50:14.000,NYPD,Noise - Residential,Banging/Pounding,Closed,BRONX
70076481,2026-08-15T23:23:44.000,,NYPD,Blocked Driveway,No Access,In Progress,BRONX
70079991,2026-08-15T23:23:42.000,2026-08-16T01:04:01.000,NYPD,Abandoned Vehicle,With License Plate,Closed,BRONX
70079160,2026-08-15T23:23:42.000,2026-08-16T01:03:31.000,NYPD,Blocked Driveway,No Access,Closed,BRONX
70075511,2026-08-15T23:23:31.000,,NYPD,Illegal Parking,Double Parked Blocking Traffic,In Progress,BROOKLYN
70078713,2026-08-15T23:23:18.000,,NYPD,Noise - Street/Sidewalk,Loud Music/Party,In Progress,MANHATTAN
70081746,2026-08-15T23:23:13.000,2026-08-15T23:36:54.000,NYPD,Noise - Vehicle,Car/Truck Music,Closed,BRONX
70076881,2026-08-15T23:23:12.000,2026-08-16T01:48:33.000,NYPD,Noise - Residential,Loud Music/Party,Closed,BROOKLYN
70081356,2026-08-15T23:23:02.000,,DSNY,Litter Basket Complaint,Overflowing,In Progress,BROOKLYN
70077427,2026-08-15T23:22:51.000,,NYPD,Noise - Street/Sidewalk,Loud Music/Party,In Progress,MANHATTAN
70077652,2026-08-15T23:22:45.000,,DEP,Lead,Lead Kit,In Progress,QUEENS
70074388,2026-08-15T23:22:44.000,,DOHMH,Illegal Animal Kept as Pet,Other,In Progress,BROOKLYN
70077740,2026-08-15T23:22:42.000,2026-08-16T01:48:17.000,NYPD,Noise - Street/Sidewalk,Loud Music/Party,Closed,BRONX
70074112,2026-08-15T23:22:41.000,2026-08-15T23:49:36.000,NYPD,Noise - Street/Sidewalk,Loud Music/Party,Closed,BROOKLYN
70076612,2026-08-15T23:22:37.000,2026-08-15T23:36:06.000,NYPD,Noise - Street/Sidewalk,Loud Music/Party,Closed,BRONX
70082582,2026-08-15T23:22:28.000,2026-08-15T23:43:02.000,NYPD,Noise - Park,Loud Music/Party,Closed,MANHATTAN
70074818,2026-08-15T23:22:13.000,,NYPD,Noise - Residential,Loud Music/Party,In Progress,STATEN ISLAND
70073524,2026-08-15T23:22:13.000,,NYPD,Encampment,N/A,In Progress,MANHATTAN
70075510,2026-08-15T23:22:10.000,,NYPD,Illegal Parking,Double Parked Blocking Traffic,In Progress,BROOKLYN
70081616,2026-08-15T23:22:03.000,2026-08-16T01:29:03.000,NYPD,Noise - Street/Sidewalk,Loud Music/Party,Closed,BRONX
70081172,2026-08-15T23:22:02.000,2026-08-15T23:31:22.000,NYPD,Noise - Vehicle,Car/Truck Horn,Closed,QUEENS
70078668,2026-08-15T23:22:01.000,2026-08-15T23:42:59.000,NYPD,Noise - Commercial,Loud Music/Party,Closed,MANHATTAN
70081996,2026-08-15T23:21:51.000,2026-08-16T00:17:52.000,NYPD,Noise - Street/Sidewalk,Loud Talking,Closed,BROOKLYN
70075371,2026-08-15T23:21:50.000,2026-08-15T23:45:04.000,NYPD,Noise - Street/Sidewalk,Loud Music/Party,Closed,BROOKLYN
70072763,2026-08-15T23:21:45.000,,NYPD,Noise - Residential,Loud Music/Party,In Progress,BROOKLYN
70079105,2026-08-15T23:21:06.000,2026-08-16T00:57:20.000,NYPD,Noise - Street/Sidewalk,Loud Music/Party,Closed,BRONX
70081765,2026-08-15T23:21:06.000,2026-08-16T00:46:02.000,NYPD,Noise - Residential,Loud Music/Party,Closed,BRONX
70075220,2026-08-15T23:21:01.000,2026-08-16T00:00:12.000,NYPD,Noise - Street/Sidewalk,Loud Music/Party,Closed,BRONX
70075687,2026-08-15T23:21:00.000,,DOT,Street Light Condition,Street Light Out,Open,QUEENS
70075879,2026-08-15T23:20:56.000,2026-08-16T01:29:41.000,NYPD,Encampment,N/A,Closed,MANHATTAN
70079038,2026-08-15T23:20:54.000,2026-08-16T00:44:35.000,NYPD,Noise - Street/Sidewalk,Loud Music/Party,Closed,BRONX
70080544,2026-08-15T23:20:54.000,2026-08-16T00:16:02.000,NYPD,Noise - Street/Sidewalk,Loud Music/Party,Closed,BROOKLYN
70072600,2026-08-15T23:20:54.000,2026-08-15T23:27:38.000,NYPD,Noise - Street/Sidewalk,Loud Music/Party,Closed,BRONX
70074673,2026-08-15T23:20:53.000,2026-08-16T00:09:38.000,NYPD,Noise - Residential,Loud Music/Party,Closed,QUEENS
70072853,2026-08-15T23:20:52.000,2026-08-16T00:15:55.000,NYPD,Noise - Residential,Loud Music/Party,Closed,BROOKLYN
70079462,2026-08-15T23:20:48.000,,TLC,For Hire Vehicle Complaint,Driver Complaint - Passenger,In Progress,MANHATTAN
70080657,2026-08-15T23:20:43.000,,NYPD,Illegal Parking,Blocked Crosswalk,In Progress,BROOKLYN
70074914,2026-08-15T23:20:37.000,,NYPD,Noise - Residential,Loud Music/Party,In Progress,MANHATTAN
70079081,2026-08-15T23:20:35.000,,NYPD,Noise - Residential,Banging/Pounding,In Progress,BRONX
70079509,2026-08-15T23:20:34.000,,HPD,UNSANITARY CONDITION,PESTS,Open,MANHATTAN
70077861,2026-08-15T23:20:03.000,2026-08-16T00:48:18.000,NYPD,Noise - Residential,Loud Music/Party,Closed,BRONX
70073259,2026-08-15T23:20:00.000,2026-08-15T23:49:10.000,NYPD,Noise - Street/Sidewalk,Loud Talking,Closed,MANHATTAN
70075318,2026-08-15T23:19:58.000,2026-08-15T23:35:33.000,NYPD,Noise - Street/Sidewalk,Loud Music/Party,Closed,BRONX
70079312,2026-08-15T23:19:51.000,,NYPD,Illegal Parking,Double Parked Blocking Traffic,In Progress,BROOKLYN
70077732,2026-08-15T23:19:50.000,,NYPD,Blocked Driveway,No Access,In Progress,BRONX
70081925,2026-08-15T23:19:49.000,,NYPD,Noise - Residential,Loud Music/Party,In Progress,BROOKLYN
70079049,2026-08-15T23:19:45.000,,NYPD,Noise - Street/Sidewalk,Loud Music/Party,In Progress,BRONX
70075861,2026-08-15T23:19:42.000,2026-08-16T00:31:13.000,NYPD,Noise - Residential,Loud Music/Party,Closed,MANHATTAN
70082342,2026-08-15T23:19:35.000,2026-08-16T01:03:33.000,NYPD,Noise - Residential,Loud Music/Party,Closed,QUEENS
70079273,2026-08-15T23:19:26.000,2026-08-16T00:15:39.000,NYPD,Noise - Street/Sidewalk,Loud Music/Party,Closed,BROOKLYN
70074386,2026-08-15T23:19:25.000,,DOT,Street Sign - Missing,"No Parking, Standing, Stopping",In Progress,QUEENS
70074011,2026-08-15T23:19:24.000,2026-08-16T00:51:00.000,NYPD,Noise - Residential,Loud Music/Party,Closed,MANHATTAN
70078066,2026-08-15T23:19:19.000,2026-08-15T23:54:30.000,NYPD,Noise - Residential,Loud Music/Party,Closed,BROOKLYN
70077828,2026-08-15T23:19:15.000,,NYPD,Noise - Commercial,Loud Music/Party,In Progress,BRONX
70073943,2026-08-15T23:19:13.000,,NYPD,Noise - Street/Sidewalk,Loud Music/Party,In Progress,BRONX
70079935,2026-08-15T23:19:07.000,,NYPD,Noise - Street/Sidewalk,Loud Music/Party,In Progress,MANHATTAN
70076016,2026-08-15T23:19:06.000,,NYPD,Noise - Residential,Loud Music/Party,In Progress,QUEENS
70077385,2026-08-15T23:19:06.000,2026-08-16T00:06:19.000,NYPD,Noise - Residential,Loud Television,Closed,MANHATTAN
70077380,2026-08-15T23:18:56.000,2026-08-15T23:48:48.000,NYPD,Panhandling,N/A,Closed,MANHATTAN
70073554,2026-08-15T23:18:54.000,,NYPD,Noise - Street/Sidewalk,Loud Music/Party,In Progress,MANHATTAN
70081385,2026-08-15T23:18:51.000,,DSNY,Illegal Dumping,Removal Request,In Progress,BROOKLYN
70073995,2026-08-15T23:18:51.000,2026-08-15T23:35:32.000,NYPD,Noise - Street/Sidewalk,Loud Music/Party,Closed,BRONX
70081632,2026-08-15T23:18:41.000,2026-08-16T00:00:26.000,NYPD,Noise - Street/Sidewalk,Loud Music/Party,Closed,BRONX
70076200,2026-08-15T23:18:36.000,,NYPD,Noise - Street/Sidewalk,Loud Music/Party,In Progress,MANHATTAN
70077455,2026-08-15T23:18:33.000,2026-08-16T00:17:36.000,NYPD,Noise - Residential,Loud Music/Party,Closed,MANHATTAN
70079997,2026-08-15T23:18:25.000,2026-08-15T23:35:34.000,NYPD,Noise - Street/Sidewalk,Loud Music/Party,Closed,BRONX
70073622,2026-08-15T23:18:18.000,,NYPD,Noise - Street/Sidewalk,Loud Music/Party,In Progress,MANHATTAN
70074863,2026-08-15T23:18:18.000,2026-08-16T00:09:38.000,NYPD,Noise - Street/Sidewalk,Loud Music/Party,Closed,MANHATTAN
70075365,2026-08-15T23:18:15.000,2026-08-16T00:22:50.000,NYPD,Noise - Residential,Loud Music/Party,Closed,MANHATTAN
70076568,2026-08-15T23:18:14.000,2026-08-15T23:35:32.000,NYPD,Noise - Street/Sidewalk,Loud Music/Party,Closed,BRONX
70074102,2026-08-15T23:18:11.000,2026-08-16T01:13:07.000,NYPD,Noise - Residential,Loud Music/Party,Closed,BROOKLYN
70080426,2026-08-15T23:18:07.000,2026-08-16T01:07:58.000,NYPD,Noise - Residential,Loud Music/Party,Closed,BRONX
70075900,2026-08-15T23:18:05.000,,NYPD,Illegal Parking,Blocked Hydrant,In Progress,QUEENS
70077364,2026-08-15T23:17:52.000,2026-08-15T23:31:22.000,NYPD,Noise - Residential,Loud Talking,Closed,STATEN ISLAND
70079375,2026-08-15T23:17:49.000,2026-08-15T23:59:38.000,NYPD,Noise - Residential,Loud Music/Party,Closed,BROOKLYN
70078111,2026-08-15T23:17:39.000,2026-08-16T01:07:59.000,NYPD,Illegal Parking,Unauthorized Bus Layover,Closed,BROOKLYN
70077310,2026-08-15T23:17:39.000,2026-08-16T00:00:44.000,NYPD,Noise - Residential,Banging/Pounding,Closed,QUEENS
70073949,2026-08-15T23:17:35.000,,NYPD,Blocked Driveway,No Access,In Progress,BRONX
70075535,2026-08-15T23:17:30.000,2026-08-16T00:16:14.000,NYPD,Noise - Street/Sidewalk,Loud Music/Party,Closed,BROOKLYN
70074692,2026-08-15T23:17:22.000,2026-08-15T23:27:35.000,NYPD,Noise - Commercial,Loud Music/Party,Closed,QUEENS
70075248,2026-08-15T23:17:19.000,,NYPD,Noise - Residential,Loud Music/Party,In Progress,BRONX
70076732,2026-08-15T23:17:03.000,2026-08-16T00:22:54.000,NYPD,Noise - Residential,Loud Music/Party,Closed,BROOKLYN
70079689,2026-08-15T23:16:54.000,2026-08-15T23:56:00.000,NYPD,Noise - Residential,Loud Music/Party,Closed,QUEENS
70077345,2026-08-15T23:16:54.000,2026-08-15T23:38:00.000,NYPD,Noise - Residential,Loud Music/Party,Closed,STATEN ISLAND
70072594,2026-08-15T23:16:41.000,2026-08-16T01:28:57.000,NYPD,Blocked Driveway,No Access,Closed,BRONX
70077308,2026-08-15T23:16:30.000,2026-08-15T23:59:54.000,NYPD,Noise - Residential,Loud Music/Party,Closed,QUEENS
70081282,2026-08-15T23:16:16.000,2026-08-15T23:59:08.000,NYPD,Illegal Parking,Commercial Overnight Parking,Closed,MANHATTAN
70082609,2026-08-15T23:16:09.000,2026-08-16T00:14:27.000,NYPD,Noise - Street/Sidewalk,Loud Music/Party,Closed,MANHATTAN
70075442,2026-08-15T23:16:09.000,2026-08-16T01:43:24.000,NYPD,Noise - Vehicle,Engine Idling,Closed,MANHATTAN
70082629,2026-08-15T23:15:43.000,,NYPD,Noise - Street/Sidewalk,Loud Music/Party,In Progress,MANHATTAN
70081903,2026-08-15T23:15:22.000,2026-08-16T00:15:09.000,NYPD,Noise - Street/Sidewalk,Loud Music/Party,Closed,BROOKLYN
70077877,2026-08-15T23:15:16.000,2026-08-16T01:12:20.000,NYPD,Illegal Parking,Blocked Sidewalk,Closed,BRONX
70075342,2026-08-15T23:15:11.000,2026-08-16T00:49:10.000,NYPD,Noise - Residential,Loud Music/Party,Closed,BRONX
70081751,2026-08-15T23:15:09.000,2026-08-16T00:44:27.000,NYPD,Noise - Street/Sidewalk,Loud Music/Party,Closed,BRONX
70078534,2026-08-15T23:15:05.000,,NYPD,Noise - Street/Sidewalk,Loud Music/Party,In Progress,QUEENS
70081054,2026-08-15T23:15:04.000,2026-08-15T23:27:36.000,NYPD,Noise - Street/Sidewalk,Loud Music/Party,Closed,QUEENS
70073600,2026-08-15T23:15:02.000,2026-08-16T00:39:33.000,NYPD,Noise - Street/Sidewalk,Loud Music/Party,Closed,MANHATTAN
70075502,2026-08-15T23:14:59.000,2026-08-15T23:55:41.000,NYPD,Noise - Residential,Loud Music/Party,Closed,BROOKLYN
70079116,2026-08-15T23:14:53.000,,NYPD,Noise - Street/Sidewalk,Loud Music/Party,In Progress,BRONX
70081778,2026-08-15T23:14:44.000,2026-08-16T00:39:35.000,NYPD,Noise - Street/Sidewalk,Loud Music/Party,Closed,BRONX
70076488,2026-08-15T23:14:41.000,2026-08-15T23:25:24.000,NYPD,Drinking,In Public,Closed,BRONX
70077184,2026-08-15T23:14:22.000,,NYPD,Illegal Parking,Blocked Hydrant,In Progress,QUEENS
70073367,2026-08-15T23:14:21.000,2026-08-15T23:42:59.000,NYPD,Noise - Residential,Loud Music/Party,Closed,QUEENS
70080588,2026-08-15T23:14:09.000,2026-08-16T00:30:13.000,NYPD,Noise - Residential,Loud Music/Party,Closed,BROOKLYN
70081682,2026-08-15T23:14:09.000,2026-08-16T00:12:02.000,NYPD,Illegal Parking,Blocked Sidewalk,Closed,BRONX
70076194,2026-08-15T23:13:57.000,2026-08-16T01:22:06.000,NYPD,Illegal Parking,Commercial Overnight Parking,Closed,MANHATTAN
70078136,2026-08-15T23:13:53.000,,NYPD,Noise - Commercial,Loud Music/Party,In Progress,BROOKLYN
70079277,2026-08-15T23:13:51.000,2026-08-16T01:22:12.000,NYPD,Noise - Residential,Loud Music/Party,Closed,BROOKLYN
70073605,2026-08-15T23:13:49.000,2026-08-16T00:17:36.000,NYPD,Noise - Street/Sidewalk,Loud Music/Party,Closed,MANHATTAN
70078497,2026-08-15T23:13:48.000,2026-08-15T23:55:28.000,NYPD,Noise - Residential,Banging/Pounding,Closed,QUEENS
70076184,2026-08-15T23:13:46.000,2026-08-16T00:17:50.000,NYPD,Noise - Street/Sidewalk,Loud Music/Party,Closed,MANHATTAN
70077908,2026-08-15T23:13:43.000,2026-08-16T01:11:23.000,NYPD,Blocked Driveway,No Access,Closed,BROOKLYN
70073383,2026-08-15T23:13:35.000,2026-08-16T01:03:31.000,NYPD,Noise - Residential,Loud Music/Party,Closed,QUEENS
70081231,2026-08-15T23:13:34.000,2026-08-16T00:10:09.000,NYPD,Noise - Vehicle,Car/Truck Music,Closed,MANHATTAN
70077816,2026-08-15T23:13:14.000,2026-08-16T00:39:35.000,NYPD,Noise - Residential,Banging/Pounding,Closed,BRONX
70077344,2026-08-15T23:13:12.000,2026-08-16T00:27:15.000,NYPD,Animal-Abuse,Neglected,Closed,STATEN ISLAND
70073002,2026-08-15T23:13:08.000,,NYPD,Noise - Residential,Loud Music/Party,In Progress,BROOKLYN
70079335,2026-08-15T23:13:04.000,2026-08-16T01:11:19.000,NYPD,Noise - Residential,Loud Music/Party,Closed,BROOKLYN
70072740,2026-08-15T23:13:03.000,2026-08-15T23:35:55.000,NYPD,Noise - Street/Sidewalk,Loud Music/Party,Closed,BRONX
70073922,2026-08-15T23:12:57.000,2026-08-15T23:23:37.000,NYPD,Noise - Street/Sidewalk,Loud Music/Party,Closed,BRONX
70079508,2026-08-15T23:12:38.000,,HPD,UNSANITARY CONDITION,PESTS,Open,BRONX
70075364,2026-08-15T23:12:38.000,2026-08-16T00:39:46.000,NYPD,Encampment,N/A,Closed,MANHATTAN
70081123,2026-08-15T23:12:37.000,2026-08-16T00:27:53.000,NYPD,Noise - Residential,Banging/Pounding,Closed,QUEENS
70076191,2026-08-15T23:12:21.000,2026-08-16T00:53:41.000,NYPD,Noise - Residential,Loud Music/Party,Closed,MANHATTAN
70073245,2026-08-15T23:12:19.000,2026-08-16T00:13:50.000,NYPD,Noise - Residential,Loud Talking,Closed,BROOKLYN
70074690,2026-08-15T23:12:15.000,2026-08-15T23:27:35.000,NYPD,Noise - Commercial,Loud Music/Party,Closed,QUEENS
70077833,2026-08-15T23:12:14.000,2026-08-15T23:35:32.000,NYPD,Noise - Street/Sidewalk,Loud Music/Party,Closed,BRONX
70081757,2026-08-15T23:12:10.000,2026-08-16T00:33:54.000,NYPD,Noise - Street/Sidewalk,Loud Music/Party,Closed,BRONX
70076884,2026-08-15T23:12:09.000,2026-08-16T01:48:31.000,NYPD,Noise - Residential,Loud Music/Party,Closed,BROOKLYN
70077825,2026-08-15T23:11:59.000,2026-08-16T00:00:53.000,NYPD,Illegal Parking,Blocked Hydrant,Closed,BRONX
70079891,2026-08-15T23:11:58.000,2026-08-15T23:37:41.000,NYPD,Illegal Parking,Blocked Sidewalk,Closed,MANHATTAN
70074942,2026-08-15T23:11:54.000,2026-08-16T00:51:06.000,NYPD,Noise - Residential,Banging/Pounding,Closed,BRONX
70078446,2026-08-15T23:11:45.000,2026-08-16T01:23:04.000,NYPD,Blocked Driveway,No Access,Closed,QUEENS
70076814,2026-08-15T23:11:41.000,2026-08-15T23:39:06.000,NYPD,Noise - Street/Sidewalk,Loud Music/Party,Closed,BROOKLYN
70076627,2026-08-15T23:11:40.000,2026-08-15T23:39:01.000,NYPD,Noise - Residential,Loud Music/Party,Closed,BROOKLYN
70078369,2026-08-15T23:11:28.000,2026-08-16T01:41:32.000,NYPD,Noise - Residential,Loud Talking,Closed,BROOKLYN
70072660,2026-08-15T23:11:21.000,2026-08-16T00:12:41.000,NYPD,Noise - Residential,Loud Music/Party,Closed,BRONX
70077232,2026-08-15T23:11:19.000,2026-08-16T01:03:31.000,NYPD,Noise - Residential,Loud Music/Party,Closed,QUEENS
70080287,2026-08-15T23:10:58.000,2026-08-16T01:31:51.000,NYPD,Noise - Street/Sidewalk,Loud Music/Party,Closed,BRONX
70079307,2026-08-15T23:10:52.000,2026-08-15T23:48:05.000,NYPD,Noise - Commercial,Loud Music/Party,Closed,BROOKLYN
70074529,2026-08-15T23:10:52.000,,DOHMH,Rodent,Rat Sighting,In Progress,BRONX
70079205,2026-08-15T23:10:43.000,,NYPD,Noise - Residential,Banging/Pounding,In Progress,BROOKLYN
70075901,2026-08-15T23:10:41.000,,NYPD,Blocked Driveway,No Access,In Progress,QUEENS
70081300,2026-08-15T23:10:37.000,,NYPD,Noise - Street/Sidewalk,Loud Music/Party,In Progress,MANHATTAN
70072854,2026-08-15T23:10:37.000,2026-08-15T23:59:37.000,NYPD,Noise - Residential,Loud Music/Party,Closed,BROOKLYN
70075564,2026-08-15T23:10:31.000,2026-08-16T00:04:12.000,NYPD,Noise - Vehicle,Car/Truck Music,Closed,BROOKLYN
70079131,2026-08-15T23:10:29.000,2026-08-15T23:39:08.000,NYPD,Noise - Residential,Loud Music/Party,Closed,BRONX
70078280,2026-08-15T23:10:08.000,,HPD,HEAT/HOT WATER,ENTIRE BUILDING,Open,BRONX
70077969,2026-08-15T23:10:06.000,2026-08-16T00:14:15.000,NYPD,Noise - Street/Sidewalk,Loud Music/Party,Closed,BROOKLYN
70080646,2026-08-15T23:10:05.000,2026-08-16T00:13:22.000,NYPD,Noise - Residential,Loud Music/Party,Closed,BROOKLYN
70078078,2026-08-15T23:09:51.000,2026-08-15T23:59:16.000,NYPD,Noise - Residential,Loud Music/Party,Closed,BROOKLYN
70074020,2026-08-15T23:09:46.000,2026-08-16T00:42:14.000,NYPD,Noise - Street/Sidewalk,Loud Talking,Closed,BRONX
70077220,2026-08-15T23:09:43.000,2026-08-15T23:14:56.000,NYPD,Noise - Commercial,Loud Music/Party,Closed,QUEENS
70072619,2026-08-15T23:09:36.000,2026-08-16T00:42:49.000,NYPD,Noise - Street/Sidewalk,Loud Music/Party,Closed,BRONX
70082007,2026-08-15T23:09:18.000,2026-08-16T00:02:43.000,NYPD,Noise - Residential,Loud Music/Party,Closed,BROOKLYN
70072630,2026-08-15T23:09:16.000,,NYPD,Noise - Street/Sidewalk,Loud Music/Party,In Progress,BRONX
70076190,2026-08-15T23:09:12.000,2026-08-16T00:17:50.000,NYPD,Noise - Street/Sidewalk,Loud Music/Party,Closed,MANHATTAN
70074208,2026-08-15T23:09:12.000,,NYPD,Noise - Residential,Loud Music/Party,In Progress,BROOKLYN
70078546,2026-08-15T23:09:09.000,2026-08-16T00:48:08.000,NYPD,Illegal Parking,Commercial Overnight Parking,Closed,QUEENS
70074025,2026-08-15T23:09:07.000,2026-08-16T00:15:06.000,NYPD,Noise - Street/Sidewalk,Loud Music/Party,Closed,BRONX
70082623,2026-08-15T23:09:06.000,2026-08-16T00:59:12.000,NYPD,Illegal Fireworks,N/A,Closed,MANHATTAN
70079168,2026-08-15T23:09:01.000,2026-08-15T23:59:10.000,NYPD,Noise - Street/Sidewalk,Loud Music/Party,Closed,BRONX
70079973,2026-08-15T23:08:57.000,,NYPD,Noise - Street/Sidewalk,Loud Music/Party,In Progress,MANHATTAN
70074702,2026-08-15T23:08:56.000,2026-08-16T00:49:14.000,NYPD,Noise - Residential,Loud Music/Party,Closed,QUEENS
70080618,2026-08-15T23:08:48.000,2026-08-15T23:44:19.000,NYPD,Noise - Residential,Loud Music/Party,Closed,BROOKLYN
70078007,2026-08-15T23:08:44.000,2026-08-15T23:59:12.000,NYPD,Noise - Residential,Loud Music/Party,Closed,BROOKLYN
70078043,2026-08-15T23:08:35.000,2026-08-16T01:03:27.000,NYPD,Noise - Residential,Loud Music/Party,Closed,BROOKLYN
70077814,2026-08-15T23:08:29.000,2026-08-15T23:59:07.000,NYPD,Noise - Residential,Loud Music/Party,Closed,BRONX
70076133,2026-08-15T23:08:27.000,2026-08-16T00:05:44.000,NYPD,Noise - Residential,Loud Music/Party,Closed,MANHATTAN
70079076,2026-08-15T23:08:22.000,,NYPD,Noise - Street/Sidewalk,Loud Music/Party,In Progress,BRONX
70082416,2026-08-15T23:08:20.000,2026-08-16T00:55:29.000,NYPD,Blocked Driveway,Partial Access,Closed,QUEENS
70079959,2026-08-15T23:08:19.000,2026-08-16T00:18:04.000,NYPD,Noise - Vehicle,Car/Truck Music,Closed,MANHATTAN
70078684,2026-08-15T23:08:19.000,,NYPD,Noise - Street/Sidewalk,Loud Talking,In Progress,MANHATTAN
70073250,2026-08-15T23:08:13.000,2026-08-16T01:34:40.000,NYPD,Noise - Residential,Loud Music/Party,Closed,BROOKLYN
70072987,2026-08-15T23:08:04.000,2026-08-15T23:50:18.000,NYPD,Illegal Parking,Posted Parking Sign Violation,Closed,BROOKLYN
70072647,2026-08-15T23:08:03.000,2026-08-16T01:11:43.000,NYPD,Noise - Street/Sidewalk,Loud Music/Party,Closed,BRONX
70078125,2026-08-15T23:07:58.000,2026-08-15T23:16:07.000,NYPD,Noise - Residential,Banging/Pounding,Closed,MANHATTAN
70076885,2026-08-15T23:07:56.000,2026-08-16T01:48:18.000,NYPD,Noise - Residential,Loud Music/Party,Closed,BROOKLYN
70074006,2026-08-15T23:07:56.000,2026-08-15T23:54:27.000,NYPD,Illegal Parking,Blocked Hydrant,Closed,BRONX
70077464,2026-08-15T23:07:47.000,,NYPD,Noise - Residential,Loud Music/Party,In Progress,MANHATTAN
70081236,2026-08-15T23:07:46.000,2026-08-16T00:09:41.000,NYPD,Noise - Street/Sidewalk,Loud Music/Party,Closed,MANHATTAN
70079416,2026-08-15T23:07:38.000,,NYPD,Noise - Street/Sidewalk,Loud Music/Party,In Progress,BROOKLYN
70078145,2026-08-15T23:07:31.000,,DOHMH,Smoking or Vaping,Allowed in Smoke Free Area,In Progress,MANHATTAN
70078719,2026-08-15T23:07:29.000,,NYPD,Noise - Residential,Loud Television,In Progress,MANHATTAN
70075621,2026-08-15T23:07:25.000,,NYPD,Noise - Residential,Loud Music/Party,In Progress,BROOKLYN
70077430,2026-08-15T23:07:14.000,,NYPD,Illegal Parking,Posted Parking Sign Violation,In Progress,MANHATTAN
70079122,2026-08-15T23:07:08.000,2026-08-15T23:35:32.000,NYPD,Noise - Street/Sidewalk,Loud Music/Party,Closed,BRONX
70075570,2026-08-15T23:07:07.000,2026-08-15T23:48:10.000,NYPD,Noise - Street/Sidewalk,Loud Music/Party,Closed,BROOKLYN
70081081,2026-08-15T23:07:06.000,,NYPD,Noise - Street/Sidewalk,Loud Music/Party,In Progress,QUEENS
70078502,2026-08-15T23:07:06.000,2026-08-16T00:55:47.000,NYPD,Illegal Parking,Blocked Sidewalk,Closed,QUEENS
70078695,2026-08-15T23:07:06.000,2026-08-16T00:19:50.000,NYPD,Noise - Street/Sidewalk,Loud Music/Party,Closed,MANHATTAN
70072603,2026-08-15T23:07:05.000,2026-08-15T23:32:26.000,NYPD,Noise - Street/Sidewalk,Loud Music/Party,Closed,BRONX
70077718,2026-08-15T23:06:55.000,2026-08-15T23:14:58.000,NYPD,Noise - Street/Sidewalk,Loud Music/Party,Closed,BRONX
70081744,2026-08-15T23:06:46.000,,NYPD,Noise - Street/Sidewalk,Loud Music/Party,In Progress,BRONX
70079522,2026-08-15T23:06:38.000,,HPD,UNSANITARY CONDITION,MOLD,Open,BRONX
70073134,2026-08-15T23:06:38.000,,HPD,PAINT/PLASTER,CEILING,Open,BRONX
70081182,2026-08-15T23:06:37.000,2026-08-16T00:52:05.000,NYPD,Noise - Residential,Loud Music/Party,Closed,STATEN ISLAND
70075231,2026-08-15T23:06:22.000,,NYPD,Noise - Residential,Banging/Pounding,In Progress,BRONX
70076188,2026-08-15T23:06:22.000,2026-08-16T00:58:46.000,NYPD,Noise - Street/Sidewalk,Loud Music/Party,Closed,MANHATTAN
70077470,2026-08-15T23:06:21.000,2026-08-16T00:53:05.000,NYPD,Noise - Street/Sidewalk,Loud Music/Party,Closed,MANHATTAN
70076867,2026-08-15T23:06:20.000,2026-08-15T23:17:57.000,NYPD,Noise - Commercial,Loud Music/Party,Closed,BROOKLYN
70081430,2026-08-15T23:06:18.000,2026-08-16T00:29:02.000,NYPD,Noise - Residential,Loud Music/Party,Closed,QUEENS
70080421,2026-08-15T23:06:13.000,2026-08-16T01:07:58.000,NYPD,Noise - Street/Sidewalk,Loud Music/Party,Closed,BRONX
70078478,2026-08-15T23:06:09.000,2026-08-16T01:07:55.000,NYPD,Illegal Parking,Blocked Hydrant,Closed,QUEENS
70075354,2026-08-15T23:06:09.000,2026-08-15T23:15:45.000,NYPD,Noise - Street/Sidewalk,Loud Talking,Closed,BRONX
70081444,2026-08-15T23:06:00.000,,DOT,Traffic Signal Condition,Controller,Open,BRONX
70075497,2026-08-15T23:05:48.000,2026-08-16T01:41:47.000,NYPD,Noise - Commercial,Loud Music/Party,Closed,BROOKLYN
70078991,2026-08-15T23:05:48.000,,DEP,Noise,Dog,In Progress,BROOKLYN
70074837,2026-08-15T23:05:46.000,2026-08-15T23:59:07.000,NYPD,Animal-Abuse,No Shelter,Closed,MANHATTAN
70075345,2026-08-15T23:05:46.000,2026-08-16T00:30:20.000,NYPD,Noise - Residential,Banging/Pounding,Closed,BRONX
70075964,2026-08-15T23:05:40.000,2026-08-15T23:20:21.000,NYPD,Noise - Street/Sidewalk,Loud Music/Party,Closed,QUEENS
70079348,2026-08-15T23:05:36.000,2026-08-15T23:38:44.000,NYPD,Noise - Street/Sidewalk,Loud Music/Party,Closed,BROOKLYN
70077871,2026-08-15T23:05:36.000,2026-08-15T23:59:14.000,NYPD,Noise - Street/Sidewalk,Loud Music/Party,Closed,BRONX
70081892,2026-08-15T23:05:05.000,2026-08-15T23:18:40.000,NYPD,Noise - Residential,Loud Music/Party,Closed,BROOKLYN
70073569,2026-08-15T23:05:05.000,,NYPD,Encampment,N/A,In Progress,MANHATTAN
70073371,2026-08-15T23:05:01.000,2026-08-15T23:43:45.000,NYPD,Noise - Residential,Banging/Pounding,Closed,QUEENS
70074677,2026-08-15T23:04:59.000,2026-08-16T01:07:55.000,NYPD,Illegal Parking,Blocked Hydrant,Closed,QUEENS
70073253,2026-08-15T23:04:59.000,,NYPD,Noise - Residential,Loud Music/Party,In Progress,BROOKLYN
70073548,2026-08-15T23:04:59.000,2026-08-16T00:09:39.000,NYPD,Noise - Vehicle,Car/Truck Music,Closed,MANHATTAN
70077471,2026-08-15T23:04:58.000,2026-08-16T00:46:54.000,NYPD,Noise - Street/Sidewalk,Loud Music/Party,Closed,MANHATTAN
70082635,2026-08-15T23:04:53.000,,NYPD,Illegal Fireworks,N/A,In Progress,MANHATTAN
70081760,2026-08-15T23:04:53.000,2026-08-16T00:41:36.000,NYPD,Noise - Residential,Loud Music/Party,Closed,BRONX
70073621,2026-08-15T23:04:53.000,,NYPD,Noise - Street/Sidewalk,Loud Music/Party,In Progress,MANHATTAN
70073431,2026-08-15T23:04:41.000,2026-08-15T23:14:54.000,NYPD,Noise - Residential,Loud Music/Party,Closed,QUEENS
70076743,2026-08-15T23:04:39.000,,NYPD,Noise - Street/Sidewalk,Loud Music/Party,In Progress,BROOKLYN
70079749,2026-08-15T23:04:33.000,,NYPD,Illegal Parking,Blocked Hydrant,In Progress,QUEENS
70076672,2026-08-15T23:04:30.000,,NYPD,Noise - Residential,Loud Music/Party,In Progress,BROOKLYN
70078264,2026-08-15T23:04:19.000,,HPD,PAINT/PLASTER,WALL,Open,BRONX
70073355,2026-08-15T23:04:16.000,,NYPD,Illegal Parking,Blocked Hydrant,In Progress,QUEENS
70076193,2026-08-15T23:04:06.000,2026-08-16T00:58:36.000,NYPD,Illegal Fireworks,N/A,Closed,MANHATTAN
70076653,2026-08-15T23:04:06.000,,NYPD,Illegal Parking,Blocked Hydrant,In Progress,BROOKLYN
70074099,2026-08-15T23:04:05.000,,NYPD,Noise - Residential,Loud Music/Party,In Progress,BROOKLYN
70073333,2026-08-15T23:04:05.000,,NYPD,Noise - Residential,Loud Music/Party,In Progress,QUEENS
70077240,2026-08-15T23:03:59.000,,NYPD,Noise - Residential,Loud Music/Party,In Progress,QUEENS
70074468,2026-08-15T23:03:51.000,,HPD,HEAT/HOT WATER,ENTIRE BUILDING,Open,BRONX
70076038,2026-08-15T23:03:50.000,2026-08-15T23:14:55.000,NYPD,Noise - Residential,Loud Music/Party,Closed,QUEENS
70080809,2026-08-15T23:03:47.000,,HPD,UNSANITARY CONDITION,GARBAGE/RECYCLING STORAGE,Open,MANHATTAN
70081629,2026-08-15T23:03:47.000,2026-08-16T00:12:09.000,NYPD,Noise - Street/Sidewalk,Loud Music/Party,Closed,BRONX
70080291,2026-08-15T23:03:45.000,2026-08-15T23:15:21.000,NYPD,Illegal Parking,Blocked Sidewalk,Closed,BRONX
70073901,2026-08-15T23:03:42.000,2026-08-16T01:48:17.000,NYPD,Noise - Street/Sidewalk,Loud Music/Party,Closed,BRONX
70076161,2026-08-15T23:03:41.000,,NYPD,Noise - Park,Loud Music/Party,In Progress,MANHATTAN
70076607,2026-08-15T23:03:38.000,2026-08-15T23:15:34.000,NYPD,Noise - Vehicle,Car/Truck Music,Closed,BRONX
70078717,2026-08-15T23:03:36.000,,NYPD,Noise - Street/Sidewalk,Loud Music/Party,In Progress,MANHATTAN
70073334,2026-08-15T23:03:27.000,,NYPD,Noise - Residential,Loud Music/Party,In Progress,QUEENS
70077451,2026-08-15T23:03:21.000,2026-08-16T00:18:18.000,NYPD,Noise - Street/Sidewalk,Loud Music/Party,Closed,MANHATTAN
70079018,2026-08-15T23:03:17.000,2026-08-15T23:15:10.000,NYPD,Noise - Street/Sidewalk,Loud Music/Party,Closed,BRONX
70075581,2026-08-15T23:03:16.000,2026-08-15T23:14:53.000,NYPD,Noise - Residential,Loud Music/Party,Closed,BROOKLYN
70081132,2026-08-15T23:03:04.000,2026-08-16T00:04:58.000,NYPD,Noise - Residential,Loud Music/Party,Closed,QUEENS
70075957,2026-08-15T23:03:04.000,,NYPD,Illegal Parking,Posted Parking Sign Violation,In Progress,QUEENS
70080710,2026-08-15T23:03:03.000,,DOHMH,Food Establishment,Rodents/Insects/Garbage,In Progress,BROOKLYN
70078411,2026-08-15T23:02:39.000,2026-08-16T00:52:11.000,NYPD,Illegal Parking,Blocked Hydrant,Closed,MANHATTAN
70073547,2026-08-15T23:02:39.000,2026-08-16T00:09:38.000,NYPD,Noise - Vehicle,Car/Truck Music,Closed,MANHATTAN
70072762,2026-08-15T23:02:37.000,,NYPD,Noise - Residential,Loud Music/Party,In Progress,BROOKLYN
70076746,2026-08-15T23:02:21.000,2026-08-16T00:02:31.000,NYPD,Noise - Residential,Loud Music/Party,Closed,BROOKLYN
70077977,2026-08-15T23:02:08.000,2026-08-16T01:41:31.000,NYPD,Noise - Residential,Loud Music/Party,Closed,BROOKLYN
70079313,2026-08-15T23:02:02.000,2026-08-16T00:03:08.000,NYPD,Noise - Street/Sidewalk,Loud Music/Party,Closed,BROOKLYN
70081275,2026-08-15T23:02:02.000,2026-08-15T23:45:01.000,NYPD,Noise - Street/Sidewalk,Loud Music/Party,Closed,MANHATTAN
70080547,2026-08-15T23:01:57.000,2026-08-16T01:41:32.000,NYPD,Noise - Residential,Loud Music/Party,Closed,BROOKLYN
70074804,2026-08-15T23:01:55.000,2026-08-15T23:48:18.000,NYPD,Noise - Residential,Loud Music/Party,Closed,STATEN ISLAND
70082363,2026-08-15T23:01:54.000,2026-08-16T01:22:05.000,NYPD,Noise - Street/Sidewalk,Loud Music/Party,Closed,QUEENS
70080414,2026-08-15T23:01:54.000,2026-08-16T00:51:52.000,NYPD,Illegal Parking,Posted Parking Sign Violation,Closed,BRONX
70075462,2026-08-15T23:01:48.000,2026-08-16T01:41:31.000,NYPD,Noise - Residential,Loud Music/Party,Closed,BROOKLYN
70082382,2026-08-15T23:01:46.000,2026-08-16T00:51:40.000,NYPD,Noise - Residential,Loud Music/Party,Closed,QUEENS
70075990,2026-08-15T23:01:44.000,2026-08-15T23:16:24.000,NYPD,Noise - Residential,Loud Music/Party,Closed,QUEENS
70078718,2026-08-15T23:01:42.000,,NYPD,Noise - Street/Sidewalk,Loud Music/Party,In Progress,MANHATTAN
70075325,2026-08-15T23:01:40.000,2026-08-16T00:12:57.000,NYPD,Noise - Street/Sidewalk,Loud Music/Party,Closed,BRONX
70075255,2026-08-15T23:01:38.000,2026-08-16T00:41:31.000,NYPD,Noise - Residential,Loud Music/Party,Closed,BRONX
70076749,2026-08-15T23:01:38.000,2026-08-16T01:41:30.000,NYPD,Noise - Residential,Loud Music/Party,Closed,BROOKLYN
70078638,2026-08-15T23:01:35.000,2026-08-15T23:27:36.000,NYPD,Noise - Street/Sidewalk,Loud Talking,Closed,MANHATTAN
70078715,2026-08-15T23:01:26.000,,NYPD,Noise - Street/Sidewalk,Loud Music/Party,In Progress,MANHATTAN
70075460,2026-08-15T23:01:25.000,2026-08-16T01:41:30.000,NYPD,Noise - Residential,Loud Music/Party,Closed,BROOKLYN
70076528,2026-08-15T23:01:22.000,,NYPD,Noise - Street/Sidewalk,Loud Music/Party,In Progress,BRONX
70079494,2026-08-15T23:01:21.000,,HPD,WATER LEAK,SLOW LEAK,Open,BRONX
70078271,2026-08-15T23:01:21.000,,HPD,PAINT/PLASTER,CEILING,Open,BRONX
70074328,2026-08-15T23:01:19.000,2026-08-15T23:19:46.000,NYPD,Noise - Residential,Loud Music/Party,Closed,BROOKLYN
70077978,2026-08-15T23:01:15.000,2026-08-16T01:41:37.000,NYPD,Noise - Residential,Loud Music/Party,Closed,BROOKLYN
70080339,2026-08-15T23:01:11.000,,NYPD,Noise - Street/Sidewalk,Loud Music/Party,In Progress,BRONX
70078494,2026-08-15T23:01:10.000,2026-08-16T00:16:13.000,NYPD,Noise - Residential,Loud Music/Party,Closed,QUEENS
70077975,2026-08-15T23:01:05.000,2026-08-16T01:41:33.000,NYPD,Noise - Residential,Loud Music/Party,Closed,BROOKLYN
70080495,2026-08-15T23:01:02.000,2026-08-15T23:31:22.000,NYPD,Noise - Residential,Loud Music/Party,Closed,BROOKLYN
70081201,2026-08-15T23:01:01.000,2026-08-15T23:19:22.000,NYPD,Noise - Street/Sidewalk,Loud Music/Party,Closed,STATEN ISLAND
70075459,2026-08-15T23:00:54.000,2026-08-16T01:41:30.000,NYPD,Noise - Residential,Loud Music/Party,Closed,BROOKLYN
70073295,2026-08-15T23:00:52.000,2026-08-15T23:37:45.000,NYPD,Noise - Residential,Loud Talking,Closed,QUEENS
70072790,2026-08-15T23:00:50.000,2026-08-16T01:28:54.000,NYPD,Noise - Residential,Loud Music/Party,Closed,BROOKLYN
70072855,2026-08-15T23:00:47.000,2026-08-15T23:49:28.000,NYPD,Noise - Residential,Loud Music/Party,Closed,BROOKLYN
70074711,2026-08-15T23:00:47.000,,NYPD,Noise - Residential,Loud Music/Party,In Progress,QUEENS
70075865,2026-08-15T23:00:44.000,2026-08-15T23:50:55.000,NYPD,Noise - Residential,Banging/Pounding,Closed,BRONX
70082042,2026-08-15T23:00:36.000,2026-08-15T23:08:50.000,NYPD,Illegal Parking,Blocked Hydrant,Closed,BROOKLYN
70076609,2026-08-15T23:00:36.000,2026-08-16T00:49:57.000,NYPD,Noise - Street/Sidewalk,Loud Music/Party,Closed,BRONX
70074241,2026-08-15T23:00:31.000,2026-08-16T00:07:57.000,NYPD,Noise - Park,Loud Music/Party,Closed,BROOKLYN
70080673,2026-08-15T23:00:28.000,2026-08-15T23:35:41.000,NYPD,Illegal Parking,Blocked Bike Lane,Closed,BROOKLYN
70078687,2026-08-15T23:00:27.000,,NYPD,Noise - Street/Sidewalk,Loud Music/Party,In Progress,MANHATTAN
70076724,2026-08-15T23:00:27.000,2026-08-15T23:17:54.000,NYPD,Noise - Commercial,Loud Music/Party,Closed,BROOKLYN
70077508,2026-08-15T23:00:25.000,,DSNY,Dead Animal,Cat,In Progress,BROOKLYN
70078699,2026-08-15T23:00:20.000,2026-08-16T00:57:28.000,NYPD,Noise - Street/Sidewalk,Loud Music/Party,Closed,MANHATTAN
70079713,2026-08-15T23:00:16.000,2026-08-15T23:09:20.000,NYPD,Noise - Residential,Loud Music/Party,Closed,QUEENS
70075980,2026-08-15T23:00:07.000,2026-08-15T23:14:57.000,NYPD,Noise - Commercial,Loud Music/Party,Closed,QUEENS
70079271,2026-08-15T23:00:02.000,,NYPD,Noise - Residential,Loud Music/Party,In Progress,BROOKLYN
70079996,2026-08-15T23:00:01.000,2026-08-16T00:22:50.000,NYPD,Noise - Street/Sidewalk,Loud Music/Party,Closed,BRONX
70074215,2026-08-15T23:00:01.000,2026-08-16T00:30:13.000,NYPD,Noise - Residential,Loud Music/Party,Closed,BROOKLYN
70080970,2026-08-15T22:59:58.000,2026-08-15T23:50:41.000,NYPD,Illegal Parking,Blocked Crosswalk,Closed,QUEENS
70081748,2026-08-15T22:59:55.000,2026-08-16T00:03:51.000,NYPD,Noise - Residential,Loud Music/Party,Closed,BRONX
70076432,2026-08-15T22:59:52.000,,DEP,Water Maintenance,Fire Hydrant Defective,In Progress,QUEENS
70078859,2026-08-15T22:59:46.000,2026-08-16T00:42:37.000,NYPD,Noise - Residential,Loud Music/Party,Closed,QUEENS
70080519,2026-08-15T22:59:36.000,2026-08-15T23:38:00.000,NYPD,Noise - Residential,Loud Music/Party,Closed,MANHATTAN
70078579,2026-08-15T22:59:36.000,2026-08-16T00:46:53.000,NYPD,Blocked Driveway,No Access,Closed,QUEENS
70076534,2026-08-15T22:59:33.000,,NYPD,Noise - Street/Sidewalk,Loud Music/Party,In Progress,BRONX
70081404,2026-08-15T22:59:30.000,,DSNY,Dirty Condition,Trash,In Progress,BROOKLYN
70078974,2026-08-15T22:59:28.000,,DEP,Water Conservation,Water Waste,In Progress,QUEENS
70073627,2026-08-15T22:59:27.000,,NYPD,Illegal Fireworks,N/A,In Progress,MANHATTAN
70080446,2026-08-15T22:59:26.000,,NYPD,Illegal Parking,Double Parked Blocking Vehicle,In Progress,BROOKLYN
70076543,2026-08-15T22:59:25.000,2026-08-15T23:14:56.000,NYPD,Noise - Street/Sidewalk,Loud Music/Party,Closed,BRONX
70082406,2026-08-15T22:59:23.000,2026-08-15T23:43:02.000,NYPD,Noise - Street/Sidewalk,Loud Music/Party,Closed,QUEENS
70077941,2026-08-15T22:59:15.000,2026-08-16T00:41:30.000,NYPD,Noise - Street/Sidewalk,Loud Music/Party,Closed,BROOKLYN
70081589,2026-08-15T22:59:08.000,,DEP,Noise,Dog,In Progress,QUEENS
70082540,2026-08-15T22:59:04.000,,NYPD,Noise - Residential,Loud Music/Party,In Progress,STATEN ISLAND
70074845,2026-08-15T22:58:53.000,,NYPD,Noise - Residential,Loud Talking,In Progress,MANHATTAN
70081302,2026-08-15T22:58:48.000,,NYPD,Noise - Street/Sidewalk,Loud Music/Party,In Progress,MANHATTAN
70075875,2026-08-15T22:58:42.000,2026-08-16T00:32:16.000,NYPD,Noise - Residential,Loud Music/Party,Closed,MANHATTAN
70079820,2026-08-15T22:58:41.000,2026-08-15T23:14:54.000,NYPD,Blocked Driveway,Partial Access,Closed,QUEENS
70078727,2026-08-15T22:58:40.000,2026-08-16T00:49:29.000,NYPD,Noise - Street/Sidewalk,Loud Music/Party,Closed,MANHATTAN
70078972,2026-08-15T22:58:39.000,,DEP,Water Maintenance,Dirty Water,In Progress,QUEENS
70076825,2026-08-15T22:58:34.000,2026-08-15T23:31:19.000,NYPD,Noise - Residential,Loud Music/Party,Closed,BROOKLYN
70078037,2026-08-15T22:58:34.000,2026-08-16T00:42:32.000,NYPD,Noise - Residential,Loud Music/Party,Closed,BROOKLYN
70072658,2026-08-15T22:58:32.000,2026-08-16T00:05:53.000,NYPD,Noise - Residential,Loud Music/Party,Closed,BRONX
70076714,2026-08-15T22:58:27.000,,NYPD,Illegal Parking,Blocked Hydrant,In Progress,BROOKLYN
70081641,2026-08-15T22:58:25.000,2026-08-16T01:48:16.000,NYPD,Noise - Street/Sidewalk,Loud Music/Party,Closed,BRONX
70082009,2026-08-15T22:58:23.000,2026-08-16T00:13:22.000,NYPD,Noise - Residential,Loud Music/Party,Closed,BROOKLYN
70075144,2026-08-15T22:58:22.000,,DEP,Sewer Maintenance,Catch Basin Search,In Progress,STATEN ISLAND
70082176,2026-08-15T22:58:16.000,,HPD,UNSANITARY CONDITION,GARBAGE/RECYCLING STORAGE,Open,BROOKLYN
70075266,2026-08-15T22:58:16.000,2026-08-16T00:27:11.000,NYPD,Noise - Residential,Loud Music/Party,Closed,BRONX
70075995,2026-08-15T22:58:14.000,2026-08-16T01:03:31.000,NYPD,Noise - Residential,Loud Music/Party,Closed,QUEENS
70072693,2026-08-15T22:58:13.000,,NYPD,Noise - Street/Sidewalk,Loud Music/Party,In Progress,BRONX
70080068,2026-08-15T22:58:12.000,,DSNY,Illegal Dumping,Removal Request,In Progress,BRONX
70079119,2026-08-15T22:58:11.000,,NYPD,Noise - Street/Sidewalk,Loud Music/Party,In Progress,BRONX
70076781,2026-08-15T22:58:01.000,2026-08-15T23:19:26.000,NYPD,Noise - Residential,Loud Music/Party,Closed,BROOKLYN
70076236,2026-08-15T22:57:56.000,,DPR,Maintenance or Facility,Rodent Sighting,In Progress,QUEENS
70077748,2026-08-15T22:57:54.000,,NYPD,Noise - Street/Sidewalk,Loud Music/Party,In Progress,BRONX
70079877,2026-08-15T22:57:51.000,2026-08-15T23:36:49.000,NYPD,Illegal Parking,Blocked Hydrant,Closed,STATEN ISLAND
70077530,2026-08-15T22:57:48.000,,DSNY,Illegal Dumping,Removal Request,In Progress,MANHATTAN
70077283,2026-08-15T22:57:41.000,2026-08-15T22:58:30.000,NYPD,Noise - Residential,Loud Music/Party,Closed,QUEENS
70073940,2026-08-15T22:57:39.000,,NYPD,Noise - Street/Sidewalk,Loud Music/Party,In Progress,BRONX
70079800,2026-08-15T22:57:23.000,2026-08-15T23:09:27.000,NYPD,Noise - Residential,Loud Music/Party,Closed,QUEENS
70075327,2026-08-15T22:57:22.000,2026-08-15T23:31:20.000,NYPD,Noise - Residential,Loud Music/Party,Closed,BRONX
70081979,2026-08-15T22:57:12.000,2026-08-15T23:48:48.000,NYPD,Noise - Street/Sidewalk,Loud Music/Party,Closed,BROOKLYN
70074706,2026-08-15T22:57:11.000,2026-08-15T23:01:34.000,NYPD,Noise - Vehicle,Car/Truck Horn,Closed,QUEENS
70074214,2026-08-15T22:57:08.000,2026-08-16T00:04:30.000,NYPD,Noise - Residential,Loud Music/Party,Closed,BROOKLYN
70075551,2026-08-15T22:57:00.000,2026-08-15T23:48:45.000,NYPD,Noise - Residential,Loud Music/Party,Closed,BROOKLYN
70080999,2026-08-15T22:56:51.000,2026-08-15T23:18:02.000,NYPD,Noise - Residential,Loud Music/Party,Closed,QUEENS
70078132,2026-08-15T22:56:45.000,2026-08-16T00:57:37.000,NYPD,Illegal Parking,Blocked Crosswalk,Closed,BROOKLYN
70073925,2026-08-15T22:56:41.000,2026-08-15T23:20:10.000,NYPD,Illegal Parking,Double Parked Blocking Traffic,Closed,BRONX
70081038,2026-08-15T22:56:37.000,2026-08-16T00:21:18.000,NYPD,Noise - Residential,Loud Music/Party,Closed,QUEENS
70079274,2026-08-15T22:56:36.000,2026-08-16T00:06:36.000,NYPD,Noise - Street/Sidewalk,Loud Music/Party,Closed,BROOKLYN
70077073,2026-08-15T22:56:34.000,,DOHMH,Rodent,Condition Attracting Rodents,In Progress,QUEENS
70073532,2026-08-15T22:56:22.000,2026-08-15T23:14:55.000,NYPD,Noise - Residential,Loud Music/Party,Closed,MANHATTAN
70075874,2026-08-15T22:56:16.000,2026-08-16T00:53:43.000,NYPD,Noise - Residential,Loud Music/Party,Closed,MANHATTAN
70076042,2026-08-15T22:56:07.000,2026-08-15T22:56:58.000,NYPD,Noise - Residential,Loud Music/Party,Closed,QUEENS
70079676,2026-08-15T22:56:04.000,2026-08-16T00:58:16.000,NYPD,Illegal Parking,Posted Parking Sign Violation,Closed,MANHATTAN
70074217,2026-08-15T22:56:04.000,2026-08-16T00:09:36.000,NYPD,Noise - Residential,Loud Music/Party,Closed,BROOKLYN
70080116,2026-08-15T22:56:00.000,,DOT,Traffic Signal Condition,Controller,Open,QUEENS
70077460,2026-08-15T22:55:58.000,,NYPD,Noise - Street/Sidewalk,Loud Music/Party,In Progress,MANHATTAN
70074691,2026-08-15T22:55:57.000,2026-08-15T23:15:20.000,NYPD,Noise - Commercial,Loud Music/Party,Closed,QUEENS
70078612,2026-08-15T22:55:54.000,2026-08-16T00:42:21.000,NYPD,Noise - Residential,Loud Music/Party,Closed,STATEN ISLAND
70077156,2026-08-15T22:55:51.000,2026-08-15T23:15:42.000,NYPD,Illegal Parking,Blocked Hydrant,Closed,QUEENS
70072953,2026-08-15T22:55:51.000,2026-08-16T00:13:22.000,NYPD,Noise - Residential,Loud Music/Party,Closed,BROOKLYN
70081876,2026-08-15T22:55:49.000,2026-08-15T23:17:54.000,NYPD,Noise - Commercial,Loud Music/Party,Closed,BROOKLYN
70074636,2026-08-15T22:55:44.000,2026-08-16T00:59:09.000,NYPD,Noise - Residential,Loud Music/Party,Closed,QUEENS
70077423,2026-08-15T22:55:42.000,,NYPD,Noise - Street/Sidewalk,Loud Talking,In Progress,MANHATTAN
70073624,2026-08-15T22:55:30.000,,NYPD,Noise - Street/Sidewalk,Loud Music/Party,In Progress,MANHATTAN
70074824,2026-08-15T22:55:27.000,,NYPD,Illegal Parking,Blocked Hydrant,In Progress,STATEN ISLAND
70075894,2026-08-15T22:55:24.000,2026-08-15T23:50:18.000,NYPD,Illegal Parking,Blocked Hydrant,Closed,QUEENS
70074595,2026-08-15T22:55:22.000,2026-08-16T00:42:41.000,NYPD,Abandoned Vehicle,With License Plate,Closed,MANHATTAN
70075605,2026-08-15T22:55:21.000,2026-08-15T23:23:36.000,NYPD,Noise - Street/Sidewalk,Loud Music/Party,Closed,BROOKLYN
70078113,2026-08-15T22:55:14.000,2026-08-15T23:07:08.000,NYPD,Noise - Street/Sidewalk,Loud Music/Party,Closed,BROOKLYN
70076778,2026-08-15T22:55:12.000,2026-08-16T00:29:52.000,NYPD,Noise - Residential,Loud Music/Party,Closed,BROOKLYN
70079387,2026-08-15T22:55:10.000,2026-08-15T23:09:01.000,NYPD,Illegal Parking,Posted Parking Sign Violation,Closed,BROOKLYN
70074061,2026-08-15T22:55:08.000,2026-08-15T23:01:32.000,NYPD,Noise - Park,Loud Music/Party,Closed,BROOKLYN
70072635,2026-08-15T22:55:08.000,,NYPD,Noise - Street/Sidewalk,Loud Music/Party,In Progress,BRONX
70079111,2026-08-15T22:55:02.000,2026-08-16T00:09:40.000,NYPD,Noise - Commercial,Loud Music/Party,Closed,BRONX
70079974,2026-08-15T22:55:01.000,,NYPD,Noise - Street/Sidewalk,Loud Music/Party,In Progress,MANHATTAN
70075988,2026-08-15T22:55:00.000,2026-08-16T00:09:41.000,NYPD,Illegal Parking,Blocked Hydrant,Closed,QUEENS
70077457,2026-08-15T22:54:56.000,,NYPD,Noise - Vehicle,Car/Truck Music,In Progress,MANHATTAN
70081738,2026-08-15T22:54:55.000,,NYPD,Noise - Street/Sidewalk,Loud Music/Party,In Progress,BRONX
70073568,2026-08-15T22:54:51.000,2026-08-15T23:56:15.000,NYPD,Illegal Parking,Blocked Hydrant,Closed,MANHATTAN
70081953,2026-08-15T22:54:43.000,2026-08-16T00:09:50.000,NYPD,Noise - Residential,Loud Music/Party,Closed,BROOKLYN
70081062,2026-08-15T22:54:43.000,2026-08-16T00:05:11.000,NYPD,Noise - Residential,Loud Music/Party,Closed,QUEENS
70082490,2026-08-15T22:54:39.000,2026-08-15T23:50:32.000,NYPD,Noise - Residential,Loud Music/Party,Closed,QUEENS
70074605,2026-08-15T22:54:26.000,2026-08-16T00:39:36.000,NYPD,Illegal Parking,Posted Parking Sign Violation,Closed,MANHATTAN
70076245,2026-08-15T22:54:22.000,,DSNY,Obstruction,Trash or Recycling,In Progress,STATEN ISLAND
70076447,2026-08-15T22:54:17.000,,DEP,Sewer Maintenance,Catch Basin Clogged,In Progress,QUEENS
70077285,2026-08-15T22:54:13.000,2026-08-15T22:56:38.000,NYPD,Noise - Residential,Loud Music/Party,Closed,QUEENS
70073611,2026-08-15T22:54:12.000,2026-08-16T00:54:41.000,NYPD,Noise - Residential,Loud Music/Party,Closed,MANHATTAN
70075420,2026-08-15T22:54:11.000,2026-08-16T00:17:02.000,NYPD,Noise - Street/Sidewalk,Loud Music/Party,Closed,BROOKLYN
70079193,2026-08-15T22:54:09.000,,NYPD,Illegal Parking,Blocked Hydrant,In Progress,BROOKLYN
70080115,2026-08-15T22:54:00.000,,DOT,Traffic Signal Condition,Controller,Open,QUEENS
70074938,2026-08-15T22:54:00.000,2026-08-15T23:01:34.000,NYPD,Noise - Street/Sidewalk,Loud Music/Party,Closed,BRONX
70079109,2026-08-15T22:53:54.000,2026-08-15T23:23:37.000,NYPD,Noise - Residential,Loud Music/Party,Closed,BRONX
70081776,2026-08-15T22:53:51.000,2026-08-15T23:15:10.000,NYPD,Noise - Vehicle,Car/Truck Music,Closed,BRONX
70080327,2026-08-15T22:53:37.000,2026-08-15T23:17:18.000,NYPD,Noise - Vehicle,Car/Truck Music,Closed,BRONX
70076845,2026-08-15T22:53:31.000,2026-08-16T00:13:22.000,NYPD,Noise - Residential,Loud Music/Party,Closed,BROOKLYN
70073434,2026-08-15T22:53:21.000,2026-08-15T23:01:33.000,NYPD,Noise - Residential,Loud Music/Party,Closed,QUEENS
70075907,2026-08-15T22:53:17.000,2026-08-15T23:27:36.000,NYPD,Noise - Residential,Loud Music/Party,Closed,QUEENS
70073420,2026-08-15T22:52:50.000,2026-08-15T22:56:38.000,NYPD,Noise - Residential,Loud Music/Party,Closed,QUEENS
70081036,2026-08-15T22:52:33.000,2026-08-16T01:03:30.000,NYPD,Noise - Residential,Loud Music/Party,Closed,QUEENS
70079154,2026-08-15T22:52:33.000,2026-08-16T00:43:31.000,NYPD,Noise - Residential,Loud Music/Party,Closed,BRONX
70079186,2026-08-15T22:52:31.000,2026-08-15T23:01:34.000,NYPD,Noise - Park,Loud Music/Party,Closed,BROOKLYN
70078979,2026-08-15T22:52:26.000,2026-08-15T23:37:00.000,DEP,Water Maintenance,Fire Hydrant Running,Closed,MANHATTAN
70082598,2026-08-15T22:52:24.000,2026-08-15T23:54:29.000,NYPD,Illegal Parking,Blocked Hydrant,Closed,MANHATTAN
70077839,2026-08-15T22:52:20.000,2026-08-15T23:31:23.000,NYPD,Noise - Residential,Loud Music/Party,Closed,BRONX
70072797,2026-08-15T22:52:19.000,2026-08-15T23:39:54.000,NYPD,Animal-Abuse,Neglected,Closed,BROOKLYN
70075731,2026-08-15T22:52:10.000,,HPD,UNSANITARY CONDITION,PESTS,Open,MANHATTAN
70080648,2026-08-15T22:52:08.000,2026-08-15T23:14:53.000,NYPD,Noise - Residential,Loud Music/Party,Closed,BROOKLYN
70081764,2026-08-15T22:51:59.000,2026-08-16T00:41:00.000,NYPD,Noise - Residential,Loud Music/Party,Closed,BRONX
70074733,2026-08-15T22:51:56.000,2026-08-16T01:17:14.000,NYPD,Illegal Parking,Posted Parking Sign Violation,Closed,QUEENS
70082507,2026-08-15T22:51:53.000,,NYPD,Illegal Parking,Blocked Hydrant,In Progress,QUEENS
70082415,2026-08-15T22:51:52.000,2026-08-15T23:15:43.000,NYPD,Noise - Commercial,Loud Music/Party,Closed,QUEENS
70074005,2026-08-15T22:51:45.000,2026-08-15T23:35:35.000,NYPD,Noise - Commercial,Loud Music/Party,Closed,BRONX
70082016,2026-08-15T22:51:41.000,2026-08-15T23:43:01.000,NYPD,Noise - Commercial,Loud Music/Party,Closed,BROOKLYN
70079687,2026-08-15T22:51:40.000,2026-08-15T23:35:37.000,NYPD,Illegal Parking,Double Parked Blocking Traffic,Closed,QUEENS
70077842,2026-08-15T22:51:29.000,2026-08-15T23:17:22.000,NYPD,Noise - Park,Loud Music/Party,Closed,BRONX
70081919,2026-08-15T22:51:25.000,,DOT,Street Condition,Cave-in,In Progress,QUEENS
70074573,2026-08-15T22:51:25.000,2026-08-16T00:59:25.000,NYPD,Noise - Street/Sidewalk,Loud Music/Party,Closed,MANHATTAN
70075500,2026-08-15T22:51:23.000,2026-08-15T23:15:31.000,NYPD,Noise - Street/Sidewalk,Loud Music/Party,Closed,BROOKLYN
70076198,2026-08-15T22:51:14.000,,NYPD,Noise - Street/Sidewalk,Loud Music/Party,In Progress,MANHATTAN
70076217,2026-08-15T22:51:13.000,2026-08-16T01:32:54.000,NYPD,Noise - Street/Sidewalk,Loud Music/Party,Closed,BRONX
70073589,2026-08-15T22:51:09.000,2026-08-16T00:41:15.000,NYPD,Noise - Residential,Loud Music/Party,Closed,MANHATTAN
70076258,2026-08-15T22:51:01.000,,DSNY,Obstruction,Cone,In Progress,QUEENS
70077710,2026-08-15T22:50:54.000,,DEP,Noise,Alarm,In Progress,MANHATTAN
70074744,2026-08-15T22:50:52.000,2026-08-15T22:56:38.000,NYPD,Noise - Residential,Loud Music/Party,Closed,QUEENS
70072467,2026-08-15T22:50:45.000,,DSNY,Graffiti,Graffiti,Open,STATEN ISLAND
70080476,2026-08-15T22:50:44.000,2026-08-16T01:07:59.000,NYPD,Noise - Park,Loud Talking,Closed,BROOKLYN
70078396,2026-08-15T22:50:39.000,2026-08-15T23:17:54.000,NYPD,Noise - Residential,Banging/Pounding,Closed,QUEENS
70076167,2026-08-15T22:50:29.000,2026-08-16T00:09:41.000,NYPD,Noise - Street/Sidewalk,Loud Music/Party,Closed,MANHATTAN
70079990,2026-08-15T22:50:27.000,,NYPD,Noise - Residential,Loud Music/Party,In Progress,BRONX
70074107,2026-08-15T22:50:20.000,2026-08-16T01:42:42.000,NYPD,Noise - Residential,Loud Music/Party,Closed,BROOKLYN
70082290,2026-08-15T22:50:14.000,2026-08-16T00:52:34.000,NYPD,Noise - Street/Sidewalk,Loud Music/Party,Closed,MANHATTAN
70077409,2026-08-15T22:50:12.000,2026-08-15T23:08:44.000,NYPD,Noise - Street/Sidewalk,Loud Music/Party,Closed,MANHATTAN
70078434,2026-08-15T22:50:10.000,2026-08-15T22:55:32.000,NYPD,Noise - Vehicle,Car/Truck Music,Closed,QUEENS
70076678,2026-08-15T22:50:05.000,2026-08-15T23:06:53.000,NYPD,Noise - Residential,Loud Music/Party,Closed,BROOKLYN
70079024,2026-08-15T22:50:05.000,2026-08-16T00:12:05.000,NYPD,Noise - Street/Sidewalk,Loud Music/Party,Closed,BRONX
70081775,2026-08-15T22:50:04.000,2026-08-15T23:15:00.000,NYPD,Noise - Vehicle,Car/Truck Music,Closed,BRONX
70077749,2026-08-15T22:50:04.000,,NYPD,Noise - Street/Sidewalk,Loud Music/Party,In Progress,BRONX
70079059,2026-08-15T22:50:01.000,2026-08-16T00:09:41.000,NYPD,Noise - Street/Sidewalk,Loud Music/Party,Closed,BRONX
70080711,2026-08-15T22:50:00.000,,DOHMH,Food Establishment,Rodents/Insects/Garbage,In Progress,MANHATTAN
70076784,2026-08-15T22:50:00.000,2026-08-16T00:56:30.000,NYPD,Blocked Driveway,No Access,Closed,BROOKLYN
70075623,2026-08-15T22:49:59.000,,NYPD,Illegal Parking,Commercial Overnight Parking,In Progress,BROOKLYN
70072719,2026-08-15T22:49:59.000,2026-08-16T00:45:58.000,NYPD,Noise - Street/Sidewalk,Loud Music/Party,Closed,BRONX
70075347,2026-08-15T22:49:57.000,2026-08-16T00:46:07.000,NYPD,Illegal Fireworks,N/A,Closed,BRONX
70076146,2026-08-15T22:49:55.000,2026-08-15T23:01:34.000,NYPD,Illegal Parking,Blocked Hydrant,Closed,MANHATTAN
70077316,2026-08-15T22:49:51.000,,NYPD,Noise - Street/Sidewalk,Loud Talking,In Progress,QUEENS
70079367,2026-08-15T22:49:42.000,2026-08-15T23:36:23.000,NYPD,Noise - Street/Sidewalk,Loud Music/Party,Closed,BROOKLYN
70076636,2026-08-15T22:49:40.000,,NYPD,Noise - Residential,Loud Music/Party,In Progress,BROOKLYN
70077903,2026-08-15T22:49:33.000,2026-08-15T23:24:21.000,NYPD,Noise - Residential,Banging/Pounding,Closed,BROOKLYN
70081982,2026-08-15T22:49:24.000,2026-08-15T23:48:43.000,NYPD,Noise - Street/Sidewalk,Loud Music/Party,Closed,BROOKLYN
70072941,2026-08-15T22:49:21.000,2026-08-15T23:06:55.000,NYPD,Noise - Residential,Loud Music/Party,Closed,BROOKLYN
70078702,2026-08-15T22:49:07.000,2026-08-15T22:50:05.000,NYPD,Noise - Street/Sidewalk,Loud Music/Party,Closed,MANHATTAN
70078414,2026-08-15T22:48:58.000,2026-08-15T23:00:28.000,NYPD,Noise - Residential,Loud Music/Party,Closed,QUEENS
70076129,2026-08-15T22:48:48.000,,NYPD,Noise - Residential,Loud Music/Party,In Progress,MANHATTAN
70082465,2026-08-15T22:48:45.000,2026-08-15T22:56:57.000,NYPD,Noise - Residential,Loud Music/Party,Closed,QUEENS
70073423,2026-08-15T22:48:40.000,2026-08-15T22:52:25.000,NYPD,Noise - Residential,Loud Music/Party,Closed,QUEENS
70079690,2026-08-15T22:48:39.000,2026-08-15T23:08:32.000,NYPD,Noise - Residential,Loud Music/Party,Closed,QUEENS
70077215,2026-08-15T22:48:34.000,2026-08-15T23:10:10.000,NYPD,Noise - Residential,Loud Music/Party,Closed,QUEENS
70082427,2026-08-15T22:48:32.000,2026-08-16T01:03:31.000,NYPD,Noise - Residential,Loud Music/Party,Closed,QUEENS
70078080,2026-08-15T22:48:25.000,2026-08-15T23:14:55.000,NYPD,Noise - Residential,Loud Music/Party,Closed,BROOKLYN
70081443,2026-08-15T22:48:23.000,,DOT,Street Condition,Pothole,Open,QUEENS
70075558,2026-08-15T22:48:21.000,2026-08-15T23:01:32.000,NYPD,Noise - Residential,Loud Music/Party,Closed,BROOKLYN
70076141,2026-08-15T22:48:20.000,2026-08-15T23:01:41.000,NYPD,Noise - Residential,Loud Music/Party,Closed,MANHATTAN
70081683,2026-08-15T22:48:20.000,,NYPD,Noise - Street/Sidewalk,Loud Music/Party,In Progress,BRONX
70072898,2026-08-15T22:47:59.000,2026-08-15T23:55:11.000,NYPD,Noise - Residential,Loud Music/Party,Closed,BROOKLYN
70079992,2026-08-15T22:47:55.000,2026-08-15T23:32:18.000,NYPD,Non-Emergency Police Matter,Other (complaint details),Closed,BRONX
70078862,2026-08-15T22:47:54.000,2026-08-16T00:39:35.000,NYPD,Illegal Parking,Blocked Hydrant,Closed,QUEENS
70079017,2026-08-15T22:47:53.000,2026-08-15T23:14:57.000,NYPD,Noise - Street/Sidewalk,Loud Music/Party,Closed,BRONX
70079392,2026-08-15T22:47:52.000,2026-08-16T00:22:53.000,NYPD,Noise - Street/Sidewalk,Loud Talking,Closed,BROOKLYN
70072739,2026-08-15T22:47:49.000,2026-08-16T01:11:19.000,NYPD,Noise - Street/Sidewalk,Loud Music/Party,Closed,BRONX
70080533,2026-08-15T22:47:47.000,2026-08-16T00:54:57.000,NYPD,Blocked Driveway,No Access,Closed,BROOKLYN
70074041,2026-08-15T22:47:41.000,2026-08-15T23:14:57.000,NYPD,Noise - Vehicle,Car/Truck Music,Closed,BRONX
70075472,2026-08-15T22:47:40.000,,DOT,Street Condition,Plate Condition - Shifted,In Progress,QUEENS
70082018,2026-08-15T22:47:29.000,2026-08-15T23:36:15.000,NYPD,Noise - Commercial,Loud Music/Party,Closed,BROOKLYN
70079393,2026-08-15T22:47:24.000,2026-08-15T23:06:54.000,NYPD,Noise - Street/Sidewalk,Loud Music/Party,Closed,BROOKLYN
70074858,2026-08-15T22:47:17.000,2026-08-15T23:14:55.000,NYPD,Noise - Street/Sidewalk,Loud Music/Party,Closed,MANHATTAN
70073982,2026-08-15T22:47:15.000,2026-08-15T23:44:12.000,NYPD,Illegal Parking,Double Parked Blocking Traffic,Closed,BRONX
70081638,2026-08-15T22:47:12.000,,NYPD,Noise - Residential,Loud Music/Party,In Progress,BRONX
70081839,2026-08-15T22:46:57.000,,NYPD,Noise - Street/Sidewalk,Loud Music/Party,In Progress,BROOKLYN
70072613,2026-08-15T22:46:40.000,,NYPD,Blocked Driveway,No Access,In Progress,BRONX
70080227,2026-08-15T22:46:39.000,2026-08-15T22:47:00.000,DEP,Water Maintenance,Water Main Break,Closed,BROOKLYN
70078073,2026-08-15T22:46:35.000,2026-08-16T00:00:26.000,NYPD,Noise - Street/Sidewalk,Loud Music/Party,Closed,BROOKLYN
70079772,2026-08-15T22:46:31.000,,NYPD,Noise - Residential,Banging/Pounding,In Progress,QUEENS
70076099,2026-08-15T22:46:31.000,2026-08-15T23:37:53.000,NYPD,Noise - Residential,Loud Music/Party,Closed,STATEN ISLAND
70078062,2026-08-15T22:46:27.000,2026-08-15T23:39:43.000,NYPD,Noise - Street/Sidewalk,Loud Music/Party,Closed,BROOKLYN
70076474,2026-08-15T22:46:26.000,2026-08-15T23:16:19.000,NYPD,Noise - Residential,Loud Music/Party,Closed,BRONX
70078127,2026-08-15T22:46:20.000,2026-08-15T23:23:36.000,NYPD,Noise - Commercial,Loud Talking,Closed,MANHATTAN
70072780,2026-08-15T22:46:14.000,,NYPD,Noise - Street/Sidewalk,Loud Music/Party,In Progress,BROOKLYN
70080340,2026-08-15T22:46:13.000,,NYPD,Noise - Street/Sidewalk,Loud Music/Party,In Progress,BRONX
70078750,2026-08-15T22:46:08.000,2026-08-15T23:31:49.000,NYPD,Drinking,In Public,Closed,BRONX
70080869,2026-08-15T22:46:03.000,,HPD,ELECTRIC,POWER OUTAGE,Open,BRONX
70076829,2026-08-15T22:46:02.000,2026-08-15T23:01:31.000,NYPD,Noise - Residential,Loud Music/Party,Closed,BROOKLYN
70079485,2026-08-15T22:45:55.000,,DOHMH,Indoor Air Quality,Chemical Vapors/Gases/Odors,In Progress,MANHATTAN
70078065,2026-08-15T22:45:55.000,2026-08-15T23:07:03.000,NYPD,Noise - Residential,Loud Music/Party,Closed,BROOKLYN
70074811,2026-08-15T22:45:53.000,2026-08-16T00:10:46.000,NYPD,Noise - Residential,Loud Music/Party,Closed,STATEN ISLAND
70076999,2026-08-15T22:45:51.000,,HPD,UNSANITARY CONDITION,GARBAGE/RECYCLING STORAGE,Open,BROOKLYN
70081520,2026-08-15T22:45:50.000,2026-08-15T22:57:59.000,DPR,Violation of Park Rules,BBQ Outside Authorized Area,Closed,MANHATTAN
70081064,2026-08-15T22:45:39.000,2026-08-15T23:15:33.000,NYPD,Noise - Commercial,Loud Music/Party,Closed,QUEENS
70075332,2026-08-15T22:45:35.000,2026-08-16T00:52:17.000,NYPD,Traffic,Congestion/Gridlock,Closed,MANHATTAN
70076608,2026-08-15T22:45:29.000,2026-08-16T00:39:35.000,NYPD,Noise - Street/Sidewalk,Loud Talking,Closed,BRONX
70077751,2026-08-15T22:45:24.000,,NYPD,Noise - Residential,Loud Music/Party,In Progress,BRONX
70077752,2026-08-15T22:45:14.000,,NYPD,Noise - Residential,Loud Music/Party,In Progress,BRONX
70080466,2026-08-15T22:45:01.000,2026-08-15T23:24:32.000,NYPD,Noise - Residential,Banging/Pounding,Closed,BROOKLYN
70081780,2026-08-15T22:44:59.000,2026-08-15T23:35:41.000,NYPD,Noise - Street/Sidewalk,Loud Music/Party,Closed,BRONX
70078519,2026-08-15T22:44:58.000,,NYPD,Illegal Parking,Blocked Crosswalk,In Progress,QUEENS
70079183,2026-08-15T22:44:56.000,2026-08-15T23:01:31.000,NYPD,Noise - Street/Sidewalk,Loud Music/Party,Closed,BROOKLYN
70076680,2026-08-15T22:44:56.000,2026-08-15T23:02:19.000,NYPD,Noise - Residential,Loud Music/Party,Closed,BROOKLYN
70073640,2026-08-15T22:44:49.000,2026-08-16T00:46:30.000,NYPD,Noise - Commercial,Loud Music/Party,Closed,MANHATTAN
70079075,2026-08-15T22:44:45.000,,NYPD,Noise - Street/Sidewalk,Loud Music/Party,In Progress,BRONX
70076216,2026-08-15T22:44:45.000,2026-08-15T23:32:04.000,NYPD,Noise - Street/Sidewalk,Loud Music/Party,Closed,BRONX
70076101,2026-08-15T22:44:39.000,2026-08-16T00:29:58.000,NYPD,Illegal Fireworks,N/A,Closed,STATEN ISLAND
70082019,2026-08-15T22:44:36.000,2026-08-16T00:13:49.000,NYPD,Noise - Commercial,Loud Music/Party,Closed,BROOKLYN
70082469,2026-08-15T22:44:32.000,2026-08-16T00:02:03.000,NYPD,Noise - Residential,Loud Music/Party,Closed,QUEENS
70073519,2026-08-15T22:44:30.000,2026-08-15T23:19:09.000,NYPD,Noise - Residential,Loud Music/Party,Closed,STATEN ISLAND
70081136,2026-08-15T22:44:27.000,2026-08-15T23:09:36.000,NYPD,Noise - Residential,Loud Music/Party,Closed,QUEENS
70072967,2026-08-15T22:44:25.000,2026-08-15T23:16:11.000,NYPD,Noise - Residential,Loud Music/Party,Closed,BROOKLYN
70073626,2026-08-15T22:44:17.000,,NYPD,Noise - Park,Loud Music/Party,In Progress,MANHATTAN
70080422,2026-08-15T22:44:05.000,2026-08-15T23:08:40.000,NYPD,Noise - Street/Sidewalk,Loud Music/Party,Closed,BRONX
70081253,2026-08-15T22:43:54.000,2026-08-15T22:55:34.000,NYPD,Noise - Street/Sidewalk,Loud Music/Party,Closed,MANHATTAN
70077880,2026-08-15T22:43:52.000,2026-08-15T23:01:31.000,NYPD,Noise - Park,Loud Music/Party,Closed,BROOKLYN
70082572,2026-08-15T22:43:52.000,,NYPD,Noise - Residential,Loud Music/Party,In Progress,MANHATTAN
70073656,2026-08-15T22:43:50.000,,DPR,Maintenance or Facility,Hours of Operation,In Progress,MANHATTAN
70082624,2026-08-15T22:43:50.000,,NYPD,Noise - Vehicle,Engine Idling,In Progress,MANHATTAN
70081014,2026-08-15T22:43:41.000,2026-08-15T22:54:31.000,NYPD,Noise - Residential,Loud Music/Party,Closed,QUEENS
70077723,2026-08-15T22:43:38.000,2026-08-15T23:27:36.000,NYPD,Noise - Street/Sidewalk,Loud Music/Party,Closed,BRONX
70073386,2026-08-15T22:43:35.000,,NYPD,Noise - Residential,Loud Talking,In Progress,QUEENS
70074685,2026-08-15T22:43:34.000,2026-08-15T22:44:01.000,NYPD,Noise - Residential,Loud Music/Party,Closed,QUEENS
70073992,2026-08-15T22:43:34.000,,NYPD,Noise - Street/Sidewalk,Loud Music/Party,In Progress,BRONX
70073536,2026-08-15T22:43:32.000,2026-08-15T22:55:28.000,NYPD,Noise - Commercial,Loud Music/Party,Closed,MANHATTAN
70081025,2026-08-15T22:43:30.000,,NYPD,Blocked Driveway,No Access,In Progress,QUEENS
70075971,2026-08-15T22:43:30.000,2026-08-15T23:10:18.000,NYPD,Noise - Residential,Loud Music/Party,Closed,QUEENS
70078619,2026-08-15T22:43:29.000,2026-08-16T00:09:38.000,NYPD,Noise - Residential,Loud Music/Party,Closed,STATEN ISLAND
70072803,2026-08-15T22:43:25.000,2026-08-15T23:27:38.000,NYPD,Noise - Residential,Loud Music/Party,Closed,BROOKLYN
70080837,2026-08-15T22:43:24.000,,HPD,PAINT/PLASTER,CEILING,Open,BROOKLYN
70075801,2026-08-15T22:43:24.000,,HPD,DOOR/WINDOW,DOOR,Open,BROOKLYN
70077048,2026-08-15T22:43:24.000,,HPD,DOOR/WINDOW,DOOR FRAME,Open,BROOKLYN
70074482,2026-08-15T22:43:24.000,,HPD,GENERAL,CABINET,Open,BROOKLYN
70073089,2026-08-15T22:43:24.000,,HPD,UNSANITARY CONDITION,PESTS,Open,BROOKLYN
70078268,2026-08-15T22:43:24.000,,HPD,PAINT/PLASTER,CEILING,Open,BROOKLYN
70074455,2026-08-15T22:43:24.000,,HPD,PAINT/PLASTER,WALL,Open,BROOKLYN
70073129,2026-08-15T22:43:24.000,,HPD,PAINT/PLASTER,WALL,Open,BROOKLYN
70080937,2026-08-15T22:43:22.000,2026-08-15T22:53:29.000,NYPD,Illegal Parking,Overnight Commercial Storage,Closed,BROOKLYN
70082095,2026-08-15T22:43:19.000,,TLC,For Hire Vehicle Report,Driver Report - Non Passenger,In Progress,BROOKLYN
70078424,2026-08-15T22:43:16.000,2026-08-15T23:09:20.000,NYPD,Illegal Parking,Blocked Hydrant,Closed,QUEENS
70078696,2026-08-15T22:43:06.000,2026-08-15T22:50:21.000,NYPD,Noise - Street/Sidewalk,Loud Music/Party,Closed,MANHATTAN
70078093,2026-08-15T22:43:01.000,2026-08-15T22:47:22.000,NYPD,Illegal Parking,Blocked Crosswalk,Closed,BROOKLYN
70079191,2026-08-15T22:42:59.000,,NYPD,Noise - Residential,Banging/Pounding,In Progress,BROOKLYN
70075834,2026-08-15T22:42:56.000,,DPR,Dead/Dying Tree,Planted More Than 2 Years Ago,In Progress,BROOKLYN
70076704,2026-08-15T22:42:55.000,2026-08-16T00:02:10.000,NYPD,Noise - Residential,Loud Music/Party,Closed,BROOKLYN
70072924,2026-08-15T22:42:46.000,2026-08-16T00:48:58.000,NYPD,Illegal Parking,Double Parked Blocking Traffic,Closed,BROOKLYN
70076192,2026-08-15T22:42:43.000,2026-08-16T00:34:21.000,NYPD,Noise - Commercial,Loud Music/Party,Closed,MANHATTAN
70075929,2026-08-15T22:42:39.000,2026-08-15T23:18:41.000,NYPD,Noise - Commercial,Loud Music/Party,Closed,QUEENS
70074935,2026-08-15T22:42:30.000,2026-08-15T23:32:18.000,NYPD,Non-Emergency Police Matter,Other (complaint details),Closed,BRONX
70077239,2026-08-15T22:42:28.000,,NYPD,Noise - Residential,Loud Talking,In Progress,QUEENS
70075297,2026-08-15T22:42:28.000,2026-08-15T23:44:59.000,NYPD,Noise - Residential,Loud Music/Party,Closed,BRONX
70081056,2026-08-15T22:42:24.000,2026-08-15T23:38:49.000,NYPD,Noise - Residential,Loud Music/Party,Closed,QUEENS
70080973,2026-08-15T22:42:22.000,2026-08-16T00:00:28.000,NYPD,Noise - Street/Sidewalk,Loud Talking,Closed,QUEENS
70078368,2026-08-15T22:42:21.000,,NYPD,Noise - Residential,Loud Music/Party,In Progress,BROOKLYN
70076621,2026-08-15T22:42:20.000,2026-08-16T01:23:20.000,NYPD,Illegal Fireworks,N/A,Closed,BRONX
70077123,2026-08-15T22:42:19.000,2026-08-15T23:49:00.000,NYPD,Noise - Residential,Loud Music/Party,Closed,BRONX
70079051,2026-08-15T22:42:16.000,,NYPD,Noise - Residential,Loud Music/Party,In Progress,BRONX
70075539,2026-08-15T22:42:14.000,2026-08-16T00:27:06.000,NYPD,Noise - Residential,Loud Music/Party,Closed,BROOKLYN
70072885,2026-08-15T22:42:11.000,2026-08-15T23:44:52.000,NYPD,Noise - Street/Sidewalk,Loud Music/Party,Closed,BROOKLYN
70074689,2026-08-15T22:42:09.000,2026-08-15T23:38:49.000,NYPD,Noise - Residential,Loud Music/Party,Closed,QUEENS
70080683,2026-08-15T22:42:06.000,2026-08-15T22:54:54.000,NYPD,Noise - Residential,Loud Music/Party,Closed,MANHATTAN
70081101,2026-08-15T22:42:01.000,2026-08-16T00:39:34.000,NYPD,Illegal Parking,Posted Parking Sign Violation,Closed,QUEENS
70079072,2026-08-15T22:41:55.000,,NYPD,Noise - Street/Sidewalk,Loud Music/Party,In Progress,BRONX
70077183,2026-08-15T22:41:55.000,,NYPD,Illegal Parking,Commercial Overnight Parking,In Progress,QUEENS
70082681,2026-08-15T22:41:46.000,,DSNY,Obstruction,Weeds or Grass,In Progress,BRONX
70078366,2026-08-15T22:41:45.000,2026-08-15T22:54:01.000,NYPD,Illegal Parking,Commercial Overnight Parking,Closed,BROOKLYN
70075247,2026-08-15T22:41:43.000,,NYPD,Noise - Street/Sidewalk,Loud Music/Party,In Progress,BRONX
70079924,2026-08-15T22:41:32.000,2026-08-15T22:55:42.000,NYPD,Noise - Residential,Loud Music/Party,Closed,MANHATTAN
70072557,2026-08-15T22:41:22.000,,DEP,Water Maintenance,Fire Hydrant Leaking,In Progress,QUEENS
70079455,2026-08-15T22:41:18.000,,TLC,For Hire Vehicle Complaint,Driver Complaint - Non Passenger,In Progress,MANHATTAN
70082631,2026-08-15T22:41:17.000,,NYPD,Noise - Residential,Loud Music/Party,In Progress,MANHATTAN
70078420,2026-08-15T22:41:10.000,2026-08-15T22:51:59.000,NYPD,Abandoned Vehicle,With License Plate,Closed,QUEENS
70078559,2026-08-15T22:41:01.000,2026-08-15T23:18:21.000,NYPD,Blocked Driveway,No Access,Closed,QUEENS
70078205,2026-08-15T22:40:58.000,,DOHMH,Indoor Air Quality,Ventilation,In Progress,BROOKLYN
70073981,2026-08-15T22:40:54.000,2026-08-15T23:36:54.000,NYPD,Illegal Parking,Double Parked Blocking Traffic,Closed,BRONX
70080019,2026-08-15T22:40:53.000,,DPR,Maintenance or Facility,Rodent Sighting,In Progress,MANHATTAN
70075993,2026-08-15T22:40:50.000,2026-08-16T01:16:34.000,NYPD,Noise - Residential,Loud Music/Party,Closed,QUEENS
70075492,2026-08-15T22:40:48.000,2026-08-15T22:51:22.000,NYPD,Noise - Street/Sidewalk,Loud Music/Party,Closed,BROOKLYN
70079725,2026-08-15T22:40:42.000,2026-08-16T00:58:57.000,NYPD,Noise - Street/Sidewalk,Loud Talking,Closed,QUEENS
70078384,2026-08-15T22:40:37.000,2026-08-16T00:02:47.000,NYPD,Noise - Residential,Loud Music/Party,Closed,BRONX
70077214,2026-08-15T22:40:34.000,2026-08-16T00:05:12.000,NYPD,Noise - Residential,Loud Music/Party,Closed,QUEENS
70081245,2026-08-15T22:40:29.000,2026-08-15T23:14:55.000,NYPD,Noise - Street/Sidewalk,Loud Music/Party,Closed,MANHATTAN
70077666,2026-08-15T22:40:26.000,,DEP,Water Maintenance,Water Main Break,In Progress,BROOKLYN
70076610,2026-08-15T22:40:26.000,2026-08-15T23:48:09.000,NYPD,Noise - Street/Sidewalk,Loud Music/Party,Closed,BRONX
70079064,2026-08-15T22:40:21.000,2026-08-16T00:22:49.000,NYPD,Noise - Residential,Loud Music/Party,Closed,BRONX
70078031,2026-08-15T22:40:21.000,2026-08-15T23:27:36.000,NYPD,Illegal Parking,Commercial Overnight Parking,Closed,BROOKLYN
70073599,2026-08-15T22:40:20.000,2026-08-16T00:27:52.000,NYPD,Noise - Street/Sidewalk,Loud Music/Party,Closed,MANHATTAN
70076540,2026-08-15T22:40:09.000,2026-08-15T22:57:37.000,NYPD,Noise - Street/Sidewalk,Loud Music/Party,Closed,BRONX
70073566,2026-08-15T22:40:05.000,2026-08-15T23:16:49.000,NYPD,Noise - Residential,Banging/Pounding,Closed,MANHATTAN
70074571,2026-08-15T22:39:58.000,2026-08-16T01:36:54.000,NYPD,Noise - Residential,Loud Talking,Closed,BROOKLYN
70077462,2026-08-15T22:39:45.000,,NYPD,Noise - Street/Sidewalk,Loud Music/Party,In Progress,MANHATTAN
70079972,2026-08-15T22:39:29.000,,NYPD,Noise - Street/Sidewalk,Loud Music/Party,In Progress,MANHATTAN
70076448,2026-08-15T22:39:19.000,,DEP,Sewer Maintenance,Catch Basin Clogged,In Progress,BROOKLYN
70080624,2026-08-15T22:39:18.000,2026-08-15T22:48:42.000,NYPD,Noise - Residential,Loud Music/Party,Closed,BROOKLYN
70079430,2026-08-15T22:38:55.000,,NYPD,Noise - Commercial,Loud Music/Party,In Progress,BROOKLYN
70078574,2026-08-15T22:38:52.000,2026-08-15T22:46:58.000,NYPD,Noise - Residential,Loud Music/Party,Closed,QUEENS
70081747,2026-08-15T22:38:51.000,2026-08-15T23:28:12.000,NYPD,Noise - Residential,Loud Music/Party,Closed,BRONX
70078672,2026-08-15T22:38:49.000,2026-08-15T23:43:02.000,NYPD,Noise - Park,Loud Music/Party,Closed,MANHATTAN
70080579,2026-08-15T22:38:31.000,,NYPD,Illegal Parking,Blocked Hydrant,In Progress,BROOKLYN
70079125,2026-08-15T22:38:24.000,2026-08-15T23:07:07.000,NYPD,Blocked Driveway,No Access,Closed,BRONX
70078361,2026-08-15T22:38:17.000,,DPR,Damaged Tree,Tree Alive - in Poor Condition,In Progress,STATEN ISLAND
70080374,2026-08-15T22:38:13.000,2026-08-15T23:31:18.000,NYPD,Noise - Vehicle,Engine Idling,Closed,BRONX
70080296,2026-08-15T22:38:13.000,2026-08-16T00:02:54.000,NYPD,Noise - Street/Sidewalk,Loud Music/Party,Closed,BRONX
70081583,2026-08-15T22:38:12.000,,DEP,Sewer Maintenance,Flooding on Street,In Progress,BROOKLYN
70080453,2026-08-15T22:38:11.000,,NYPD,Noise - Residential,Loud Music/Party,In Progress,BROOKLYN
70077113,2026-08-15T22:38:09.000,2026-08-16T01:36:36.000,NYPD,Noise - Residential,Banging/Pounding,Closed,BROOKLYN
70082610,2026-08-15T22:38:02.000,2026-08-15T22:46:58.000,NYPD,Noise - Residential,Loud Music/Party,Closed,MANHATTAN
70081186,2026-08-15T22:37:57.000,2026-08-16T00:05:09.000,NYPD,Noise - Residential,Loud Music/Party,Closed,STATEN ISLAND
70079314,2026-08-15T22:37:51.000,2026-08-15T22:54:43.000,NYPD,Noise - Residential,Loud Music/Party,Closed,BROOKLYN
70075992,2026-08-15T22:37:50.000,2026-08-16T01:03:31.000,NYPD,Noise - Residential,Loud Music/Party,Closed,QUEENS
70075517,2026-08-15T22:37:30.000,2026-08-15T23:54:23.000,NYPD,Noise - Residential,Loud Music/Party,Closed,BROOKLYN
70082619,2026-08-15T22:37:08.000,2026-08-16T00:45:57.000,NYPD,Noise - Street/Sidewalk,Loud Talking,Closed,MANHATTAN
70074225,2026-08-15T22:37:07.000,2026-08-15T22:49:34.000,NYPD,Noise - Commercial,Loud Music/Party,Closed,BROOKLYN
70077798,2026-08-15T22:37:07.000,2026-08-15T22:48:26.000,NYPD,Noise - Street/Sidewalk,Loud Music/Party,Closed,BRONX
70076739,2026-08-15T22:37:06.000,2026-08-15T23:01:32.000,NYPD,Non-Emergency Police Matter,Trespassing,Closed,BROOKLYN
70081010,2026-08-15T22:37:04.000,2026-08-15T22:53:24.000,NYPD,Noise - Residential,Loud Music/Party,Closed,QUEENS
70079507,2026-08-15T22:37:00.000,,HPD,UNSANITARY CONDITION,PESTS,Open,MANHATTAN
70078398,2026-08-15T22:36:54.000,2026-08-16T01:49:14.000,NYPD,Noise - Street/Sidewalk,Loud Music/Party,Closed,MANHATTAN
70079528,2026-08-15T22:36:51.000,,HPD,UNSANITARY CONDITION,GARBAGE/RECYCLING STORAGE,Open,BROOKLYN
70078716,2026-08-15T22:36:44.000,,NYPD,Noise - Street/Sidewalk,Loud Music/Party,In Progress,MANHATTAN
70080438,2026-08-15T22:36:36.000,2026-08-15T23:35:33.000,NYPD,Noise - Street/Sidewalk,Loud Music/Party,Closed,BROOKLYN
70079026,2026-08-15T22:36:31.000,,NYPD,Noise - Street/Sidewalk,Loud Music/Party,In Progress,BRONX
70080375,2026-08-15T22:36:17.000,2026-08-15T23:31:23.000,NYPD,Illegal Parking,Double Parked Blocking Vehicle,Closed,BRONX
70076002,2026-08-15T22:36:13.000,,NYPD,Drinking,In Public,In Progress,QUEENS
70076111,2026-08-15T22:36:03.000,2026-08-16T00:05:10.000,NYPD,Noise - Residential,Loud Music/Party,Closed,STATEN ISLAND
70074908,2026-08-15T22:36:02.000,,NYPD,Noise - Street/Sidewalk,Loud Music/Party,In Progress,MANHATTAN
70072779,2026-08-15T22:35:50.000,,NYPD,Noise - Street/Sidewalk,Loud Music/Party,In Progress,BROOKLYN
70078490,2026-08-15T22:35:49.000,2026-08-16T00:05:10.000,NYPD,Noise - Residential,Loud Music/Party,Closed,QUEENS
70075548,2026-08-15T22:35:45.000,2026-08-15T22:39:10.000,NYPD,Noise - Street/Sidewalk,Loud Music/Party,Closed,BROOKLYN
70081200,2026-08-15T22:35:42.000,2026-08-15T22:47:00.000,NYPD,Noise - Street/Sidewalk,Loud Music/Party,Closed,STATEN ISLAND
70075618,2026-08-15T22:35:42.000,2026-08-15T22:55:22.000,NYPD,Noise - Residential,Loud Music/Party,Closed,MANHATTAN
70074023,2026-08-15T22:35:30.000,2026-08-16T00:44:04.000,NYPD,Noise - Street/Sidewalk,Loud Music/Party,Closed,BRONX
70079182,2026-08-15T22:35:28.000,2026-08-15T23:14:56.000,NYPD,Noise - Street/Sidewalk,Loud Music/Party,Closed,BROOKLYN
70074168,2026-08-15T22:35:23.000,2026-08-15T23:39:41.000,NYPD,Noise - Residential,Banging/Pounding,Closed,BROOKLYN
70079863,2026-08-15T22:35:22.000,2026-08-16T00:52:05.000,NYPD,Noise - Residential,Loud Music/Party,Closed,STATEN ISLAND
70079365,2026-08-15T22:35:00.000,2026-08-15T22:49:50.000,NYPD,Noise - Street/Sidewalk,Loud Music/Party,Closed,BROOKLYN
70076890,2026-08-15T22:34:54.000,,NYPD,Noise - Residential,Loud Music/Party,In Progress,BROOKLYN
70078614,2026-08-15T22:34:53.000,2026-08-16T00:52:05.000,NYPD,Noise - Residential,Loud Music/Party,Closed,STATEN ISLAND
70073607,2026-08-15T22:34:45.000,2026-08-15T22:49:09.000,NYPD,Noise - Street/Sidewalk,Loud Music/Party,Closed,MANHATTAN
70076663,2026-08-15T22:34:45.000,2026-08-16T01:11:20.000,NYPD,Blocked Driveway,No Access,Closed,BROOKLYN
70079928,2026-08-15T22:34:27.000,2026-08-15T23:10:15.000,NYPD,Noise - Commercial,Loud Music/Party,Closed,MANHATTAN
70076639,2026-08-15T22:34:25.000,,NYPD,Illegal Parking,Blocked Hydrant,In Progress,BROOKLYN
70078013,2026-08-15T22:34:18.000,2026-08-16T01:07:56.000,NYPD,Noise - Vehicle,Car/Truck Music,Closed,BROOKLYN
70080543,2026-08-15T22:34:18.000,2026-08-15T22:53:05.000,NYPD,Noise - Street/Sidewalk,Loud Music/Party,Closed,BROOKLYN
70075269,2026-08-15T22:34:15.000,2026-08-16T00:35:40.000,NYPD,Illegal Parking,Commercial Overnight Parking,Closed,BRONX
70075576,2026-08-15T22:34:14.000,2026-08-15T22:37:44.000,NYPD,Noise - Street/Sidewalk,Loud Music/Party,Closed,BROOKLYN
70081301,2026-08-15T22:34:11.000,,NYPD,Noise - Street/Sidewalk,Loud Music/Party,In Progress,MANHATTAN
70076649,2026-08-15T22:34:08.000,,NYPD,Noise - Residential,Loud Music/Party,In Progress,BROOKLYN
70077725,2026-08-15T22:34:06.000,2026-08-16T00:02:54.000,NYPD,Noise - Street/Sidewalk,Loud Music/Party,Closed,BRONX
70074806,2026-08-15T22:34:06.000,2026-08-16T00:51:53.000,NYPD,Noise - Residential,Banging/Pounding,Closed,STATEN ISLAND
70082461,2026-08-15T22:34:05.000,2026-08-15T22:57:11.000,NYPD,Noise - Street/Sidewalk,Loud Music/Party,Closed,QUEENS
70079071,2026-08-15T22:34:02.000,,NYPD,Noise - Street/Sidewalk,Loud Music/Party,In Progress,BRONX
70074002,2026-08-15T22:33:52.000,2026-08-15T23:24:54.000,NYPD,Noise - Street/Sidewalk,Loud Music/Party,Closed,BRONX
70081677,2026-08-15T22:33:51.000,2026-08-16T00:27:12.000,NYPD,Noise - Residential,Loud Music/Party,Closed,BRONX
70076986,2026-08-15T22:33:50.000,,HPD,UNSANITARY CONDITION,PESTS,Open,MANHATTAN
70073432,2026-08-15T22:33:49.000,2026-08-15T23:01:33.000,NYPD,Noise - Residential,Loud Music/Party,Closed,QUEENS
70075869,2026-08-15T22:33:48.000,2026-08-15T23:54:26.000,NYPD,Noise - Residential,Loud Music/Party,Closed,QUEENS
70081952,2026-08-15T22:33:43.000,2026-08-16T00:14:58.000,NYPD,Noise - Street/Sidewalk,Loud Music/Party,Closed,BROOKLYN
70082307,2026-08-15T22:33:41.000,2026-08-15T23:59:15.000,NYPD,Noise - Residential,Banging/Pounding,Closed,BRONX
70073606,2026-08-15T22:33:41.000,2026-08-15T22:51:15.000,NYPD,Noise - Street/Sidewalk,Loud Music/Party,Closed,MANHATTAN
70072817,2026-08-15T22:33:38.000,2026-08-15T22:38:46.000,NYPD,Illegal Parking,Blocked Hydrant,Closed,BROOKLYN
70074999,2026-08-15T22:33:36.000,,DSNY,Dirty Condition,Trash,In Progress,BROOKLYN
70079914,2026-08-15T22:33:32.000,2026-08-15T23:31:18.000,NYPD,Noise - Residential,Banging/Pounding,Closed,MANHATTAN
70080635,2026-08-15T22:33:30.000,2026-08-15T22:37:48.000,NYPD,Noise - Street/Sidewalk,Loud Music/Party,Closed,BROOKLYN
70082450,2026-08-15T22:33:30.000,2026-08-16T00:09:40.000,NYPD,Noise - Residential,Banging/Pounding,Closed,QUEENS
70076504,2026-08-15T22:33:30.000,,NYPD,Noise - Residential,Loud Music/Party,In Progress,BRONX
70073597,2026-08-15T22:33:21.000,2026-08-15T22:54:19.000,NYPD,Noise - Street/Sidewalk,Loud Music/Party,Closed,MANHATTAN
70072802,2026-08-15T22:33:19.000,2026-08-15T22:46:58.000,NYPD,Noise - Residential,Loud Music/Party,Closed,BROOKLYN
70074262,2026-08-15T22:33:18.000,2026-08-15T23:01:56.000,NYPD,Noise - Street/Sidewalk,Loud Talking,Closed,BROOKLYN
70073381,2026-08-15T22:33:17.000,2026-08-16T01:03:31.000,NYPD,Noise - Residential,Loud Music/Party,Closed,QUEENS
70081169,2026-08-15T22:33:11.000,2026-08-16T01:23:37.000,NYPD,Noise - Residential,Loud Music/Party,Closed,QUEENS
70078517,2026-08-15T22:33:02.000,2026-08-15T22:56:26.000,NYPD,Noise - Vehicle,Car/Truck Horn,Closed,QUEENS
70077193,2026-08-15T22:32:51.000,2026-08-16T01:11:21.000,NYPD,Noise - Residential,Loud Music/Party,Closed,QUEENS
70081617,2026-08-15T22:32:40.000,2026-08-15T22:53:29.000,NYPD,Noise - Street/Sidewalk,Loud Music/Party,Closed,BRONX
70076841,2026-08-15T22:32:37.000,2026-08-15T22:57:09.000,NYPD,Noise - Residential,Loud Music/Party,Closed,BROOKLYN
70076025,2026-08-15T22:32:33.000,2026-08-16T00:09:40.000,NYPD,Noise - Residential,Banging/Pounding,Closed,QUEENS
70081055,2026-08-15T22:32:30.000,2026-08-16T00:05:09.000,NYPD,Noise - Residential,Loud Music/Party,Closed,QUEENS
70077896,2026-08-15T22:32:28.000,,NYPD,Noise - Residential,Loud Music/Party,In Progress,BROOKLYN
70074242,2026-08-15T22:32:22.000,2026-08-16T00:27:09.000,NYPD,Noise - Park,Loud Music/Party,Closed,BROOKLYN
70078513,2026-08-15T22:32:21.000,2026-08-16T01:03:29.000,NYPD,Noise - Residential,Loud Music/Party,Closed,QUEENS
70073345,2026-08-15T22:32:11.000,2026-08-16T00:19:14.000,NYPD,Illegal Parking,Blocked Hydrant,Closed,QUEENS
70082534,2026-08-15T22:32:10.000,2026-08-16T00:48:56.000,NYPD,Noise - Residential,Loud Talking,Closed,STATEN ISLAND
70072883,2026-08-15T22:32:10.000,2026-08-16T00:01:55.000,NYPD,Noise - Street/Sidewalk,Loud Music/Party,Closed,BROOKLYN
70075300,2026-08-15T22:32:06.000,2026-08-15T23:44:36.000,NYPD,Noise - Residential,Loud Music/Party,Closed,BRONX
70077142,2026-08-15T22:31:57.000,2026-08-16T00:24:05.000,NYPD,Noise - Street/Sidewalk,Loud Music/Party,Closed,MANHATTAN
70075304,2026-08-15T22:31:57.000,2026-08-15T23:06:53.000,NYPD,Blocked Driveway,No Access,Closed,BRONX
70077384,2026-08-15T22:31:55.000,2026-08-15T22:46:58.000,NYPD,Noise - Vehicle,Car/Truck Music,Closed,MANHATTAN
70078555,2026-08-15T22:31:51.000,2026-08-15T23:17:57.000,NYPD,Noise - Park,Loud Music/Party,Closed,QUEENS
70075899,2026-08-15T22:31:45.000,,NYPD,Illegal Parking,Commercial Overnight Parking,In Progress,QUEENS
70079870,2026-08-15T22:31:40.000,,NYPD,Noise - Residential,Loud Music/Party,In Progress,STATEN ISLAND
70076809,2026-08-15T22:31:25.000,2026-08-16T00:27:06.000,NYPD,Noise - Residential,Loud Music/Party,Closed,BROOKLYN
70074507,2026-08-15T22:31:16.000,,DHS,Homeless Person Assistance,Non-Chronic,In Progress,BROOKLYN
70072787,2026-08-15T22:31:16.000,,NYPD,Blocked Driveway,No Access,In Progress,BROOKLYN
70081653,2026-08-15T22:31:11.000,,NYPD,Noise - Street/Sidewalk,Loud Music/Party,In Progress,BRONX
70081319,2026-08-15T22:31:10.000,2026-08-16T00:46:04.000,NYPD,Noise - Commercial,Loud Music/Party,Closed,MANHATTAN
70074893,2026-08-15T22:31:03.000,2026-08-15T22:49:28.000,NYPD,Noise - Street/Sidewalk,Loud Music/Party,Closed,MANHATTAN
70076737,2026-08-15T22:31:01.000,2026-08-15T23:01:31.000,NYPD,Noise - Residential,Banging/Pounding,Closed,BROOKLYN
70072925,2026-08-15T22:31:01.000,2026-08-15T23:06:53.000,NYPD,Encampment,N/A,Closed,BROOKLYN
70080846,2026-08-15T22:31:00.000,,HPD,OUTSIDE BUILDING,PAVEMENT,Open,BRONX
70073131,2026-08-15T22:31:00.000,,HPD,PAINT/PLASTER,WALL,Open,BRONX
70078273,2026-08-15T22:31:00.000,,HPD,PAINT/PLASTER,CEILING,Open,BRONX
70077008,2026-08-15T22:31:00.000,,HPD,PLUMBING,WATER SUPPLY,Open,BRONX
70073095,2026-08-15T22:31:00.000,,HPD,UNSANITARY CONDITION,PESTS,Open,BRONX
70078290,2026-08-15T22:31:00.000,,HPD,GENERAL,BELL/BUZZER/INTERCOM,Open,BRONX
70078276,2026-08-15T22:31:00.000,,HPD,OUTSIDE BUILDING,ROOFING,Open,BRONX
70076882,2026-08-15T22:30:55.000,2026-08-15T22:58:01.000,NYPD,Noise - Residential,Loud Music/Party,Closed,BROOKLYN
70074553,2026-08-15T22:30:38.000,,DPR,Damaged Tree,Entire Tree Has Fallen Down,In Progress,QUEENS
70072659,2026-08-15T22:30:37.000,2026-08-16T00:23:24.000,NYPD,Noise - Residential,Loud Music/Party,Closed,BRONX
70076472,2026-08-15T22:30:35.000,2026-08-15T23:08:44.000,NYPD,Noise - Street/Sidewalk,Loud Music/Party,Closed,BRONX
70074653,2026-08-15T22:30:33.000,2026-08-15T22:52:02.000,NYPD,Blocked Driveway,Partial Access,Closed,QUEENS
70075949,2026-08-15T22:30:30.000,2026-08-16T00:42:16.000,NYPD,Noise - Street/Sidewalk,Loud Music/Party,Closed,QUEENS
70072955,2026-08-15T22:30:28.000,2026-08-15T23:01:33.000,NYPD,Noise - Residential,Loud Music/Party,Closed,BROOKLYN
70080517,2026-08-15T22:30:26.000,2026-08-15T23:08:28.000,NYPD,Noise - Street/Sidewalk,Loud Music/Party,Closed,MANHATTAN
70074466,2026-08-15T22:30:26.000,,HPD,HEAT/HOT WATER,ENTIRE BUILDING,Open,MANHATTAN
70081098,2026-08-15T22:30:23.000,2026-08-16T00:09:40.000,NYPD,Noise - Residential,Banging/Pounding,Closed,QUEENS
70082068,2026-08-15T22:30:19.000,,NYPD,Noise - Commercial,Loud Music/Party,In Progress,BROOKLYN
70076480,2026-08-15T22:30:19.000,2026-08-16T01:07:50.000,NYPD,Illegal Parking,Parking Permit Improper Use,Closed,BRONX
70080325,2026-08-15T22:30:10.000,,NYPD,Noise - Commercial,Loud Music/Party,In Progress,BRONX
70074289,2026-08-15T22:30:06.000,2026-08-15T22:47:32.000,NYPD,Illegal Parking,Posted Parking Sign Violation,Closed,BROOKLYN
70074274,2026-08-15T22:30:05.000,2026-08-16T00:17:36.000,NYPD,Noise - Residential,Loud Music/Party,Closed,BROOKLYN
70073287,2026-08-15T22:30:04.000,,NYPD,Illegal Parking,Blocked Crosswalk,In Progress,QUEENS
70079421,2026-08-15T22:30:03.000,2026-08-15T23:01:31.000,NYPD,Noise - Residential,Loud Music/Party,Closed,BROOKLYN
70082338,2026-08-15T22:30:03.000,,NYPD,Illegal Parking,Double Parked Blocking Traffic,In Progress,QUEENS
70074628,2026-08-15T22:30:03.000,,NYPD,Illegal Parking,Blocked Sidewalk,In Progress,QUEENS
70074907,2026-08-15T22:30:02.000,,NYPD,Noise - Street/Sidewalk,Loud Music/Party,In Progress,MANHATTAN
70078191,2026-08-15T22:30:00.000,,DOT,Street Light Condition,Street Light Out,Open,BRONX
70081203,2026-08-15T22:29:57.000,2026-08-15T23:50:37.000,NYPD,Noise - Commercial,Loud Music/Party,Closed,STATEN ISLAND
70079967,2026-08-15T22:29:54.000,2026-08-15T22:49:56.000,NYPD,Noise - Residential,Loud Music/Party,Closed,MANHATTAN
70082121,2026-08-15T22:29:54.000,,DOT,Street Sign - Damaged,"No Parking, Standing, Stopping",In Progress,BRONX
70074323,2026-08-15T22:29:50.000,2026-08-15T22:32:30.000,NYPD,Noise - Residential,Loud Music/Party,Closed,MANHATTAN
70073410,2026-08-15T22:29:40.000,2026-08-16T00:09:40.000,NYPD,Noise - Residential,Banging/Pounding,Closed,QUEENS
70073623,2026-08-15T22:29:37.000,,NYPD,Noise - Street/Sidewalk,Loud Music/Party,In Progress,MANHATTAN
70072815,2026-08-15T22:29:37.000,2026-08-15T22:51:13.000,NYPD,Noise - Residential,Loud Music/Party,Closed,BROOKLYN
70077222,2026-08-15T22:29:26.000,2026-08-16T01:11:23.000,NYPD,Blocked Driveway,No Access,Closed,QUEENS
70079813,2026-08-15T22:29:13.000,2026-08-15T23:20:01.000,NYPD,Illegal Parking,Blocked Sidewalk,Closed,QUEENS
70073208,2026-08-15T22:29:08.000,,DOHMH,Rodent,Rat Sighting,In Progress,BRONX
70073249,2026-08-15T22:29:02.000,2026-08-15T23:36:05.000,NYPD,Noise - Residential,Loud Music/Party,Closed,BROOKLYN
70072899,2026-08-15T22:29:02.000,2026-08-16T00:34:58.000,NYPD,Noise - Residential,Loud Music/Party,Closed,BROOKLYN
70077786,2026-08-15T22:28:58.000,,NYPD,Noise - Street/Sidewalk,Loud Music/Party,In Progress,BRONX
70074666,2026-08-15T22:28:48.000,2026-08-16T00:44:44.000,NYPD,Blocked Driveway,No Access,Closed,QUEENS
70074115,2026-08-15T22:28:46.000,2026-08-15T22:48:14.000,NYPD,Noise - Residential,Loud Music/Party,Closed,BROOKLYN
70072879,2026-08-15T22:28:38.000,2026-08-15T23:42:59.000,NYPD,Noise - Park,Loud Music/Party,Closed,BROOKLYN
70076716,2026-08-15T22:28:38.000,,NYPD,Illegal Parking,Blocked Hydrant,In Progress,BROOKLYN
70079951,2026-08-15T22:28:34.000,2026-08-15T22:46:59.000,NYPD,Noise - Street/Sidewalk,Loud Music/Party,Closed,MANHATTAN
70079431,2026-08-15T22:28:34.000,2026-08-16T01:41:28.000,NYPD,Illegal Parking,Blocked Bike Lane,Closed,BROOKLYN
70078045,2026-08-15T22:28:33.000,2026-08-16T00:22:53.000,NYPD,Noise - Park,Loud Music/Party,Closed,BROOKLYN
70075275,2026-08-15T22:28:18.000,,NYPD,Noise - Street/Sidewalk,Loud Music/Party,In Progress,BRONX
70076266,2026-08-15T22:28:13.000,,DSNY,Missed Collection,Trash,In Progress,BROOKLYN
70072811,2026-08-15T22:28:11.000,2026-08-16T00:52:05.000,NYPD,Noise - Residential,Loud Music/Party,Closed,BROOKLYN
70081614,2026-08-15T22:28:09.000,2026-08-15T22:49:30.000,NYPD,Noise - Street/Sidewalk,Loud Music/Party,Closed,BRONX
70073945,2026-08-15T22:28:09.000,,NYPD,Noise - Street/Sidewalk,Loud Music/Party,In Progress,BRONX
70082351,2026-08-15T22:28:00.000,2026-08-15T22:39:36.000,NYPD,Blocked Driveway,No Access,Closed,QUEENS
70073465,2026-08-15T22:27:48.000,,NYPD,Noise - Street/Sidewalk,Loud Music/Party,In Progress,QUEENS
70078523,2026-08-15T22:27:45.000,,NYPD,Noise - Residential,Loud Music/Party,In Progress,QUEENS
70080640,2026-08-15T22:27:41.000,2026-08-15T23:43:20.000,NYPD,Noise - Street/Sidewalk,Loud Music/Party,Closed,BROOKLYN
70076186,2026-08-15T22:27:41.000,2026-08-15T22:29:46.000,NYPD,Noise - Street/Sidewalk,Loud Music/Party,Closed,MANHATTAN
70081687,2026-08-15T22:27:41.000,,NYPD,Noise - Residential,Loud Music/Party,In Progress,BRONX
70074810,2026-08-15T22:27:38.000,2026-08-16T01:44:32.000,NYPD,Noise - Residential,Loud Talking,Closed,STATEN ISLAND
70079310,2026-08-15T22:27:34.000,,NYPD,Noise - Residential,Loud Music/Party,In Progress,BROOKLYN
70078752,2026-08-15T22:27:33.000,2026-08-15T22:47:24.000,NYPD,Illegal Parking,Posted Parking Sign Violation,Closed,BRONX
70082017,2026-08-15T22:27:23.000,2026-08-15T22:28:56.000,NYPD,Noise - Commercial,Loud Music/Party,Closed,BROOKLYN
70080385,2026-08-15T22:27:21.000,2026-08-15T23:14:56.000,NYPD,Noise - Street/Sidewalk,Loud Music/Party,Closed,BRONX
70076619,2026-08-15T22:27:21.000,2026-08-15T23:43:01.000,NYPD,Noise - Residential,Banging/Pounding,Closed,BRONX
70074669,2026-08-15T22:27:18.000,2026-08-16T00:22:56.000,NYPD,Illegal Parking,Blocked Sidewalk,Closed,QUEENS
70075386,2026-08-15T22:27:17.000,,NYPD,Noise - Street/Sidewalk,Loud Music/Party,In Progress,BROOKLYN
70082152,2026-08-15T22:27:15.000,,HPD,UNSANITARY CONDITION,PESTS,Open,BROOKLYN
70075525,2026-08-15T22:26:55.000,2026-08-16T01:08:12.000,NYPD,Illegal Parking,Blocked Sidewalk,Closed,BROOKLYN
70072665,2026-08-15T22:26:44.000,,NYPD,Noise - Street/Sidewalk,Loud Music/Party,In Progress,BRONX
70077883,2026-08-15T22:26:34.000,2026-08-15T23:35:34.000,NYPD,Illegal Parking,Commercial Overnight Parking,Closed,BROOKLYN
70074630,2026-08-15T22:26:33.000,,NYPD,Illegal Parking,Blocked Sidewalk,In Progress,QUEENS
70072891,2026-08-15T22:26:32.000,,NYPD,Illegal Parking,Parking Permit Improper Use,In Progress,QUEENS
70075898,2026-08-15T22:26:31.000,,NYPD,Illegal Parking,Posted Parking Sign Violation,In Progress,QUEENS
70073289,2026-08-15T22:26:30.000,,NYPD,Illegal Parking,Overnight Commercial Storage,In Progress,QUEENS
70080988,2026-08-15T22:26:29.000,,NYPD,Illegal Parking,Parking Permit Improper Use,In Progress,QUEENS
70079738,2026-08-15T22:26:24.000,2026-08-16T00:24:44.000,NYPD,Noise - Residential,Loud Music/Party,Closed,QUEENS
70073827,2026-08-15T22:26:21.000,,DEP,Water Maintenance,Fire Hydrant Running Full,In Progress,BRONX
70080586,2026-08-15T22:26:13.000,2026-08-15T23:39:56.000,NYPD,Noise - Street/Sidewalk,Loud Music/Party,Closed,BROOKLYN
70076285,2026-08-15T22:25:59.000,,DSNY,Illegal Dumping,Removal Request,In Progress,QUEENS
70074234,2026-08-15T22:25:56.000,2026-08-15T22:46:57.000,NYPD,Noise - Residential,Loud Music/Party,Closed,BROOKLYN
70072997,2026-08-15T22:25:45.000,2026-08-15T22:29:12.000,NYPD,Noise - Residential,Loud Music/Party,Closed,MANHATTAN
70076613,2026-08-15T22:25:40.000,2026-08-15T23:31:48.000,NYPD,Noise - Street/Sidewalk,Loud Music/Party,Closed,BRONX
70082371,2026-08-15T22:25:29.000,,NYPD,Illegal Parking,Blocked Crosswalk,In Progress,QUEENS
70082746,2026-08-15T22:25:15.000,2026-08-15T22:39:26.000,NYPD,Noise - Residential,Loud Music/Party,Closed,QUEENS
70073365,2026-08-15T22:25:09.000,2026-08-15T22:43:36.000,NYPD,Noise - Residential,Loud Music/Party,Closed,QUEENS
70075703,2026-08-15T22:25:09.000,,DOHMH,Food Poisoning,1 or 2,In Progress,QUEENS
70078633,2026-08-15T22:25:02.000,,NYPD,Noise - Commercial,Loud Music/Party,In Progress,MANHATTAN
70079700,2026-08-15T22:24:58.000,2026-08-15T23:09:26.000,NYPD,Noise - Residential,Loud Music/Party,Closed,QUEENS
70081657,2026-08-15T22:24:38.000,,NYPD,Noise - Residential,Loud Music/Party,In Progress,BRONX
70072901,2026-08-15T22:24:34.000,2026-08-16T00:55:02.000,NYPD,Illegal Fireworks,N/A,Closed,BROOKLYN
70072923,2026-08-15T22:24:30.000,2026-08-16T00:27:04.000,NYPD,Noise - Street/Sidewalk,Loud Music/Party,Closed,BROOKLYN
70080887,2026-08-15T22:24:10.000,,HPD,APPLIANCE,ELECTRIC/GAS RANGE,Open,BRONX
70080836,2026-08-15T22:24:10.000,,HPD,PAINT/PLASTER,CEILING,Open,BRONX
70080841,2026-08-15T22:24:10.000,,HPD,PAINT/PLASTER,CEILING,Open,BRONX
70074484,2026-08-15T22:24:10.000,,HPD,FLOORING/STAIRS,FLOOR,Open,BRONX
70074430,2026-08-15T22:24:10.000,,HPD,UNSANITARY CONDITION,MOLD,Open,BRONX
70078225,2026-08-15T22:24:10.000,,HPD,UNSANITARY CONDITION,PESTS,Open,BRONX
70075729,2026-08-15T22:24:10.000,,HPD,UNSANITARY CONDITION,PESTS,Open,BRONX
70073135,2026-08-15T22:24:10.000,,HPD,PAINT/PLASTER,CEILING,Open,BRONX
70073989,2026-08-15T22:24:10.000,2026-08-15T23:35:33.000,NYPD,Illegal Parking,Blocked Hydrant,Closed,BRONX
70073175,2026-08-15T22:24:10.000,,HPD,DOOR/WINDOW,WINDOW FRAME,Open,BRONX
70074491,2026-08-15T22:24:10.000,,HPD,ELECTRIC,POWER OUTAGE,Open,BRONX
70074268,2026-08-15T22:24:09.000,2026-08-15T23:35:37.000,NYPD,Noise - Street/Sidewalk,Loud Music/Party,Closed,BROOKLYN
70073955,2026-08-15T22:24:07.000,2026-08-15T22:48:26.000,NYPD,Noise - Street/Sidewalk,Loud Music/Party,Closed,BRONX
70077481,2026-08-15T22:24:05.000,2026-08-15T22:53:16.000,NYPD,Noise - Residential,Loud Music/Party,Closed,BRONX
70079588,2026-08-15T22:24:04.000,,HPD,DOOR/WINDOW,WINDOW PANE,Open,BRONX
70076965,2026-08-15T22:24:04.000,,HPD,WATER LEAK,HEAVY FLOW,Open,BRONX
70077897,2026-08-15T22:23:59.000,,NYPD,Traffic,Drag Racing,In Progress,BROOKLYN
70073330,2026-08-15T22:23:59.000,,NYPD,Noise - Residential,Loud Music/Party,In Progress,QUEENS
70076545,2026-08-15T22:23:58.000,2026-08-15T22:28:46.000,NYPD,Noise - Street/Sidewalk,Loud Music/Party,Closed,BRONX
70073518,2026-08-15T22:23:58.000,2026-08-15T23:18:09.000,NYPD,Noise - Residential,Loud Music/Party,Closed,STATEN ISLAND
70073103,2026-08-15T22:23:54.000,,HPD,UNSANITARY CONDITION,PESTS,Open,BROOKLYN
70080229,2026-08-15T22:23:53.000,,DEP,Water Maintenance,Leak,In Progress,MANHATTAN
70077121,2026-08-15T22:23:48.000,2026-08-15T23:07:47.000,NYPD,Noise - Street/Sidewalk,Loud Music/Party,Closed,MANHATTAN
70075276,2026-08-15T22:23:46.000,,NYPD,Noise - Street/Sidewalk,Loud Music/Party,In Progress,BRONX
70079369,2026-08-15T22:23:45.000,2026-08-15T22:37:47.000,NYPD,Noise - Street/Sidewalk,Loud Music/Party,Closed,BROOKLYN
70082186,2026-08-15T22:23:42.000,,HPD,PLUMBING,BATHTUB/SHOWER,Open,QUEENS
70074437,2026-08-15T22:23:42.000,,HPD,PLUMBING,WATER SUPPLY,Open,QUEENS
70076730,2026-08-15T22:23:33.000,2026-08-15T22:46:59.000,NYPD,Noise - Vehicle,Car/Truck Music,Closed,BROOKLYN
70082150,2026-08-15T22:23:29.000,,HPD,UNSANITARY CONDITION,PESTS,Open,BROOKLYN
70077200,2026-08-15T22:23:29.000,2026-08-16T00:23:42.000,NYPD,Illegal Parking,Posted Parking Sign Violation,Closed,QUEENS
70075373,2026-08-15T22:23:24.000,2026-08-15T23:09:33.000,NYPD,Noise - Residential,Loud Music/Party,Closed,BROOKLYN
70074697,2026-08-15T22:23:23.000,2026-08-16T00:14:15.000,NYPD,Illegal Parking,Blocked Hydrant,Closed,QUEENS
70081030,2026-08-15T22:23:18.000,2026-08-15T22:32:06.000,NYPD,Noise - Commercial,Loud Music/Party,Closed,QUEENS
70076827,2026-08-15T22:23:17.000,2026-08-15T23:07:04.000,NYPD,Noise - Residential,Loud Music/Party,Closed,BROOKLYN
70080354,2026-08-15T22:23:16.000,2026-08-15T22:26:11.000,NYPD,Noise - Street/Sidewalk,Loud Music/Party,Closed,BRONX
70082595,2026-08-15T22:23:05.000,2026-08-15T23:42:59.000,NYPD,Noise - Residential,Banging/Pounding,Closed,MANHATTAN
70074681,2026-08-15T22:22:51.000,2026-08-15T22:39:28.000,NYPD,Noise - Street/Sidewalk,Loud Music/Party,Closed,QUEENS
70078042,2026-08-15T22:22:45.000,,NYPD,Illegal Parking,Posted Parking Sign Violation,In Progress,BROOKLYN
70080503,2026-08-15T22:22:45.000,,NYPD,Animal-Abuse,Neglected,In Progress,BROOKLYN
70080953,2026-08-15T22:22:42.000,2026-08-15T22:56:53.000,NYPD,Noise - Street/Sidewalk,Loud Music/Party,Closed,BRONX
70077027,2026-08-15T22:22:36.000,,HPD,HEAT/HOT WATER,APARTMENT ONLY,Open,MANHATTAN
70082020,2026-08-15T22:22:17.000,2026-08-15T23:35:36.000,NYPD,Noise - Commercial,Banging/Pounding,Closed,BROOKLYN
70079388,2026-08-15T22:22:12.000,2026-08-15T22:47:41.000,NYPD,Illegal Parking,Posted Parking Sign Violation,Closed,BROOKLYN
70073405,2026-08-15T22:21:58.000,2026-08-16T01:48:18.000,NYPD,Noise - Residential,Loud Music/Party,Closed,QUEENS
70076518,2026-08-15T22:21:56.000,2026-08-16T00:44:33.000,NYPD,Noise - Residential,Loud Music/Party,Closed,BRONX
70079754,2026-08-15T22:21:55.000,2026-08-15T22:43:45.000,NYPD,Noise - Street/Sidewalk,Loud Music/Party,Closed,QUEENS
70079354,2026-08-15T22:21:50.000,2026-08-15T22:31:11.000,NYPD,Noise - Street/Sidewalk,Loud Music/Party,Closed,BROOKLYN
70080531,2026-08-15T22:21:50.000,2026-08-15T23:27:37.000,NYPD,Noise - Residential,Banging/Pounding,Closed,BROOKLYN
70082417,2026-08-15T22:21:50.000,2026-08-16T00:14:31.000,NYPD,Blocked Driveway,Partial Access,Closed,QUEENS
70072722,2026-08-15T22:21:49.000,2026-08-16T00:39:42.000,NYPD,Noise - Street/Sidewalk,Loud Music/Party,Closed,BRONX
70078404,2026-08-15T22:21:47.000,2026-08-15T23:16:52.000,NYPD,Illegal Parking,License Plate Obscured,Closed,MANHATTAN
70078064,2026-08-15T22:21:40.000,2026-08-15T23:07:02.000,NYPD,Noise - Residential,Loud Music/Party,Closed,BROOKLYN
70077022,2026-08-15T22:21:40.000,,HPD,HEAT/HOT WATER,ENTIRE BUILDING,Open,MANHATTAN
70078647,2026-08-15T22:21:37.000,2026-08-15T23:01:33.000,NYPD,Noise - Street/Sidewalk,Loud Music/Party,Closed,MANHATTAN
70075319,2026-08-15T22:21:34.000,2026-08-15T23:24:26.000,NYPD,Noise - Residential,Loud Music/Party,Closed,BRONX
70082058,2026-08-15T22:21:33.000,2026-08-15T22:33:14.000,NYPD,Noise - Residential,Loud Music/Party,Closed,MANHATTAN
70074596,2026-08-15T22:21:24.000,2026-08-16T01:49:46.000,NYPD,Noise - Street/Sidewalk,Loud Music/Party,Closed,MANHATTAN
70076677,2026-08-15T22:21:23.000,2026-08-15T23:02:18.000,NYPD,Noise - Residential,Loud Music/Party,Closed,BROOKLYN
70074051,2026-08-15T22:21:16.000,2026-08-16T00:04:20.000,NYPD,Blocked Driveway,No Access,Closed,BRONX
70074896,2026-08-15T22:21:14.000,2026-08-15T22:23:57.000,NYPD,Noise - Street/Sidewalk,Loud Music/Party,Closed,MANHATTAN
70073486,2026-08-15T22:21:14.000,2026-08-15T22:28:15.000,NYPD,Noise - Residential,Loud Television,Closed,QUEENS
70073673,2026-08-15T22:21:08.000,,DSNY,Obstruction,Cone,In Progress,BROOKLYN
70076197,2026-08-15T22:21:06.000,,NYPD,Noise - Street/Sidewalk,Loud Music/Party,In Progress,MANHATTAN
70080540,2026-08-15T22:21:02.000,2026-08-15T22:53:13.000,NYPD,Noise - Street/Sidewalk,Loud Music/Party,Closed,BROOKLYN
70077730,2026-08-15T22:21:02.000,,NYPD,Noise - Residential,Banging/Pounding,In Progress,BRONX
70081693,2026-08-15T22:21:01.000,2026-08-15T22:39:38.000,NYPD,Noise - Street/Sidewalk,Loud Music/Party,Closed,BRONX
70076570,2026-08-15T22:20:51.000,2026-08-15T22:37:54.000,NYPD,Noise - Residential,Loud Music/Party,Closed,BRONX
70076615,2026-08-15T22:20:51.000,2026-08-15T23:31:19.000,NYPD,Noise - Residential,Loud Music/Party,Closed,BRONX
70078379,2026-08-15T22:20:48.000,2026-08-16T00:53:45.000,NYPD,Noise - Street/Sidewalk,Loud Music/Party,Closed,BRONX
70073493,2026-08-15T22:20:48.000,2026-08-15T22:21:44.000,NYPD,Noise - Street/Sidewalk,Loud Music/Party,Closed,STATEN ISLAND
70072735,2026-08-15T22:20:43.000,2026-08-16T00:45:59.000,NYPD,Abandoned Vehicle,With License Plate,Closed,BRONX
70080403,2026-08-15T22:20:42.000,2026-08-16T00:34:07.000,NYPD,Noise - Street/Sidewalk,Loud Music/Party,Closed,BRONX
70074255,2026-08-15T22:20:40.000,2026-08-15T23:06:53.000,NYPD,Noise - Residential,Loud Music/Party,Closed,BROOKLYN
70079486,2026-08-15T22:20:33.000,,HPD,GENERAL,SIGNAGE MISSING,Open,MANHATTAN
70073123,2026-08-15T22:20:33.000,,HPD,SAFETY,FIRE ESCAPE,Open,MANHATTAN
70082473,2026-08-15T22:20:32.000,,NYPD,Noise - Residential,Loud Music/Party,In Progress,QUEENS
70074446,2026-08-15T22:20:30.000,,HPD,PLUMBING,BATHTUB/SHOWER,Open,MANHATTAN
70079514,2026-08-15T22:20:28.000,,HPD,UNSANITARY CONDITION,PESTS,Open,BROOKLYN
70078652,2026-08-15T22:20:22.000,,NYPD,Noise - Residential,Loud Music/Party,In Progress,MANHATTAN
70075339,2026-08-15T22:20:13.000,2026-08-15T22:22:03.000,NYPD,Noise - Street/Sidewalk,Loud Music/Party,Closed,MANHATTAN
70076883,2026-08-15T22:20:09.000,2026-08-15T23:07:59.000,NYPD,Noise - Residential,Loud Music/Party,Closed,BROOKLYN
70073215,2026-08-15T22:20:03.000,,DPR,Overgrown Tree/Branches,Clear Street Light,In Progress,BRONX
70075005,2026-08-15T22:19:57.000,,DSNY,Dirty Condition,Trash,In Progress,BROOKLYN
70082594,2026-08-15T22:19:52.000,2026-08-15T23:44:23.000,NYPD,Noise - Street/Sidewalk,Loud Music/Party,Closed,MANHATTAN
70079879,2026-08-15T22:19:51.000,2026-08-15T23:38:31.000,NYPD,Illegal Fireworks,N/A,Closed,STATEN ISLAND
70082533,2026-08-15T22:19:47.000,2026-08-15T22:21:45.000,NYPD,Noise - Street/Sidewalk,Loud Music/Party,Closed,STATEN ISLAND
70075244,2026-08-15T22:19:47.000,2026-08-16T00:46:08.000,NYPD,Drinking,In Public,Closed,BRONX
70073520,2026-08-15T22:19:38.000,2026-08-15T23:37:14.000,NYPD,Noise - Residential,Loud Music/Party,Closed,STATEN ISLAND
70080073,2026-08-15T22:19:28.000,,DSNY,Dirty Condition,Trash,In Progress,BRONX
70075516,2026-08-15T22:19:23.000,2026-08-15T23:42:59.000,NYPD,Noise - Street/Sidewalk,Loud Music/Party,Closed,BROOKLYN
70080311,2026-08-15T22:19:16.000,2026-08-16T00:39:36.000,NYPD,Noise - Street/Sidewalk,Loud Music/Party,Closed,BRONX
70073897,2026-08-15T22:19:13.000,,NYPD,Noise - Residential,Loud Music/Party,In Progress,BRONX
70076891,2026-08-15T22:19:12.000,,NYPD,Noise - Commercial,Loud Talking,In Progress,BROOKLYN
70079323,2026-08-15T22:19:05.000,2026-08-15T22:31:16.000,NYPD,Noise - Street/Sidewalk,Loud Music/Party,Closed,BROOKLYN
70072928,2026-08-15T22:19:04.000,2026-08-15T22:33:10.000,NYPD,Noise - Street/Sidewalk,Loud Music/Party,Closed,BROOKLYN
70080099,2026-08-15T22:19:00.000,2026-08-15T22:46:59.000,NYPD,Noise - Residential,Loud Music/Party,Closed,QUEENS
70080425,2026-08-15T22:18:55.000,2026-08-15T23:35:33.000,NYPD,Noise - Residential,Loud Music/Party,Closed,BRONX
70075432,2026-08-15T22:18:52.000,2026-08-15T22:47:00.000,NYPD,Illegal Parking,Blocked Hydrant,Closed,BROOKLYN
70074829,2026-08-15T22:18:50.000,2026-08-15T23:50:38.000,NYPD,Noise - Commercial,Loud Music/Party,Closed,STATEN ISLAND
70074803,2026-08-15T22:18:44.000,2026-08-15T22:21:43.000,NYPD,Noise - Street/Sidewalk,Loud Music/Party,Closed,STATEN ISLAND
70073517,2026-08-15T22:18:31.000,2026-08-16T00:03:23.000,NYPD,Noise - Residential,Loud Music/Party,Closed,STATEN ISLAND
70077209,2026-08-15T22:18:31.000,2026-08-15T22:39:00.000,NYPD,Noise - Street/Sidewalk,Loud Music/Party,Closed,QUEENS
70081306,2026-08-15T22:18:26.000,,NYPD,Noise - Street/Sidewalk,Loud Music/Party,In Progress,MANHATTAN
70080388,2026-08-15T22:18:24.000,2026-08-15T22:37:48.000,NYPD,Noise - Street/Sidewalk,Loud Music/Party,Closed,BRONX
70082060,2026-08-15T22:18:24.000,2026-08-15T22:42:22.000,NYPD,Blocked Driveway,No Access,Closed,MANHATTAN
70072825,2026-08-15T22:18:24.000,2026-08-15T23:17:47.000,NYPD,Illegal Parking,Posted Parking Sign Violation,Closed,MANHATTAN
70080338,2026-08-15T22:18:22.000,,NYPD,Noise - Street/Sidewalk,Loud Music/Party,In Progress,BRONX
70074936,2026-08-15T22:18:09.000,2026-08-15T22:37:48.000,NYPD,Noise - Street/Sidewalk,Loud Music/Party,Closed,BRONX
70082309,2026-08-15T22:18:05.000,2026-08-15T22:28:49.000,NYPD,Noise - Street/Sidewalk,Loud Talking,Closed,QUEENS
70076520,2026-08-15T22:18:04.000,2026-08-16T00:27:05.000,NYPD,Noise - Residential,Loud Music/Party,Closed,BRONX
70079583,2026-08-15T22:18:02.000,,HPD,ELECTRIC,NO LIGHTING,Open,BROOKLYN
70072894,2026-08-15T22:18:02.000,,NYPD,Illegal Parking,Blocked Hydrant,In Progress,BROOKLYN
70073097,2026-08-15T22:18:02.000,,HPD,UNSANITARY CONDITION,PESTS,Open,BROOKLYN
70076584,2026-08-15T22:17:55.000,2026-08-16T00:41:59.000,NYPD,Illegal Parking,Blocked Crosswalk,Closed,BRONX
70080865,2026-08-15T22:17:49.000,,HPD,GENERAL,BELL/BUZZER/INTERCOM,Open,BROOKLYN
70075937,2026-08-15T22:17:49.000,,NYPD,Illegal Parking,Commercial Overnight Parking,In Progress,QUEENS
70081585,2026-08-15T22:17:47.000,,DEP,Sewer Maintenance,Catch Basin Sunken,In Progress,BRONX
70074660,2026-08-15T22:17:40.000,2026-08-16T00:27:12.000,NYPD,Noise - Residential,Loud Music/Party,Closed,QUEENS
70072995,2026-08-15T22:17:39.000,2026-08-15T22:24:27.000,NYPD,Noise - Residential,Loud Music/Party,Closed,MANHATTAN
70076497,2026-08-15T22:17:38.000,,NYPD,Illegal Parking,Parking Permit Improper Use,In Progress,BRONX
70082051,2026-08-15T22:17:37.000,2026-08-15T23:03:01.000,NYPD,Illegal Parking,Posted Parking Sign Violation,Closed,BROOKLYN
70080432,2026-08-15T22:17:36.000,2026-08-16T00:48:41.000,NYPD,Noise - Street/Sidewalk,Loud Talking,Closed,MANHATTAN
70076098,2026-08-15T22:17:28.000,2026-08-15T22:21:40.000,NYPD,Noise - Street/Sidewalk,Loud Music/Party,Closed,STATEN ISLAND
70078376,2026-08-15T22:17:28.000,2026-08-15T23:07:48.000,NYPD,Noise - Street/Sidewalk,Loud Music/Party,Closed,MANHATTAN
70075495,2026-08-15T22:17:18.000,2026-08-15T22:57:49.000,NYPD,Noise - Street/Sidewalk,Loud Music/Party,Closed,BROOKLYN
70076556,2026-08-15T22:17:10.000,2026-08-15T23:24:13.000,NYPD,Noise - Street/Sidewalk,Loud Music/Party,Closed,BRONX
70082560,2026-08-15T22:17:08.000,2026-08-15T23:50:39.000,NYPD,Noise - Commercial,Loud Music/Party,Closed,STATEN ISLAND
70082539,2026-08-15T22:17:07.000,,NYPD,Illegal Parking,Blocked Crosswalk,In Progress,STATEN ISLAND
70075471,2026-08-15T22:17:07.000,,DOT,Street Condition,Cave-in,In Progress,MANHATTAN
70080511,2026-08-15T22:17:06.000,2026-08-15T22:57:25.000,NYPD,Noise - Residential,Loud Music/Party,Closed,BROOKLYN
70078726,2026-08-15T22:17:01.000,2026-08-15T22:54:13.000,NYPD,Noise - Street/Sidewalk,Loud Music/Party,Closed,MANHATTAN
70074236,2026-08-15T22:17:00.000,2026-08-16T00:34:01.000,NYPD,Blocked Driveway,No Access,Closed,BROOKLYN
70079275,2026-08-15T22:16:57.000,2026-08-15T22:54:00.000,NYPD,Noise - Residential,Loud Music/Party,Closed,BROOKLYN
70081975,2026-08-15T22:16:50.000,2026-08-15T22:38:54.000,NYPD,Noise - Residential,Loud Music/Party,Closed,BROOKLYN
70082510,2026-08-15T22:16:43.000,,NYPD,Blocked Driveway,No Access,In Progress,QUEENS
70073452,2026-08-15T22:16:37.000,2026-08-15T22:42:36.000,NYPD,Noise - Residential,Loud Music/Party,Closed,QUEENS
70075233,2026-08-15T22:16:36.000,2026-08-16T01:48:17.000,NYPD,Noise - Vehicle,Car/Truck Music,Closed,BRONX
70075972,2026-08-15T22:16:35.000,2026-08-15T22:41:06.000,NYPD,Noise - Residential,Loud Music/Party,Closed,QUEENS
70077404,2026-08-15T22:16:35.000,2026-08-15T22:20:41.000,NYPD,Noise - Vehicle,Car/Truck Music,Closed,MANHATTAN
70080249,2026-08-15T22:16:34.000,,DEP,Water Maintenance,Fire Hydrant Running,In Progress,BROOKLYN
70073418,2026-08-15T22:16:26.000,2026-08-15T22:42:44.000,NYPD,Noise - Residential,Loud Music/Party,Closed,QUEENS
70080993,2026-08-15T22:16:25.000,2026-08-15T22:22:49.000,NYPD,Noise - Residential,Loud Music/Party,Closed,QUEENS
70079994,2026-08-15T22:16:24.000,2026-08-15T23:23:38.000,NYPD,Noise - Street/Sidewalk,Loud Music/Party,Closed,BRONX
70074712,2026-08-15T22:16:24.000,,NYPD,Noise - Park,Loud Music/Party,In Progress,QUEENS
70079107,2026-08-15T22:16:12.000,2026-08-15T23:59:12.000,NYPD,Noise - Residential,Loud Music/Party,Closed,BRONX
70077881,2026-08-15T22:16:09.000,2026-08-15T22:31:10.000,NYPD,Noise - Park,Loud Music/Party,Closed,BROOKLYN
70082294,2026-08-15T22:16:07.000,2026-08-15T23:04:22.000,NYPD,Noise - Residential,Loud Music/Party,Closed,MANHATTAN
70074743,2026-08-15T22:16:00.000,2026-08-15T23:54:27.000,NYPD,Noise - Residential,Loud Music/Party,Closed,QUEENS
70074038,2026-08-15T22:15:56.000,2026-08-16T00:41:01.000,NYPD,Illegal Parking,Blocked Hydrant,Closed,BRONX
70077845,2026-08-15T22:15:49.000,2026-08-15T23:06:52.000,NYPD,Illegal Parking,Blocked Hydrant,Closed,BRONX
70075282,2026-08-15T22:15:41.000,2026-08-15T22:33:27.000,NYPD,Noise - Street/Sidewalk,Loud Talking,Closed,BRONX
70082325,2026-08-15T22:15:27.000,2026-08-15T23:14:56.000,NYPD,Illegal Parking,Blocked Hydrant,Closed,MANHATTAN
70080456,2026-08-15T22:15:23.000,,NYPD,Illegal Parking,Commercial Overnight Parking,In Progress,BROOKLYN
70074940,2026-08-15T22:15:20.000,2026-08-15T22:40:28.000,NYPD,Noise - Residential,Loud Music/Party,Closed,BRONX
70074800,2026-08-15T22:15:09.000,,NYPD,Bike/Roller/Skate,N/A,In Progress,STATEN ISLAND
70075488,2026-08-15T22:15:06.000,,NYPD,Illegal Parking,Double Parked Blocking Traffic,In Progress,BROOKLYN
70077375,2026-08-15T22:15:05.000,,NYPD,Noise - Residential,Loud Talking,In Progress,MANHATTAN
70081652,2026-08-15T22:15:00.000,,NYPD,Noise - Street/Sidewalk,Loud Music/Party,In Progress,BRONX
70073969,2026-08-15T22:14:51.000,2026-08-16T00:27:07.000,NYPD,Noise - Residential,Loud Music/Party,Closed,BRONX
70074688,2026-08-15T22:14:49.000,2026-08-15T23:06:54.000,NYPD,Noise - Residential,Loud Music/Party,Closed,QUEENS
70079562,2026-08-15T22:14:47.000,,HPD,HEAT/HOT WATER,APARTMENT ONLY,Open,MANHATTAN
70076124,2026-08-15T22:14:47.000,2026-08-15T23:49:08.000,NYPD,Illegal Fireworks,N/A,Closed,STATEN ISLAND
70077879,2026-08-15T22:14:43.000,2026-08-16T01:25:53.000,NYPD,Noise - Residential,Loud Television,Closed,MANHATTAN
70079830,2026-08-15T22:14:43.000,2026-08-16T00:27:02.000,NYPD,Illegal Parking,Blocked Hydrant,Closed,QUEENS
70081288,2026-08-15T22:14:32.000,2026-08-15T22:16:55.000,NYPD,Noise - Street/Sidewalk,Loud Music/Party,Closed,MANHATTAN
70082265,2026-08-15T22:14:18.000,,DPR,Overgrown Tree/Branches,Clear Street Light,In Progress,BRONX
70081692,2026-08-15T22:14:03.000,2026-08-15T22:28:56.000,NYPD,Noise - Vehicle,Car/Truck Music,Closed,BRONX
70079052,2026-08-15T22:13:55.000,,NYPD,Noise - Residential,Banging/Pounding,In Progress,BRONX
70073850,2026-08-15T22:13:55.000,,DEP,Sewer Maintenance,Manhole Cover Missing,In Progress,QUEENS
70079353,2026-08-15T22:13:53.000,2026-08-15T22:24:33.000,NYPD,Noise - Street/Sidewalk,Loud Music/Party,Closed,BROOKLYN
70076804,2026-08-15T22:13:51.000,2026-08-15T22:37:48.000,NYPD,Noise - Commercial,Loud Music/Party,Closed,BROOKLYN
70077771,2026-08-15T22:13:35.000,2026-08-16T00:16:27.000,NYPD,Illegal Parking,Blocked Crosswalk,Closed,BRONX
70076725,2026-08-15T22:13:33.000,2026-08-15T22:42:50.000,NYPD,Noise - Commercial,Loud Music/Party,Closed,BROOKLYN
70073314,2026-08-15T22:13:27.000,2026-08-15T23:01:33.000,NYPD,Noise - Residential,Loud Music/Party,Closed,QUEENS
70076789,2026-08-15T22:13:16.000,2026-08-16T01:12:53.000,NYPD,Illegal Parking,Blocked Hydrant,Closed,BROOKLYN
70076512,2026-08-15T22:13:06.000,2026-08-15T23:14:56.000,NYPD,Noise - Residential,Loud Music/Party,Closed,BRONX
70079123,2026-08-15T22:13:02.000,2026-08-15T22:37:49.000,NYPD,Noise - Street/Sidewalk,Loud Music/Party,Closed,BRONX
70074924,2026-08-15T22:13:01.000,2026-08-15T23:06:53.000,NYPD,Noise - Street/Sidewalk,Loud Music/Party,Closed,MANHATTAN
70077850,2026-08-15T22:12:59.000,2026-08-15T22:20:46.000,NYPD,Noise - Vehicle,Car/Truck Music,Closed,BRONX
70077131,2026-08-15T22:12:53.000,2026-08-16T01:28:02.000,NYPD,Encampment,N/A,Closed,MANHATTAN
70076104,2026-08-15T22:12:51.000,,NYPD,Noise - Residential,Loud Music/Party,In Progress,STATEN ISLAND
70081029,2026-08-15T22:12:50.000,2026-08-16T00:51:36.000,NYPD,Noise - Residential,Loud Music/Party,Closed,QUEENS
70077727,2026-08-15T22:12:39.000,2026-08-15T23:03:14.000,NYPD,Noise - Street/Sidewalk,Loud Music/Party,Closed,BRONX
70075608,2026-08-15T22:12:33.000,2026-08-15T22:20:42.000,NYPD,Noise - Commercial,Loud Music/Party,Closed,BROOKLYN
70076684,2026-08-15T22:12:31.000,,NYPD,Illegal Parking,Commercial Overnight Parking,In Progress,BROOKLYN
70077777,2026-08-15T22:12:30.000,2026-08-15T22:51:08.000,NYPD,Noise - Residential,Loud Music/Party,Closed,BRONX
70080534,2026-08-15T22:12:21.000,2026-08-15T22:16:24.000,NYPD,Illegal Parking,Posted Parking Sign Violation,Closed,BROOKLYN
70078626,2026-08-15T22:12:21.000,2026-08-15T22:37:48.000,NYPD,Noise - Residential,Loud Music/Party,Closed,STATEN ISLAND
70078729,2026-08-15T22:12:14.000,2026-08-16T00:45:48.000,NYPD,Noise - Street/Sidewalk,Loud Music/Party,Closed,MANHATTAN
70081811,2026-08-15T22:12:12.000,,NYPD,Noise - Street/Sidewalk,Loud Music/Party,In Progress,BROOKLYN
70079669,2026-08-15T22:12:02.000,2026-08-15T23:32:31.000,NYPD,Noise - Street/Sidewalk,Loud Music/Party,Closed,QUEENS
70081290,2026-08-15T22:11:57.000,2026-08-15T22:17:24.000,NYPD,Noise - Street/Sidewalk,Loud Music/Party,Closed,MANHATTAN
70073115,2026-08-15T22:11:48.000,,HPD,UNSANITARY CONDITION,GARBAGE/RECYCLING STORAGE,Open,BROOKLYN
70079098,2026-08-15T22:11:36.000,2026-08-16T01:36:12.000,NYPD,Noise - Street/Sidewalk,Loud Music/Party,Closed,BRONX
70076769,2026-08-15T22:11:29.000,2026-08-15T22:57:35.000,NYPD,Noise - Residential,Loud Music/Party,Closed,BROOKLYN
70076122,2026-08-15T22:11:23.000,2026-08-15T22:46:59.000,NYPD,Noise - Street/Sidewalk,Loud Music/Party,Closed,STATEN ISLAND
70080587,2026-08-15T22:11:14.000,2026-08-16T00:30:13.000,NYPD,Noise - Residential,Loud Music/Party,Closed,BROOKLYN
70075188,2026-08-15T22:11:14.000,,DEP,Sewer Maintenance,Catch Basin Clogged,In Progress,QUEENS
70077413,2026-08-15T22:11:14.000,2026-08-15T23:06:54.000,NYPD,Blocked Driveway,Partial Access,Closed,MANHATTAN
70080318,2026-08-15T22:11:04.000,,NYPD,Noise - Vehicle,Car/Truck Music,In Progress,BRONX
70076154,2026-08-15T22:11:02.000,2026-08-15T23:03:48.000,NYPD,Noise - Street/Sidewalk,Loud Talking,Closed,MANHATTAN
70073895,2026-08-15T22:10:55.000,,NYPD,Noise - Vehicle,Engine Idling,In Progress,BRONX
70077373,2026-08-15T22:10:45.000,2026-08-15T23:54:33.000,NYPD,Illegal Parking,Blocked Hydrant,Closed,STATEN ISLAND
70079155,2026-08-15T22:10:40.000,2026-08-15T22:20:56.000,NYPD,Noise - Residential,Loud Music/Party,Closed,BRONX
70077438,2026-08-15T22:10:22.000,2026-08-16T00:40:22.000,NYPD,Noise - Residential,Loud Music/Party,Closed,MANHATTAN
70075372,2026-08-15T22:10:19.000,2026-08-15T22:31:27.000,NYPD,Noise - Street/Sidewalk,Loud Music/Party,Closed,BROOKLYN
70079357,2026-08-15T22:10:12.000,2026-08-15T23:06:55.000,NYPD,Noise - Residential,Loud Music/Party,Closed,BROOKLYN
70073931,2026-08-15T22:10:10.000,2026-08-16T00:17:22.000,NYPD,Noise - Residential,Loud Music/Party,Closed,BRONX
70074169,2026-08-15T22:10:07.000,2026-08-15T22:38:52.000,NYPD,Noise - Commercial,Loud Music/Party,Closed,BROOKLYN
70077328,2026-08-15T22:09:57.000,2026-08-16T01:32:17.000,NYPD,Illegal Parking,Blocked Hydrant,Closed,QUEENS
70079222,2026-08-15T22:09:47.000,2026-08-15T23:02:47.000,NYPD,Noise - Park,Loud Music/Party,Closed,BROOKLYN
70076539,2026-08-15T22:09:37.000,2026-08-15T22:20:38.000,NYPD,Noise - Street/Sidewalk,Loud Music/Party,Closed,BRONX
70075970,2026-08-15T22:09:32.000,2026-08-15T23:54:29.000,NYPD,Noise - Residential,Loud Music/Party,Closed,QUEENS
70074703,2026-08-15T22:09:17.000,2026-08-15T23:01:33.000,NYPD,Noise - Residential,Loud Music/Party,Closed,QUEENS
70079964,2026-08-15T22:09:11.000,2026-08-15T22:17:09.000,NYPD,Noise - Street/Sidewalk,Loud Music/Party,Closed,MANHATTAN
70078087,2026-08-15T22:09:09.000,2026-08-15T22:14:30.000,NYPD,Noise - Commercial,Loud Music/Party,Closed,BROOKLYN
70078422,2026-08-15T22:09:06.000,2026-08-15T22:27:24.000,NYPD,Noise - Street/Sidewalk,Loud Music/Party,Closed,QUEENS
70074860,2026-08-15T22:09:04.000,2026-08-15T22:51:56.000,NYPD,Noise - Park,Loud Music/Party,Closed,MANHATTAN
70082295,2026-08-15T22:08:57.000,2026-08-15T22:56:48.000,NYPD,Noise - Residential,Loud Television,Closed,MANHATTAN
70075222,2026-08-15T22:08:57.000,2026-08-15T23:02:42.000,NYPD,Noise - Street/Sidewalk,Loud Music/Party,Closed,BRONX
70072559,2026-08-15T22:08:52.000,,DEP,Water Maintenance,Fire Hydrant Leaking,In Progress,STATEN ISLAND
70077329,2026-08-15T22:08:51.000,2026-08-16T01:00:05.000,NYPD,Noise - Street/Sidewalk,Loud Music/Party,Closed,QUEENS
70077947,2026-08-15T22:08:47.000,2026-08-15T22:49:48.000,NYPD,Noise - Residential,Loud Music/Party,Closed,BROOKLYN
70074426,2026-08-15T22:08:46.000,,HPD,UNSANITARY CONDITION,PESTS,Open,BROOKLYN
70077923,2026-08-15T22:08:46.000,,NYPD,Illegal Parking,Commercial Overnight Parking,In Progress,BROOKLYN
70077302,2026-08-15T22:08:38.000,2026-08-15T22:53:56.000,NYPD,Noise - Street/Sidewalk,Loud Talking,Closed,QUEENS
70072732,2026-08-15T22:08:38.000,2026-08-16T00:48:51.000,NYPD,Illegal Parking,Blocked Hydrant,Closed,BRONX
70078316,2026-08-15T22:08:36.000,,DHS,Homeless Person Assistance,Non-Chronic,In Progress,BROOKLYN
70081931,2026-08-15T22:08:25.000,2026-08-15T22:33:47.000,NYPD,Noise - Street/Sidewalk,Loud Music/Party,Closed,BROOKLYN
70076748,2026-08-15T22:08:25.000,2026-08-15T22:54:15.000,NYPD,Noise - Residential,Loud Music/Party,Closed,BROOKLYN
70080798,2026-08-15T22:08:24.000,,HPD,UNSANITARY CONDITION,PESTS,Open,BROOKLYN
70082561,2026-08-15T22:08:19.000,2026-08-16T00:09:36.000,NYPD,Blocked Driveway,No Access,Closed,STATEN ISLAND
70081668,2026-08-15T22:08:15.000,2026-08-15T23:23:37.000,NYPD,Noise - Residential,Loud Music/Party,Closed,BRONX
70073997,2026-08-15T22:08:13.000,2026-08-15T22:37:52.000,NYPD,Noise - Residential,Loud Music/Party,Closed,BRONX
70078541,2026-08-15T22:08:09.000,2026-08-16T01:18:18.000,NYPD,Noise - Residential,Loud Music/Party,Closed,QUEENS
70079730,2026-08-15T22:08:07.000,2026-08-16T00:27:14.000,NYPD,Noise - Residential,Loud Music/Party,Closed,QUEENS
70080395,2026-08-15T22:08:06.000,2026-08-15T23:14:55.000,NYPD,Noise - Residential,Loud Music/Party,Closed,BRONX
70076004,2026-08-15T22:07:55.000,,NYPD,Blocked Driveway,No Access,In Progress,QUEENS
70079185,2026-08-15T22:07:55.000,2026-08-15T22:31:05.000,NYPD,Noise - Park,Loud Music/Party,Closed,BROOKLYN
70072636,2026-08-15T22:07:48.000,,NYPD,Noise - Residential,Loud Music/Party,In Progress,BRONX
70078477,2026-08-15T22:07:44.000,2026-08-16T01:22:36.000,NYPD,Illegal Parking,Blocked Sidewalk,Closed,QUEENS
70074150,2026-08-15T22:07:40.000,2026-08-15T23:35:34.000,NYPD,Illegal Parking,Posted Parking Sign Violation,Closed,BROOKLYN
70082741,2026-08-15T22:07:39.000,,NYPD,Illegal Parking,Blocked Hydrant,In Progress,QUEENS
70075617,2026-08-15T22:07:31.000,2026-08-15T22:10:36.000,NYPD,Noise - Residential,Loud Music/Party,Closed,MANHATTAN
70072999,2026-08-15T22:07:26.000,,NYPD,Noise - Street/Sidewalk,Loud Music/Party,In Progress,BROOKLYN
70081247,2026-08-15T22:07:21.000,2026-08-15T22:54:44.000,NYPD,Noise - Commercial,Loud Music/Party,Closed,MANHATTAN
70080245,2026-08-15T22:07:18.000,,DEP,Water Maintenance,Fire Hydrant Running,In Progress,MANHATTAN
70080530,2026-08-15T22:07:18.000,2026-08-15T22:24:22.000,NYPD,Noise - Residential,Banging/Pounding,Closed,BROOKLYN
70074187,2026-08-15T22:07:14.000,,NYPD,Illegal Parking,Commercial Overnight Parking,In Progress,BROOKLYN
70073964,2026-08-15T22:07:13.000,2026-08-15T23:16:06.000,NYPD,Noise - Street/Sidewalk,Loud Music/Party,Closed,BRONX
70081037,2026-08-15T22:07:11.000,2026-08-15T22:23:09.000,NYPD,Noise - Residential,Loud Music/Party,Closed,QUEENS
70079162,2026-08-15T22:07:10.000,2026-08-16T00:43:04.000,NYPD,Illegal Parking,Posted Parking Sign Violation,Closed,BRONX
70075522,2026-08-15T22:07:08.000,2026-08-16T00:33:59.000,NYPD,Noise - Residential,Loud Music/Party,Closed,BROOKLYN
70080610,2026-08-15T22:07:04.000,2026-08-15T22:46:58.000,NYPD,Noise - Residential,Loud Music/Party,Closed,BROOKLYN
70073427,2026-08-15T22:07:00.000,2026-08-15T23:09:43.000,NYPD,Noise - Commercial,Loud Music/Party,Closed,QUEENS
70079804,2026-08-15T22:06:54.000,2026-08-15T23:17:38.000,NYPD,Noise - Park,Loud Music/Party,Closed,QUEENS
70080520,2026-08-15T22:06:53.000,2026-08-15T22:43:39.000,NYPD,Noise - Park,Loud Music/Party,Closed,MANHATTAN
70074830,2026-08-15T22:06:53.000,2026-08-15T23:50:29.000,NYPD,Noise - Commercial,Loud Music/Party,Closed,STATEN ISLAND
70073498,2026-08-15T22:06:41.000,2026-08-16T00:19:03.000,NYPD,Illegal Parking,Posted Parking Sign Violation,Closed,STATEN ISLAND
70081794,2026-08-15T22:06:36.000,2026-08-15T22:31:11.000,NYPD,Noise - Park,Loud Music/Party,Closed,BROOKLYN
70073421,2026-08-15T22:06:36.000,2026-08-15T22:20:36.000,NYPD,Noise - Residential,Loud Music/Party,Closed,QUEENS
70082296,2026-08-15T22:06:32.000,2026-08-15T23:07:41.000,NYPD,Noise - Street/Sidewalk,Loud Music/Party,Closed,MANHATTAN
70075379,2026-08-15T22:06:31.000,,NYPD,Noise - Residential,Loud Music/Party,In Progress,BROOKLYN
70078673,2026-08-15T22:06:27.000,2026-08-15T22:54:09.000,NYPD,Noise - Commercial,Banging/Pounding,Closed,MANHATTAN
70080428,2026-08-15T22:06:25.000,2026-08-16T01:28:55.000,NYPD,Noise - Residential,Banging/Pounding,Closed,BRONX
70082423,2026-08-15T22:06:23.000,,NYPD,Abandoned Vehicle,With License Plate,In Progress,QUEENS
70074106,2026-08-15T22:06:21.000,,NYPD,Illegal Parking,Commercial Overnight Parking,In Progress,BROOKLYN
70073332,2026-08-15T22:06:15.000,,NYPD,Noise - Residential,Loud Music/Party,In Progress,QUEENS
70082373,2026-08-15T22:06:14.000,,NYPD,Illegal Parking,Commercial Overnight Parking,In Progress,QUEENS
70080437,2026-08-15T22:06:13.000,2026-08-15T22:30:50.000,NYPD,Noise - Street/Sidewalk,Loud Music/Party,Closed,BROOKLYN
70081636,2026-08-15T22:06:13.000,2026-08-15T22:49:06.000,NYPD,Drinking,In Public,Closed,BRONX
70078067,2026-08-15T22:06:01.000,2026-08-15T22:48:32.000,NYPD,Noise - Residential,Loud Music/Party,Closed,BROOKLYN
70075349,2026-08-15T22:05:58.000,2026-08-16T00:52:15.000,NYPD,Illegal Parking,Blocked Hydrant,Closed,BRONX
70073328,2026-08-15T22:05:56.000,,NYPD,Illegal Parking,Paper License Plates,In Progress,QUEENS
70075797,2026-08-15T22:05:48.000,,HPD,ELECTRIC,NO LIGHTING,Open,BROOKLYN
70077448,2026-08-15T22:05:45.000,2026-08-15T22:07:18.000,NYPD,Noise - Street/Sidewalk,Loud Music/Party,Closed,MANHATTAN
70080954,2026-08-15T22:05:44.000,2026-08-15T22:46:58.000,NYPD,Noise - Residential,Loud Talking,Closed,BRONX
70079426,2026-08-15T22:05:40.000,,NYPD,Noise - Residential,Loud Music/Party,In Progress,BROOKLYN
70079501,2026-08-15T22:05:23.000,,HPD,UNSANITARY CONDITION,PESTS,Open,BROOKLYN
70075419,2026-08-15T22:05:22.000,2026-08-15T22:33:01.000,NYPD,Noise - Vehicle,Car/Truck Music,Closed,BROOKLYN
70074734,2026-08-15T22:05:18.000,2026-08-16T00:36:24.000,NYPD,Illegal Parking,Commercial Overnight Parking,Closed,QUEENS
70072838,2026-08-15T22:05:14.000,2026-08-15T22:07:34.000,NYPD,Illegal Parking,Posted Parking Sign Violation,Closed,BROOKLYN
70082297,2026-08-15T22:05:01.000,2026-08-15T23:07:19.000,NYPD,Noise - Residential,Banging/Pounding,Closed,MANHATTAN
70080765,2026-08-15T22:05:00.000,,DOT,Street Light Condition,Street Light Out,Open,STATEN ISLAND
70081637,2026-08-15T22:05:00.000,2026-08-16T00:19:15.000,NYPD,Blocked Driveway,No Access,Closed,BRONX
70080546,2026-08-15T22:04:51.000,2026-08-15T22:11:13.000,NYPD,Noise - Residential,Loud Music/Party,Closed,BROOKLYN
70081023,2026-08-15T22:04:50.000,,NYPD,Illegal Parking,Posted Parking Sign Violation,In Progress,QUEENS
70072599,2026-08-15T22:04:48.000,2026-08-15T23:27:36.000,NYPD,Noise - Street/Sidewalk,Loud Music/Party,Closed,BRONX
70081060,2026-08-15T22:04:45.000,2026-08-15T22:42:54.000,NYPD,Noise - Residential,Loud Music/Party,Closed,QUEENS
70078739,2026-08-15T22:04:44.000,2026-08-15T22:53:41.000,NYPD,Noise - Street/Sidewalk,Loud Music/Party,Closed,BRONX
70079261,2026-08-15T22:04:35.000,2026-08-15T22:32:57.000,NYPD,Illegal Parking,Double Parked Blocking Traffic,Closed,MANHATTAN
70074841,2026-08-15T22:04:28.000,2026-08-15T22:26:55.000,NYPD,Noise - Street/Sidewalk,Loud Talking,Closed,MANHATTAN
70075223,2026-08-15T22:04:25.000,2026-08-15T22:47:42.000,NYPD,Noise - Street/Sidewalk,Loud Music/Party,Closed,BRONX
70073876,2026-08-15T22:04:25.000,,EDC,Noise - Helicopter,Other,In Progress,MANHATTAN
70079288,2026-08-15T22:04:19.000,,DOT,Street Condition,Plate Condition - Noisy,In Progress,BRONX
70074210,2026-08-15T22:04:13.000,,NYPD,Blocked Driveway,No Access,In Progress,BROOKLYN
70075629,2026-08-15T22:04:12.000,,NYPD,Noise - Residential,Loud Music/Party,In Progress,BROOKLYN
70082075,2026-08-15T22:04:11.000,2026-08-15T22:28:36.000,NYPD,Blocked Driveway,No Access,Closed,BROOKLYN
70075406,2026-08-15T22:04:06.000,2026-08-15T22:50:45.000,NYPD,Noise - Residential,Loud Music/Party,Closed,BROOKLYN
70076764,2026-08-15T22:04:03.000,,NYPD,Illegal Parking,License Plate Obscured,In Progress,BROOKLYN
70072784,2026-08-15T22:04:03.000,2026-08-15T23:02:18.000,NYPD,Noise - Residential,Loud Music/Party,Closed,BROOKLYN
70080616,2026-08-15T22:04:00.000,2026-08-15T22:07:17.000,NYPD,Noise - Street/Sidewalk,Loud Music/Party,Closed,BROOKLYN
70082585,2026-08-15T22:03:51.000,2026-08-15T22:53:32.000,NYPD,Noise - Commercial,Loud Music/Party,Closed,MANHATTAN
70079427,2026-08-15T22:03:42.000,,NYPD,Noise - Residential,Loud Music/Party,In Progress,BROOKLYN
70079411,2026-08-15T22:03:31.000,2026-08-15T22:16:48.000,NYPD,Noise - Residential,Loud Music/Party,Closed,MANHATTAN
70074429,2026-08-15T22:03:31.000,,HPD,UNSANITARY CONDITION,MOLD,Open,MANHATTAN
70075447,2026-08-15T22:03:19.000,2026-08-15T23:24:26.000,NYPD,Noise - Residential,Loud Music/Party,Closed,BROOKLYN
70082201,2026-08-15T22:03:04.000,,HPD,HEAT/HOT WATER,ENTIRE BUILDING,Open,BROOKLYN
70079944,2026-08-15T22:03:02.000,2026-08-16T00:09:37.000,NYPD,Noise - Street/Sidewalk,Loud Music/Party,Closed,MANHATTAN
70076119,2026-08-15T22:03:02.000,2026-08-15T22:37:51.000,NYPD,Noise - Residential,Loud Music/Party,Closed,STATEN ISLAND
70078224,2026-08-15T22:02:52.000,,HPD,UNSANITARY CONDITION,PESTS,Open,BROOKLYN
70077949,2026-08-15T22:02:31.000,2026-08-15T23:55:45.000,NYPD,Noise - Street/Sidewalk,Loud Music/Party,Closed,MANHATTAN
70074661,2026-08-15T22:02:29.000,2026-08-16T00:18:18.000,NYPD,Noise - Residential,Loud Music/Party,Closed,QUEENS
70081285,2026-08-15T22:02:26.000,,NYPD,Noise - Commercial,Loud Music/Party,In Progress,MANHATTAN
70076079,2026-08-15T22:02:25.000,2026-08-15T22:47:21.000,NYPD,Blocked Driveway,No Access,Closed,QUEENS
70082725,2026-08-15T22:02:22.000,,DSNY,Illegal Posting,Poster or Sign,In Progress,QUEENS
70079993,2026-08-15T22:02:22.000,2026-08-15T23:08:33.000,NYPD,Noise - Street/Sidewalk,Loud Music/Party,Closed,BRONX
70076069,2026-08-15T22:02:13.000,2026-08-16T00:39:37.000,NYPD,Blocked Driveway,No Access,Closed,QUEENS
70081772,2026-08-15T22:02:08.000,2026-08-16T00:53:43.000,NYPD,Illegal Parking,Posted Parking Sign Violation,Closed,BRONX
70073514,2026-08-15T22:02:01.000,2026-08-16T01:08:00.000,NYPD,Noise - Residential,Loud Music/Party,Closed,STATEN ISLAND
70078690,2026-08-15T22:01:45.000,2026-08-16T00:37:46.000,NYPD,Noise - Street/Sidewalk,Loud Talking,Closed,MANHATTAN
70077766,2026-08-15T22:01:24.000,2026-08-15T23:23:38.000,NYPD,Noise - Residential,Loud Music/Party,Closed,BRONX
70073994,2026-08-15T22:01:16.000,2026-08-15T22:20:39.000,NYPD,Noise - Street/Sidewalk,Loud Music/Party,Closed,BRONX
70073149,2026-08-15T22:01:12.000,,HPD,HEAT/HOT WATER,APARTMENT ONLY,Open,BROOKLYN
70074930,2026-08-15T22:00:59.000,2026-08-16T00:45:32.000,NYPD,Noise - Commercial,Loud Music/Party,Closed,MANHATTAN
70073297,2026-08-15T22:00:53.000,2026-08-15T22:53:24.000,NYPD,Noise - Residential,Loud Music/Party,Closed,QUEENS
70081128,2026-08-15T22:00:48.000,2026-08-15T22:25:11.000,NYPD,Noise - Street/Sidewalk,Loud Music/Party,Closed,QUEENS
70073491,2026-08-15T22:00:44.000,,NYPD,Noise - Residential,Loud Talking,In Progress,STATEN ISLAND
70074302,2026-08-15T22:00:40.000,2026-08-15T22:10:19.000,NYPD,Noise - Street/Sidewalk,Loud Music/Party,Closed,BROOKLYN
70078797,2026-08-15T22:00:32.000,,DSNY,Dirty Condition,Trash,In Progress,BRONX
70077885,2026-08-15T22:00:29.000,,NYPD,Noise - Street/Sidewalk,Loud Music/Party,In Progress,BROOKLYN
70076774,2026-08-15T22:00:28.000,2026-08-15T22:07:30.000,NYPD,Panhandling,N/A,Closed,BROOKLYN
70081429,2026-08-15T22:00:18.000,2026-08-15T22:07:24.000,NYPD,Abandoned Vehicle,With License Plate,Closed,QUEENS
70077968,2026-08-15T22:00:16.000,2026-08-15T22:20:40.000,NYPD,Noise - Street/Sidewalk,Loud Music/Party,Closed,BROOKLYN
70075408,2026-08-15T22:00:02.000,2026-08-15T23:02:18.000,NYPD,Noise - Residential,Loud Music/Party,Closed,BROOKLYN
70080454,2026-08-15T22:00:01.000,,NYPD,Noise - Residential,Loud Music/Party,In Progress,BROOKLYN
70076136,2026-08-15T22:00:00.000,2026-08-16T00:33:46.000,NYPD,Noise - Residential,Loud Music/Party,Closed,MANHATTAN
70078018,2026-08-15T21:59:59.000,2026-08-16T00:17:07.000,NYPD,Noise - Residential,Loud Music/Party,Closed,BROOKLYN
70077483,2026-08-15T21:59:59.000,2026-08-15T22:28:44.000,NYPD,Drinking,In Public,Closed,BRONX
70082625,2026-08-15T21:59:46.000,,NYPD,Noise - Vehicle,Car/Truck Music,In Progress,MANHATTAN
70078630,2026-08-15T21:59:43.000,2026-08-15T22:20:39.000,NYPD,Noise - Residential,Loud Music/Party,Closed,STATEN ISLAND
70076501,2026-08-15T21:59:42.000,,NYPD,Noise - Street/Sidewalk,Loud Music/Party,In Progress,BRONX
70081720,2026-08-15T21:59:40.000,2026-08-16T00:09:45.000,NYPD,Noise - Street/Sidewalk,Loud Music/Party,Closed,BRONX
70076109,2026-08-15T21:59:39.000,2026-08-16T00:05:08.000,NYPD,Noise - Residential,Loud Music/Party,Closed,STATEN ISLAND
70080332,2026-08-15T21:59:33.000,2026-08-15T23:23:42.000,NYPD,Noise - Residential,Banging/Pounding,Closed,BRONX
70075908,2026-08-15T21:59:32.000,2026-08-15T22:53:18.000,NYPD,Noise - Residential,Loud Music/Party,Closed,QUEENS
70077962,2026-08-15T21:59:29.000,2026-08-15T22:07:16.000,NYPD,Illegal Parking,Commercial Overnight Parking,Closed,BROOKLYN
70073350,2026-08-15T21:59:28.000,2026-08-16T01:12:56.000,NYPD,Illegal Parking,Posted Parking Sign Violation,Closed,QUEENS
70077781,2026-08-15T21:59:28.000,2026-08-16T00:42:55.000,NYPD,Illegal Parking,Commercial Overnight Parking,Closed,BRONX
70079170,2026-08-15T21:59:25.000,2026-08-15T22:27:07.000,NYPD,Noise - Street/Sidewalk,Loud Music/Party,Closed,BRONX
70073475,2026-08-15T21:59:14.000,2026-08-15T22:22:35.000,NYPD,Blocked Driveway,Partial Access,Closed,QUEENS
70078444,2026-08-15T21:59:12.000,2026-08-15T22:52:40.000,NYPD,Noise - Residential,Loud Music/Party,Closed,QUEENS
70072754,2026-08-15T21:59:11.000,,NYPD,Noise - Residential,Loud Music/Party,In Progress,BROOKLYN
70076254,2026-08-15T21:59:03.000,,DSNY,Dirty Condition,Trash,In Progress,STATEN ISLAND
70082046,2026-08-15T21:58:52.000,2026-08-15T22:09:50.000,NYPD,Noise - Commercial,Loud Music/Party,Closed,BROOKLYN
70073062,2026-08-15T21:58:47.000,,DOT,Street Condition,"Rough, Pitted or Cracked Roads",In Progress,BRONX
70075974,2026-08-15T21:58:42.000,2026-08-15T23:54:25.000,NYPD,Noise - Residential,Loud Music/Party,Closed,QUEENS
70077210,2026-08-15T21:58:38.000,2026-08-16T00:09:38.000,NYPD,Noise - Residential,Loud Music/Party,Closed,QUEENS
70072951,2026-08-15T21:58:38.000,2026-08-16T00:33:45.000,NYPD,Noise - Residential,Loud Music/Party,Closed,BROOKLYN
70079467,2026-08-15T21:58:28.000,,DCWP,Consumer Complaint,Locksmith,In Progress,QUEENS
70082407,2026-08-15T21:58:09.000,2026-08-15T22:38:19.000,NYPD,Noise - Street/Sidewalk,Loud Music/Party,Closed,QUEENS
70077157,2026-08-15T21:58:06.000,2026-08-15T22:50:18.000,NYPD,Illegal Parking,Blocked Hydrant,Closed,QUEENS
70077186,2026-08-15T21:58:06.000,,NYPD,Blocked Driveway,No Access,In Progress,QUEENS
70080048,2026-08-15T21:58:03.000,,DSNY,Missed Collection,Compost,In Progress,QUEENS
70081088,2026-08-15T21:58:01.000,2026-08-16T00:44:14.000,NYPD,Illegal Parking,Parking Permit Improper Use,Closed,QUEENS
70082515,2026-08-15T21:57:59.000,2026-08-15T22:50:17.000,NYPD,Blocked Driveway,No Access,Closed,QUEENS
70079108,2026-08-15T21:57:53.000,2026-08-15T23:44:36.000,NYPD,Noise - Residential,Loud Music/Party,Closed,BRONX
70075849,2026-08-15T21:57:51.000,2026-08-15T23:11:33.000,NYPD,Noise - Residential,Banging/Pounding,Closed,BROOKLYN
70080307,2026-08-15T21:57:43.000,,NYPD,Noise - Residential,Loud Music/Party,In Progress,BRONX
70077945,2026-08-15T21:57:38.000,2026-08-16T01:23:50.000,NYPD,Noise - Residential,Loud Television,Closed,BROOKLYN
70081910,2026-08-15T21:57:34.000,2026-08-15T23:39:07.000,NYPD,Illegal Parking,Commercial Overnight Parking,Closed,BROOKLYN
70074138,2026-08-15T21:57:28.000,2026-08-15T23:56:06.000,NYPD,Noise - Street/Sidewalk,Loud Music/Party,Closed,MANHATTAN
70073318,2026-08-15T21:57:24.000,2026-08-15T22:04:15.000,NYPD,Noise - Residential,Loud Music/Party,Closed,QUEENS
70072527,2026-08-15T21:57:22.000,,DEP,Sewer Maintenance,Catch Basin Search,In Progress,STATEN ISLAND
70081871,2026-08-15T21:57:21.000,2026-08-15T22:38:33.000,NYPD,Noise - Vehicle,Car/Truck Music,Closed,BROOKLYN
70073559,2026-08-15T21:57:17.000,2026-08-15T22:32:13.000,NYPD,Illegal Parking,Double Parked Blocking Vehicle,Closed,MANHATTAN
70080399,2026-08-15T21:57:09.000,2026-08-16T00:53:23.000,NYPD,Noise - Residential,Loud Music/Party,Closed,MANHATTAN
70074984,2026-08-15T21:57:09.000,,DSNY,Illegal Dumping,Removal Request,In Progress,BROOKLYN
70074623,2026-08-15T21:57:06.000,2026-08-15T22:51:10.000,NYPD,Illegal Parking,Blocked Hydrant,Closed,QUEENS
70072755,2026-08-15T21:57:04.000,,NYPD,Illegal Parking,Commercial Overnight Parking,In Progress,BROOKLYN
70077857,2026-08-15T21:57:03.000,2026-08-15T22:21:19.000,NYPD,Noise - Street/Sidewalk,Loud Music/Party,Closed,BRONX
70076611,2026-08-15T21:57:03.000,2026-08-16T00:00:28.000,NYPD,Noise - Street/Sidewalk,Loud Music/Party,Closed,BRONX
70078557,2026-08-15T21:56:50.000,2026-08-15T23:48:06.000,NYPD,Blocked Driveway,Partial Access,Closed,QUEENS
70080106,2026-08-15T21:56:43.000,,DOT,Street Condition,Pothole,Open,BROOKLYN
70075547,2026-08-15T21:56:43.000,2026-08-15T22:20:49.000,NYPD,Noise - Street/Sidewalk,Loud Music/Party,Closed,BROOKLYN
70074809,2026-08-15T21:56:32.000,2026-08-16T00:09:37.000,NYPD,Noise - Street/Sidewalk,Loud Music/Party,Closed,STATEN ISLAND
70078426,2026-08-15T21:56:26.000,,NYPD,Illegal Parking,Commercial Overnight Parking,In Progress,QUEENS
70074683,2026-08-15T21:56:08.000,2026-08-15T22:39:19.000,NYPD,Noise - Residential,Loud Music/Party,Closed,QUEENS
70074301,2026-08-15T21:56:07.000,2026-08-15T22:10:56.000,NYPD,Noise - Street/Sidewalk,Loud Music/Party,Closed,BROOKLYN
70073366,2026-08-15T21:56:05.000,2026-08-15T23:43:31.000,NYPD,Noise - Residential,Loud Music/Party,Closed,QUEENS
70078581,2026-08-15T21:56:03.000,2026-08-16T00:56:53.000,NYPD,Illegal Parking,Commercial Overnight Parking,Closed,QUEENS
70073398,2026-08-15T21:55:57.000,,NYPD,Illegal Parking,Blocked Hydrant,In Progress,QUEENS
70075931,2026-08-15T21:55:53.000,2026-08-15T22:14:31.000,NYPD,Blocked Driveway,No Access,Closed,QUEENS
70078405,2026-08-15T21:55:52.000,2026-08-15T22:23:54.000,NYPD,Illegal Parking,Paper License Plates,Closed,MANHATTAN
70079722,2026-08-15T21:55:48.000,,NYPD,Abandoned Vehicle,With License Plate,In Progress,QUEENS
70079121,2026-08-15T21:55:48.000,2026-08-15T22:20:37.000,NYPD,Noise - Street/Sidewalk,Loud Music/Party,Closed,BRONX
70072749,2026-08-15T21:55:46.000,2026-08-15T22:24:24.000,NYPD,Illegal Parking,Blocked Crosswalk,Closed,BROOKLYN
70077152,2026-08-15T21:55:40.000,2026-08-15T22:27:24.000,NYPD,Noise - Street/Sidewalk,Loud Music/Party,Closed,QUEENS
70075884,2026-08-15T21:55:39.000,2026-08-15T22:37:57.000,NYPD,Illegal Parking,Posted Parking Sign Violation,Closed,MANHATTAN
70080979,2026-08-15T21:55:36.000,2026-08-15T22:30:33.000,NYPD,Illegal Parking,Posted Parking Sign Violation,Closed,QUEENS
70076889,2026-08-15T21:55:36.000,,NYPD,Noise - Residential,Loud Music/Party,In Progress,BROOKLYN
70072736,2026-08-15T21:55:33.000,2026-08-15T22:27:21.000,NYPD,Noise - Street/Sidewalk,Loud Music/Party,Closed,BRONX
70081181,2026-08-15T21:55:27.000,2026-08-15T22:15:38.000,NYPD,Noise - Residential,Loud Talking,Closed,STATEN ISLAND
70081156,2026-08-15T21:55:24.000,2026-08-15T22:24:16.000,NYPD,Illegal Parking,Posted Parking Sign Violation,Closed,QUEENS
70076046,2026-08-15T21:55:16.000,2026-08-15T22:51:53.000,NYPD,Illegal Parking,Blocked Hydrant,Closed,QUEENS
70073347,2026-08-15T21:55:08.000,,NYPD,Blocked Driveway,No Access,In Progress,QUEENS
70080420,2026-08-15T21:55:03.000,2026-08-15T22:54:37.000,NYPD,Noise - Street/Sidewalk,Loud Music/Party,Closed,BRONX
70072638,2026-08-15T21:55:02.000,,NYPD,Noise - Residential,Loud Music/Party,In Progress,BRONX
70076650,2026-08-15T21:55:01.000,,NYPD,Noise - Residential,Banging/Pounding,In Progress,BROOKLYN
70076437,2026-08-15T21:55:00.000,2026-08-15T23:30:00.000,DEP,Water Maintenance,Fire Hydrant Running Full,Closed,MANHATTAN
70078194,2026-08-15T21:55:00.000,,DOT,Street Light Condition,Street Light Out,Open,QUEENS
70072538,2026-08-15T21:55:00.000,,DEP,Water Maintenance,Fire Hydrant Running Full,In Progress,MANHATTAN
70075009,2026-08-15T21:54:59.000,,DSNY,Lot Condition,Trash,In Progress,STATEN ISLAND
70074927,2026-08-15T21:54:49.000,2026-08-15T23:01:33.000,NYPD,Noise - Residential,Loud Music/Party,Closed,MANHATTAN
70074687,2026-08-15T21:54:49.000,2026-08-15T22:42:54.000,NYPD,Noise - Residential,Loud Music/Party,Closed,QUEENS
70077261,2026-08-15T21:54:46.000,,NYPD,Illegal Parking,Blocked Hydrant,In Progress,QUEENS
70079659,2026-08-15T21:54:44.000,2026-08-15T22:41:40.000,NYPD,Noise - Residential,Loud Music/Party,Closed,MANHATTAN
70077791,2026-08-15T21:54:42.000,2026-08-15T22:30:07.000,NYPD,Noise - Vehicle,Car/Truck Music,Closed,BRONX
70077853,2026-08-15T21:54:39.000,2026-08-16T00:46:56.000,NYPD,Noise - Street/Sidewalk,Loud Music/Party,Closed,BRONX
70082722,2026-08-15T21:54:36.000,,DSNY,Residential Disposal Complaint,Trash or Recycling Not Secure,In Progress,BROOKLYN
70078338,2026-08-15T21:54:36.000,,DPR,Overgrown Tree/Branches,Dead Branches in Tree,In Progress,BRONX
70078054,2026-08-15T21:54:36.000,2026-08-15T22:20:43.000,NYPD,Noise - Residential,Loud Music/Party,Closed,BROOKLYN
70073457,2026-08-15T21:54:32.000,2026-08-16T00:10:01.000,NYPD,Blocked Driveway,No Access,Closed,QUEENS
70077981,2026-08-15T21:54:25.000,2026-08-15T23:20:23.000,NYPD,Illegal Parking,Commercial Overnight Parking,Closed,BROOKLYN
70077862,2026-08-15T21:54:17.000,2026-08-16T00:47:26.000,NYPD,Noise - Commercial,Loud Music/Party,Closed,BRONX
70073285,2026-08-15T21:54:10.000,2026-08-15T22:15:37.000,NYPD,Noise - Residential,Loud Music/Party,Closed,QUEENS
70078465,2026-08-15T21:54:03.000,2026-08-15T22:34:47.000,NYPD,Illegal Parking,Posted Parking Sign Violation,Closed,QUEENS
70078492,2026-08-15T21:53:54.000,2026-08-15T23:38:59.000,NYPD,Noise - Residential,Loud Music/Party,Closed,QUEENS
70074165,2026-08-15T21:53:53.000,2026-08-15T22:17:34.000,NYPD,Noise - Residential,Loud Music/Party,Closed,BROOKLYN
70075378,2026-08-15T21:53:41.000,,NYPD,Noise - Residential,Loud Music/Party,In Progress,BROOKLYN
70075154,2026-08-15T21:53:36.000,2026-08-15T21:54:00.000,DEP,Water Maintenance,Water Main Break,Closed,BROOKLYN
70075482,2026-08-15T21:53:29.000,,NYPD,Illegal Parking,Blocked Crosswalk,In Progress,BROOKLYN
70079241,2026-08-15T21:53:16.000,2026-08-15T22:14:28.000,NYPD,Blocked Driveway,No Access,Closed,BROOKLYN
70076647,2026-08-15T21:53:08.000,2026-08-15T23:23:36.000,NYPD,Illegal Parking,Blocked Hydrant,Closed,BROOKLYN
70075370,2026-08-15T21:53:03.000,2026-08-15T22:30:28.000,NYPD,Noise - Street/Sidewalk,Loud Music/Party,Closed,BROOKLYN
70079280,2026-08-15T21:53:02.000,2026-08-15T23:27:36.000,NYPD,Illegal Parking,Commercial Overnight Parking,Closed,BROOKLYN
70073512,2026-08-15T21:53:02.000,,NYPD,Illegal Fireworks,N/A,In Progress,STATEN ISLAND
70082404,2026-08-15T21:52:57.000,2026-08-16T00:39:34.000,NYPD,Abandoned Vehicle,With License Plate,Closed,QUEENS
70078077,2026-08-15T21:52:57.000,2026-08-16T00:13:22.000,NYPD,Noise - Residential,Loud Music/Party,Closed,BROOKLYN
70078625,2026-08-15T21:52:52.000,2026-08-15T22:37:50.000,NYPD,Noise - Residential,Loud Music/Party,Closed,STATEN ISLAND
70075323,2026-08-15T21:52:51.000,2026-08-15T23:10:31.000,NYPD,Drug Activity,Use Outside,Closed,BRONX
70082362,2026-08-15T21:52:48.000,2026-08-15T21:59:07.000,NYPD,Abandoned Vehicle,With License Plate,Closed,QUEENS
70082436,2026-08-15T21:52:37.000,2026-08-15T22:21:09.000,NYPD,Blocked Driveway,No Access,Closed,QUEENS
70077284,2026-08-15T21:52:14.000,2026-08-15T22:03:25.000,NYPD,Noise - Residential,Loud Music/Party,Closed,QUEENS
70074142,2026-08-15T21:52:07.000,2026-08-15T23:23:37.000,NYPD,Noise - Park,Loud Music/Party,Closed,MANHATTAN
70072652,2026-08-15T21:52:02.000,2026-08-16T01:11:22.000,NYPD,Noise - Street/Sidewalk,Loud Music/Party,Closed,BRONX
70076075,2026-08-15T21:51:46.000,,NYPD,Blocked Driveway,Partial Access,In Progress,QUEENS
70080028,2026-08-15T21:51:43.000,,DSNY,Obstruction,Weeds or Grass,In Progress,MANHATTAN
70079626,2026-08-15T21:51:40.000,,DPR,Dead/Dying Tree,Planted Less Than 2 Years Ago,In Progress,BRONX
70074570,2026-08-15T21:51:40.000,2026-08-15T23:35:36.000,NYPD,Noise - Street/Sidewalk,Loud Music/Party,Closed,BROOKLYN
70076642,2026-08-15T21:51:35.000,2026-08-15T23:23:37.000,NYPD,Illegal Parking,Posted Parking Sign Violation,Closed,BROOKLYN
70081968,2026-08-15T21:51:29.000,2026-08-15T22:47:00.000,NYPD,Noise - Street/Sidewalk,Loud Music/Party,Closed,BROOKLYN
70078653,2026-08-15T21:51:14.000,2026-08-16T00:28:22.000,NYPD,Noise - Street/Sidewalk,Loud Talking,Closed,MANHATTAN
70077873,2026-08-15T21:51:13.000,2026-08-15T22:37:45.000,NYPD,Noise - Residential,Loud Music/Party,Closed,BRONX
70073970,2026-08-15T21:51:09.000,2026-08-15T23:44:36.000,NYPD,Noise - Residential,Loud Music/Party,Closed,BRONX
70077306,2026-08-15T21:50:48.000,2026-08-15T22:33:50.000,NYPD,Noise - Street/Sidewalk,Loud Music/Party,Closed,QUEENS
70081196,2026-08-15T21:50:22.000,2026-08-15T22:37:51.000,NYPD,Noise - Residential,Loud Music/Party,Closed,STATEN ISLAND
70079202,2026-08-15T21:50:16.000,2026-08-15T23:23:32.000,NYPD,Illegal Parking,Blocked Hydrant,Closed,BROOKLYN
70073838,2026-08-15T21:50:07.000,,DEP,Water Maintenance,Fire Hydrant Running,In Progress,MANHATTAN
70076322,2026-08-15T21:50:06.000,2026-08-16T00:58:34.000,NYPD,Illegal Parking,Commercial Overnight Parking,Closed,QUEENS
70078116,2026-08-15T21:49:59.000,2026-08-15T22:09:22.000,NYPD,Blocked Driveway,No Access,Closed,BROOKLYN
70081327,2026-08-15T21:49:53.000,2026-08-15T22:21:34.000,NYPD,Noise - Park,Loud Music/Party,Closed,BRONX
70077370,2026-08-15T21:49:51.000,2026-08-15T22:22:37.000,NYPD,Noise - Residential,Loud Music/Party,Closed,STATEN ISLAND
70080952,2026-08-15T21:49:50.000,2026-08-15T21:55:48.000,NYPD,Illegal Parking,Posted Parking Sign Violation,Closed,MANHATTAN
70074305,2026-08-15T21:49:50.000,2026-08-15T21:54:30.000,NYPD,Noise - Commercial,Loud Music/Party,Closed,BROOKLYN
70074606,2026-08-15T21:49:48.000,2026-08-15T22:33:03.000,NYPD,Illegal Parking,Posted Parking Sign Violation,Closed,MANHATTAN
70081696,2026-08-15T21:49:40.000,2026-08-15T22:24:15.000,NYPD,Noise - Street/Sidewalk,Loud Music/Party,Closed,BRONX
70072753,2026-08-15T21:49:28.000,2026-08-15T21:55:50.000,NYPD,Illegal Parking,Blocked Crosswalk,Closed,BROOKLYN
70072690,2026-08-15T21:49:26.000,2026-08-15T23:31:32.000,NYPD,Illegal Parking,Posted Parking Sign Violation,Closed,BRONX
70082053,2026-08-15T21:49:21.000,2026-08-15T23:02:14.000,NYPD,Illegal Parking,Blocked Sidewalk,Closed,BROOKLYN
70075355,2026-08-15T21:49:21.000,2026-08-15T22:14:29.000,NYPD,Noise - Street/Sidewalk,Loud Music/Party,Closed,BRONX
70078761,2026-08-15T21:49:20.000,,DPR,Maintenance or Facility,Hours of Operation,In Progress,BROOKLYN
70080566,2026-08-15T21:49:17.000,2026-08-15T21:52:25.000,NYPD,Noise - Street/Sidewalk,Loud Music/Party,Closed,BROOKLYN
70079297,2026-08-15T21:49:12.000,,NYPD,Illegal Parking,Blocked Hydrant,In Progress,BROOKLYN
70078865,2026-08-15T21:49:10.000,,DOT,Street Condition,Pothole,Open,BROOKLYN
70077900,2026-08-15T21:49:07.000,,NYPD,Blocked Driveway,No Access,In Progress,BROOKLYN
70075390,2026-08-15T21:49:03.000,,NYPD,Illegal Parking,Blocked Sidewalk,In Progress,BROOKLYN
70077262,2026-08-15T21:49:00.000,,NYPD,Blocked Driveway,Partial Access,In Progress,QUEENS
70080722,2026-08-15T21:48:56.000,,TLC,Taxi Complaint,Driver Complaint - Non Passenger,In Progress,MANHATTAN
70078737,2026-08-15T21:48:55.000,2026-08-15T22:14:28.000,NYPD,Noise - Street/Sidewalk,Loud Music/Party,Closed,BRONX
70082445,2026-08-15T21:48:52.000,2026-08-15T22:14:43.000,NYPD,Noise - Residential,Loud Music/Party,Closed,QUEENS
70082509,2026-08-15T21:48:50.000,,NYPD,Blocked Driveway,No Access,In Progress,QUEENS
70078057,2026-08-15T21:48:49.000,2026-08-15T22:10:12.000,NYPD,Noise - Vehicle,Engine Idling,Closed,BROOKLYN
70079765,2026-08-15T21:48:40.000,2026-08-16T00:44:53.000,NYPD,Illegal Parking,Blocked Hydrant,Closed,QUEENS
70073953,2026-08-15T21:48:35.000,2026-08-15T21:50:14.000,NYPD,Noise - Street/Sidewalk,Loud Music/Party,Closed,BRONX
70077662,2026-08-15T21:48:34.000,,DEP,Water Maintenance,Fire Hydrant Defective,In Progress,STATEN ISLAND
70079174,2026-08-15T21:48:25.000,2026-08-15T23:37:20.000,NYPD,Noise - Street/Sidewalk,Loud Music/Party,Closed,BRONX
70079908,2026-08-15T21:48:06.000,2026-08-15T23:12:22.000,NYPD,Noise - Street/Sidewalk,Loud Talking,Closed,MANHATTAN
70077411,2026-08-15T21:48:03.000,2026-08-15T23:08:06.000,NYPD,Noise - Residential,Loud Music/Party,Closed,MANHATTAN
70074404,2026-08-15T21:48:03.000,,HPD,WATER LEAK,HEAVY FLOW,Open,MANHATTAN
70080757,2026-08-15T21:48:00.000,,DOT,Street Light Condition,Street Light Lamp Dim,Open,BROOKLYN
70079590,2026-08-15T21:47:53.000,,HPD,DOOR/WINDOW,DOOR FRAME,Open,BRONX
70073148,2026-08-15T21:47:53.000,,HPD,HEAT/HOT WATER,APARTMENT ONLY,Open,BRONX
70074502,2026-08-15T21:47:53.000,,HPD,APPLIANCE,ELECTRIC/GAS RANGE,Open,BRONX
70076022,2026-08-15T21:47:48.000,2026-08-16T00:00:43.000,NYPD,Noise - Residential,Loud Music/Party,Closed,QUEENS
70077476,2026-08-15T21:47:40.000,2026-08-15T23:01:33.000,NYPD,Noise - Residential,Loud Music/Party,Closed,MANHATTAN
70081920,2026-08-15T21:47:37.000,,DOT,Street Condition,Cave-in,In Progress,STATEN ISLAND
70082551,2026-08-15T21:47:37.000,,NYPD,Noise - Residential,Loud Music/Party,In Progress,STATEN ISLAND
70073419,2026-08-15T21:47:37.000,2026-08-15T21:55:31.000,NYPD,Noise - Residential,Loud Music/Party,Closed,QUEENS
70079298,2026-08-15T21:47:35.000,,NYPD,Abandoned Vehicle,With License Plate,In Progress,BROOKLYN
70076811,2026-08-15T21:47:31.000,2026-08-15T22:38:45.000,NYPD,Noise - House of Worship,Loud Music/Party,Closed,BROOKLYN
70081097,2026-08-15T21:47:29.000,2026-08-15T22:14:55.000,NYPD,Noise - Residential,Loud Music/Party,Closed,QUEENS
70078475,2026-08-15T21:47:25.000,2026-08-16T00:03:04.000,NYPD,Noise - Residential,Loud Music/Party,Closed,QUEENS
70077213,2026-08-15T21:47:11.000,2026-08-15T22:38:11.000,NYPD,Noise - Residential,Loud Music/Party,Closed,QUEENS
70081749,2026-08-15T21:47:05.000,2026-08-16T00:50:34.000,NYPD,Noise - Street/Sidewalk,Loud Music/Party,Closed,MANHATTAN
70082263,2026-08-15T21:46:52.000,,DOHMH,Rodent,Condition Attracting Rodents,In Progress,BROOKLYN
70072831,2026-08-15T21:46:50.000,2026-08-15T23:31:22.000,NYPD,Noise - Residential,Loud Music/Party,Closed,BROOKLYN
70079832,2026-08-15T21:46:49.000,,NYPD,Blocked Driveway,Partial Access,In Progress,QUEENS
70073312,2026-08-15T21:46:49.000,2026-08-15T22:00:00.000,NYPD,Abandoned Vehicle,With License Plate,Closed,QUEENS
70078410,2026-08-15T21:46:48.000,2026-08-15T22:33:44.000,NYPD,Illegal Parking,Blocked Hydrant,Closed,MANHATTAN
70077397,2026-08-15T21:46:46.000,2026-08-15T23:11:52.000,NYPD,Noise - Residential,Loud Music/Party,Closed,MANHATTAN
70080931,2026-08-15T21:46:34.000,,DPR,Overgrown Tree/Branches,Hitting Building,In Progress,QUEENS
70079147,2026-08-15T21:46:26.000,2026-08-15T22:21:06.000,NYPD,Noise - Street/Sidewalk,Loud Music/Party,Closed,BRONX
70072954,2026-08-15T21:46:23.000,2026-08-15T22:14:30.000,NYPD,Noise - Residential,Loud Music/Party,Closed,BROOKLYN
70078748,2026-08-15T21:46:18.000,2026-08-15T23:01:33.000,NYPD,Noise - Residential,Loud Music/Party,Closed,BRONX
70077867,2026-08-15T21:46:17.000,,NYPD,Noise - Street/Sidewalk,Loud Music/Party,In Progress,BRONX
70077838,2026-08-15T21:46:01.000,2026-08-15T23:18:16.000,NYPD,Noise - Street/Sidewalk,Loud Music/Party,Closed,BRONX
70074382,2026-08-15T21:46:00.000,,DOT,Street Light Condition,Street Light Out,Open,STATEN ISLAND
70079048,2026-08-15T21:45:52.000,,NYPD,Noise - Street/Sidewalk,Loud Music/Party,In Progress,BRONX
70077661,2026-08-15T21:45:46.000,,DEP,Water Maintenance,Fire Hydrant Running Full,In Progress,BRONX
70081928,2026-08-15T21:45:44.000,,NYPD,Illegal Parking,Blocked Hydrant,In Progress,BROOKLYN
70074122,2026-08-15T21:45:41.000,2026-08-15T23:09:49.000,NYPD,Illegal Parking,Blocked Hydrant,Closed,BROOKLYN
70074103,2026-08-15T21:45:37.000,2026-08-15T22:00:51.000,NYPD,Noise - Residential,Loud Music/Party,Closed,BROOKLYN
70081937,2026-08-15T21:45:35.000,2026-08-15T21:50:10.000,NYPD,Noise - Commercial,Loud Music/Party,Closed,BROOKLYN
70079720,2026-08-15T21:45:30.000,,NYPD,Noise - Residential,Loud Music/Party,In Progress,QUEENS
70072937,2026-08-15T21:45:16.000,2026-08-15T22:40:45.000,NYPD,Noise - Street/Sidewalk,Loud Music/Party,Closed,BROOKLYN
70075264,2026-08-15T21:45:09.000,2026-08-15T22:37:59.000,NYPD,Noise - Street/Sidewalk,Loud Music/Party,Closed,BRONX
70075426,2026-08-15T21:45:08.000,2026-08-15T22:42:36.000,NYPD,Blocked Driveway,Partial Access,Closed,BROOKLYN
70080360,2026-08-15T21:45:07.000,2026-08-15T22:50:55.000,NYPD,Panhandling,N/A,Closed,BRONX
70078466,2026-08-15T21:44:52.000,2026-08-15T22:31:11.000,NYPD,Illegal Parking,Commercial Overnight Parking,Closed,QUEENS
70074854,2026-08-15T21:44:51.000,2026-08-15T22:20:52.000,NYPD,Encampment,N/A,Closed,MANHATTAN
70081198,2026-08-15T21:44:49.000,2026-08-15T22:37:53.000,NYPD,Noise - Residential,Loud Music/Party,Closed,STATEN ISLAND
70076731,2026-08-15T21:44:41.000,2026-08-15T22:03:39.000,NYPD,Noise - Residential,Loud Music/Party,Closed,BROOKLYN
70076698,2026-08-15T21:44:40.000,2026-08-15T21:59:07.000,NYPD,Noise - Street/Sidewalk,Loud Music/Party,Closed,BROOKLYN
70078575,2026-08-15T21:44:38.000,2026-08-15T22:33:41.000,NYPD,Noise - Residential,Loud Music/Party,Closed,QUEENS
70075905,2026-08-15T21:44:28.000,2026-08-15T22:22:49.000,NYPD,Noise - Residential,Loud Music/Party,Closed,QUEENS
70072664,2026-08-15T21:44:25.000,,NYPD,Noise - Street/Sidewalk,Loud Music/Party,In Progress,BRONX
70073506,2026-08-15T21:44:25.000,2026-08-16T00:05:09.000,NYPD,Noise - Residential,Loud Music/Party,Closed,STATEN ISLAND
70074797,2026-08-15T21:44:24.000,2026-08-15T22:30:24.000,NYPD,Illegal Parking,Blocked Hydrant,Closed,QUEENS
70074834,2026-08-15T21:44:24.000,,NYPD,Noise - Commercial,Loud Music/Party,In Progress,MANHATTAN
70077831,2026-08-15T21:44:23.000,2026-08-15T23:35:32.000,NYPD,Noise - Street/Sidewalk,Loud Music/Party,Closed,BRONX
70079694,2026-08-15T21:44:21.000,,NYPD,Illegal Parking,Commercial Overnight Parking,In Progress,QUEENS
70075684,2026-08-15T21:44:00.000,,DOT,Street Light Condition,Street Light Out,Open,BROOKLYN
70077203,2026-08-15T21:43:54.000,2026-08-15T21:46:23.000,NYPD,Noise - Vehicle,Engine Idling,Closed,QUEENS
70081863,2026-08-15T21:43:51.000,2026-08-15T23:14:55.000,NYPD,Noise - Park,Loud Music/Party,Closed,BROOKLYN
70078472,2026-08-15T21:43:46.000,2026-08-15T21:45:55.000,NYPD,Illegal Parking,License Plate Obscured,Closed,QUEENS
70076052,2026-08-15T21:43:44.000,2026-08-15T21:51:20.000,NYPD,Noise - Vehicle,Engine Idling,Closed,QUEENS
70073316,2026-08-15T21:43:35.000,2026-08-15T22:04:16.000,NYPD,Noise - Residential,Loud Music/Party,Closed,QUEENS
70077808,2026-08-15T21:43:31.000,2026-08-15T23:48:22.000,NYPD,Animal-Abuse,Neglected,Closed,BRONX
70076100,2026-08-15T21:43:30.000,2026-08-16T00:33:55.000,NYPD,Illegal Fireworks,N/A,Closed,STATEN ISLAND
70075494,2026-08-15T21:43:26.000,2026-08-15T21:50:10.000,NYPD,Noise - Street/Sidewalk,Loud Music/Party,Closed,BROOKLYN
70077120,2026-08-15T21:43:17.000,2026-08-15T21:56:07.000,NYPD,Noise - Vehicle,Car/Truck Music,Closed,MANHATTAN
70074385,2026-08-15T21:43:05.000,,DOT,Street Sign - Dangling,Other/Unknown,In Progress,MANHATTAN
70073489,2026-08-15T21:43:04.000,2026-08-15T22:31:05.000,NYPD,Illegal Parking,Blocked Hydrant,Closed,QUEENS
70074380,2026-08-15T21:43:00.000,,DOT,Street Light Condition,Street Light Out,Open,MANHATTAN
70078764,2026-08-15T21:42:59.000,,DPR,Maintenance or Facility,Unsecured Facility,In Progress,MANHATTAN
70079618,2026-08-15T21:42:57.000,,DOHMH,Rodent,Rat Sighting,In Progress,QUEENS
70081807,2026-08-15T21:42:51.000,2026-08-15T22:07:16.000,NYPD,Illegal Parking,Blocked Hydrant,Closed,BROOKLYN
70072881,2026-08-15T21:42:51.000,2026-08-15T21:53:06.000,NYPD,Noise - Vehicle,Car/Truck Music,Closed,BROOKLYN
70081593,2026-08-15T21:42:44.000,,DEP,Noise,Construction,In Progress,BRONX
70078847,2026-08-15T21:42:41.000,2026-08-15T22:05:14.000,DSNY,Vendor Enforcement,Non-Food Vendor,Closed,BROOKLYN
70073542,2026-08-15T21:42:25.000,,NYPD,Illegal Parking,Blocked Hydrant,In Progress,MANHATTAN
70077307,2026-08-15T21:42:24.000,2026-08-15T22:33:29.000,NYPD,Noise - Residential,Loud Music/Party,Closed,QUEENS
70079955,2026-08-15T21:42:20.000,2026-08-15T22:20:38.000,NYPD,Noise - Residential,Loud Music/Party,Closed,MANHATTAN
70077754,2026-08-15T21:42:09.000,2026-08-15T22:41:34.000,NYPD,Drug Activity,Use Outside,Closed,BRONX
70075872,2026-08-15T21:42:03.000,,NYPD,Illegal Parking,Posted Parking Sign Violation,In Progress,MANHATTAN
70076805,2026-08-15T21:42:03.000,2026-08-15T22:31:19.000,NYPD,Illegal Fireworks,N/A,Closed,BROOKLYN
70079419,2026-08-15T21:41:55.000,2026-08-15T22:56:13.000,NYPD,Noise - Residential,Loud Music/Party,Closed,BROOKLYN
70078709,2026-08-15T21:41:48.000,,NYPD,Noise - Street/Sidewalk,Loud Talking,In Progress,MANHATTAN
70080352,2026-08-15T21:41:38.000,2026-08-15T22:00:42.000,NYPD,Noise - Street/Sidewalk,Loud Music/Party,Closed,BRONX
70079912,2026-08-15T21:41:36.000,2026-08-15T21:46:31.000,NYPD,Encampment,N/A,Closed,MANHATTAN
70076946,2026-08-15T21:41:36.000,,DOHMH,Indoor Air Quality,Unsafe Mold Cleanup,In Progress,BRONX
70072991,2026-08-15T21:41:32.000,2026-08-15T22:14:28.000,NYPD,Illegal Parking,Blocked Sidewalk,Closed,BROOKLYN
70077764,2026-08-15T21:41:29.000,2026-08-15T21:54:13.000,NYPD,Noise - Residential,Loud Music/Party,Closed,BRONX
70075286,2026-08-15T21:41:28.000,2026-08-15T21:45:14.000,NYPD,Noise - Street/Sidewalk,Loud Music/Party,Closed,BRONX
70081675,2026-08-15T21:41:12.000,2026-08-15T22:38:27.000,NYPD,Noise - Street/Sidewalk,Loud Music/Party,Closed,BRONX
70077770,2026-08-15T21:41:00.000,2026-08-16T00:36:16.000,NYPD,Illegal Parking,Blocked Hydrant,Closed,BRONX
70079029,2026-08-15T21:40:55.000,,NYPD,Noise - Residential,Banging/Pounding,In Progress,BRONX
70075393,2026-08-15T21:40:53.000,,NYPD,Blocked Driveway,No Access,In Progress,BROOKLYN
70075410,2026-08-15T21:40:51.000,2026-08-15T22:02:36.000,NYPD,Noise - Residential,Loud Music/Party,Closed,BROOKLYN
70079033,2026-08-15T21:40:51.000,,NYPD,Illegal Fireworks,N/A,In Progress,BRONX
70078831,2026-08-15T21:40:46.000,,DSNY,Dirty Condition,Trash,In Progress,MANHATTAN
70079868,2026-08-15T21:40:33.000,2026-08-16T00:12:10.000,NYPD,Illegal Parking,Blocked Hydrant,Closed,STATEN ISLAND
70081197,2026-08-15T21:40:21.000,2026-08-15T22:37:53.000,NYPD,Noise - Residential,Loud Music/Party,Closed,STATEN ISLAND
70078336,2026-08-15T21:40:21.000,,DOHMH,Rodent,Condition Attracting Rodents,In Progress,MANHATTAN
70081935,2026-08-15T21:40:20.000,2026-08-15T21:50:11.000,NYPD,Noise - Residential,Loud Music/Party,Closed,BROOKLYN
70074757,2026-08-15T21:40:18.000,2026-08-16T00:09:50.000,NYPD,Illegal Parking,Parking Permit Improper Use,Closed,QUEENS
70076212,2026-08-15T21:40:13.000,2026-08-15T22:23:30.000,NYPD,Noise - Street/Sidewalk,Loud Music/Party,Closed,MANHATTAN
70081908,2026-08-15T21:40:05.000,2026-08-15T22:07:16.000,NYPD,Noise - Residential,Loud Music/Party,Closed,BROOKLYN
70075950,2026-08-15T21:40:00.000,2026-08-15T21:44:30.000,NYPD,Noise - Street/Sidewalk,Loud Music/Party,Closed,QUEENS
70081131,2026-08-15T21:39:56.000,2026-08-15T22:33:43.000,NYPD,Noise - Residential,Loud Music/Party,Closed,QUEENS
70081633,2026-08-15T21:39:49.000,2026-08-15T22:31:16.000,NYPD,Noise - Residential,Loud Music/Party,Closed,BRONX
70080460,2026-08-15T21:39:48.000,,NYPD,Blocked Driveway,No Access,In Progress,BROOKLYN
70074996,2026-08-15T21:39:45.000,,DSNY,Dirty Condition,Trash,In Progress,MANHATTAN
70079187,2026-08-15T21:39:40.000,2026-08-15T22:20:39.000,NYPD,Noise - Commercial,Loud Music/Party,Closed,BROOKLYN
70077309,2026-08-15T21:39:33.000,2026-08-15T23:43:02.000,NYPD,Noise - Residential,Loud Music/Party,Closed,QUEENS
70074741,2026-08-15T21:39:17.000,2026-08-15T22:20:36.000,NYPD,Noise - Street/Sidewalk,Loud Music/Party,Closed,QUEENS
70078114,2026-08-15T21:39:14.000,2026-08-15T22:32:57.000,NYPD,Noise - Street/Sidewalk,Loud Music/Party,Closed,BROOKLYN
70076562,2026-08-15T21:39:12.000,2026-08-15T23:03:04.000,NYPD,Illegal Parking,Commercial Overnight Parking,Closed,BRONX
70075259,2026-08-15T21:39:11.000,2026-08-15T22:28:58.000,NYPD,Noise - Park,Loud Music/Party,Closed,BRONX
70081985,2026-08-15T21:39:08.000,2026-08-15T21:53:58.000,NYPD,Noise - Residential,Loud Music/Party,Closed,BROOKLYN
70077456,2026-08-15T21:39:07.000,2026-08-15T23:27:37.000,NYPD,Noise - Commercial,Loud Music/Party,Closed,MANHATTAN
70073638,2026-08-15T21:39:07.000,2026-08-15T23:16:34.000,NYPD,Noise - Residential,Banging/Pounding,Closed,MANHATTAN
70081813,2026-08-15T21:39:06.000,,NYPD,Noise - Commercial,Loud Music/Party,In Progress,BROOKLYN
70075832,2026-08-15T21:39:01.000,,DPR,Illegal Tree Damage,Branches Damaged,In Progress,BROOKLYN
70080756,2026-08-15T21:39:00.000,,DOT,Street Light Condition,Street Light Out,Open,MANHATTAN
70080943,2026-08-15T21:38:55.000,2026-08-16T00:01:53.000,NYPD,Noise - Street/Sidewalk,Loud Music/Party,Closed,BROOKLYN
70076106,2026-08-15T21:38:54.000,,NYPD,Illegal Parking,Commercial Overnight Parking,In Progress,STATEN ISLAND
70080406,2026-08-15T21:38:53.000,2026-08-15T22:37:51.000,NYPD,Noise - Street/Sidewalk,Loud Music/Party,Closed,BRONX
70075157,2026-08-15T21:38:47.000,,DEP,Water Maintenance,Fire Hydrant Running Full,In Progress,BRONX
70074009,2026-08-15T21:38:44.000,2026-08-16T00:20:10.000,NYPD,Illegal Parking,Blocked Bike Lane,Closed,MANHATTAN
70080854,2026-08-15T21:38:43.000,,HPD,HEAT/HOT WATER,APARTMENT ONLY,Open,MANHATTAN
70074670,2026-08-15T21:38:41.000,2026-08-15T21:45:54.000,NYPD,Illegal Parking,License Plate Obscured,Closed,QUEENS
70072657,2026-08-15T21:38:40.000,2026-08-16T00:27:05.000,NYPD,Noise - Residential,Loud Music/Party,Closed,BRONX
70079097,2026-08-15T21:38:36.000,2026-08-15T21:41:07.000,NYPD,Noise - Street/Sidewalk,Loud Music/Party,Closed,BRONX
70080475,2026-08-15T21:38:35.000,2026-08-15T22:02:02.000,NYPD,Noise - Residential,Loud Music/Party,Closed,BROOKLYN
70081927,2026-08-15T21:38:35.000,,NYPD,Illegal Parking,Blocked Hydrant,In Progress,BROOKLYN
70076064,2026-08-15T21:38:28.000,2026-08-15T22:33:35.000,NYPD,Noise - Residential,Loud Music/Party,Closed,QUEENS
70073954,2026-08-15T21:38:13.000,2026-08-15T21:40:48.000,NYPD,Noise - Street/Sidewalk,Loud Music/Party,Closed,BRONX
70074167,2026-08-15T21:38:11.000,2026-08-15T23:31:23.000,NYPD,Noise - Residential,Banging/Pounding,Closed,BROOKLYN
70076066,2026-08-15T21:38:07.000,2026-08-15T22:51:32.000,NYPD,Noise - Residential,Loud Music/Party,Closed,QUEENS
70079491,2026-08-15T21:38:06.000,,HPD,UNSANITARY CONDITION,PESTS,Open,QUEENS
70073093,2026-08-15T21:38:06.000,,HPD,UNSANITARY CONDITION,PESTS,Open,QUEENS
70076828,2026-08-15T21:38:03.000,2026-08-15T21:46:14.000,NYPD,Noise - Residential,Loud Music/Party,Closed,BROOKLYN
70073113,2026-08-15T21:38:01.000,,HPD,UNSANITARY CONDITION,GARBAGE/RECYCLING STORAGE,Open,MANHATTAN
70078314,2026-08-15T21:37:55.000,2026-08-15T23:44:41.000,DHS,Homeless Person Assistance,Non-Chronic,Closed,MANHATTAN
70075569,2026-08-15T21:37:52.000,2026-08-15T22:27:29.000,NYPD,Noise - Street/Sidewalk,Loud Music/Party,Closed,BROOKLYN
70081170,2026-08-15T21:37:46.000,2026-08-16T00:34:01.000,NYPD,Noise - Residential,Loud Music/Party,Closed,QUEENS
70076297,2026-08-15T21:37:27.000,,DSNY,Dirty Condition,Trash,In Progress,BROOKLYN
70072851,2026-08-15T21:37:26.000,2026-08-15T21:50:15.000,NYPD,Noise - Residential,Loud Music/Party,Closed,BROOKLYN
70073023,2026-08-15T21:36:55.000,,TLC,For Hire Vehicle Complaint,Driver Complaint - Non Passenger,In Progress,MANHATTAN
70081142,2026-08-15T21:36:47.000,2026-08-16T00:09:42.000,NYPD,Illegal Parking,Blocked Hydrant,Closed,QUEENS
70074890,2026-08-15T21:36:45.000,2026-08-15T22:28:54.000,NYPD,Noise - Street/Sidewalk,Loud Music/Party,Closed,MANHATTAN
70077362,2026-08-15T21:36:43.000,,NYPD,Illegal Parking,Blocked Hydrant,In Progress,STATEN ISLAND
70073225,2026-08-15T21:36:41.000,,DPR,Damaged Tree,Tree Leaning/Uprooted,In Progress,BROOKLYN
70082460,2026-08-15T21:36:40.000,2026-08-15T21:59:08.000,NYPD,Noise - Vehicle,Car/Truck Music,Closed,QUEENS
70076875,2026-08-15T21:36:36.000,2026-08-15T21:37:37.000,NYPD,Noise - Residential,Loud Music/Party,Closed,MANHATTAN
70081393,2026-08-15T21:36:20.000,,DSNY,Dirty Condition,Trash,In Progress,QUEENS
70079651,2026-08-15T21:36:14.000,2026-08-16T00:01:08.000,NYPD,Noise - Street/Sidewalk,Loud Music/Party,Closed,BROOKLYN
70073496,2026-08-15T21:36:09.000,2026-08-15T23:32:00.000,NYPD,Noise - Residential,Banging/Pounding,Closed,STATEN ISLAND
70081134,2026-08-15T21:36:07.000,2026-08-15T22:33:39.000,NYPD,Noise - Residential,Loud Music/Party,Closed,QUEENS
70080866,2026-08-15T21:35:51.000,,HPD,FLOORING/STAIRS,FLOOR,Open,MANHATTAN
70075757,2026-08-15T21:35:51.000,,HPD,PLUMBING,BATHTUB/SHOWER,Open,MANHATTAN
70077011,2026-08-15T21:35:51.000,,HPD,PLUMBING,TOILET,Open,MANHATTAN
70073080,2026-08-15T21:35:51.000,,HPD,DOOR/WINDOW,WINDOW FRAME,Open,MANHATTAN
70082434,2026-08-15T21:35:50.000,,NYPD,Illegal Parking,Commercial Overnight Parking,In Progress,QUEENS
70075769,2026-08-15T21:35:50.000,,HPD,PAINT/PLASTER,CEILING,Open,MANHATTAN
70078236,2026-08-15T21:35:50.000,,HPD,UNSANITARY CONDITION,MOLD,Open,MANHATTAN
70072546,2026-08-15T21:35:42.000,,DEP,Water Maintenance,Fire Hydrant Running,In Progress,BRONX
70077333,2026-08-15T21:35:33.000,2026-08-16T00:27:07.000,NYPD,Illegal Parking,Posted Parking Sign Violation,Closed,QUEENS
70079070,2026-08-15T21:35:31.000,,NYPD,Illegal Parking,Blocked Crosswalk,In Progress,BRONX
70073147,2026-08-15T21:35:31.000,,HPD,HEAT/HOT WATER,ENTIRE BUILDING,Open,QUEENS
70081972,2026-08-15T21:35:30.000,2026-08-16T00:57:35.000,NYPD,Blocked Driveway,No Access,Closed,BROOKLYN
70072878,2026-08-15T21:35:27.000,2026-08-15T21:45:21.000,NYPD,Noise - Residential,Loud Music/Party,Closed,BROOKLYN
70079516,2026-08-15T21:35:18.000,,HPD,UNSANITARY CONDITION,PESTS,Open,QUEENS
70077181,2026-08-15T21:35:17.000,,NYPD,Illegal Parking,Paper License Plates,In Progress,QUEENS
70075948,2026-08-15T21:35:12.000,2026-08-15T21:45:50.000,NYPD,Illegal Parking,License Plate Obscured,Closed,QUEENS
70082315,2026-08-15T21:34:55.000,2026-08-15T21:55:14.000,NYPD,Illegal Parking,Posted Parking Sign Violation,Closed,QUEENS
70082713,2026-08-15T21:34:53.000,,DSNY,Dirty Condition,Trash,In Progress,MANHATTAN
70072742,2026-08-15T21:34:32.000,2026-08-15T21:42:57.000,NYPD,Noise - Residential,Loud Music/Party,Closed,BRONX
70078611,2026-08-15T21:34:27.000,2026-08-15T23:16:26.000,NYPD,Noise - Residential,Loud Music/Party,Closed,STATEN ISLAND
70080560,2026-08-15T21:34:21.000,,DOT,Street Condition,Cave-in,In Progress,QUEENS
70077979,2026-08-15T21:34:19.000,2026-08-15T21:42:56.000,NYPD,Noise - Commercial,Loud Music/Party,Closed,BROOKLYN
70073719,2026-08-15T21:34:15.000,,DSNY,Obstruction,Merchandise,In Progress,QUEENS
70072765,2026-08-15T21:34:15.000,,NYPD,Noise - Residential,Banging/Pounding,In Progress,BROOKLYN
70076187,2026-08-15T21:34:12.000,2026-08-15T21:56:00.000,NYPD,Noise - Street/Sidewalk,Loud Music/Party,Closed,MANHATTAN
70074569,2026-08-15T21:34:05.000,2026-08-16T00:01:02.000,NYPD,Noise - Street/Sidewalk,Loud Music/Party,Closed,BROOKLYN
70082054,2026-08-15T21:33:53.000,2026-08-15T21:51:04.000,NYPD,Noise - Street/Sidewalk,Loud Talking,Closed,MANHATTAN
70078135,2026-08-15T21:33:46.000,,NYPD,Noise - Residential,Loud Music/Party,In Progress,BROOKLYN
70073939,2026-08-15T21:33:39.000,,NYPD,Noise - Street/Sidewalk,Loud Music/Party,In Progress,BRONX
70079078,2026-08-15T21:33:34.000,,NYPD,Noise - Residential,Loud Music/Party,In Progress,BRONX
70077296,2026-08-15T21:33:27.000,2026-08-15T22:14:52.000,NYPD,Noise - Residential,Loud Music/Party,Closed,QUEENS
70078505,2026-08-15T21:33:11.000,2026-08-16T00:47:14.000,NYPD,Illegal Parking,Blocked Hydrant,Closed,QUEENS
70077937,2026-08-15T21:33:07.000,2026-08-15T21:59:08.000,NYPD,Noise - Residential,Loud Music/Party,Closed,BROOKLYN
70079876,2026-08-15T21:33:01.000,2026-08-15T22:23:55.000,NYPD,Noise - Residential,Loud Music/Party,Closed,STATEN ISLAND
70079382,2026-08-15T21:32:58.000,2026-08-15T21:55:40.000,NYPD,Noise - Residential,Loud Music/Party,Closed,BROOKLYN
70080510,2026-08-15T21:32:56.000,2026-08-15T22:39:02.000,NYPD,Noise - Street/Sidewalk,Loud Music/Party,Closed,BROOKLYN
70081033,2026-08-15T21:32:53.000,2026-08-15T21:45:13.000,NYPD,Illegal Parking,Parking Permit Improper Use,Closed,QUEENS
70074823,2026-08-15T21:32:46.000,,NYPD,Illegal Parking,Blocked Sidewalk,In Progress,STATEN ISLAND
70079094,2026-08-15T21:32:44.000,2026-08-15T21:41:15.000,NYPD,Noise - Street/Sidewalk,Loud Music/Party,Closed,BRONX
70077243,2026-08-15T21:32:43.000,,NYPD,Illegal Parking,Commercial Overnight Parking,In Progress,QUEENS
70080105,2026-08-15T21:32:37.000,,DOT,Street Condition,Pothole,Open,BROOKLYN
70075692,2026-08-15T21:32:35.000,,DOT,Street Condition,"Rough, Pitted or Cracked Roads",In Progress,MANHATTAN
70076681,2026-08-15T21:32:35.000,2026-08-15T21:59:33.000,NYPD,Illegal Fireworks,N/A,Closed,BROOKLYN
70074166,2026-08-15T21:32:28.000,2026-08-15T21:37:56.000,NYPD,Noise - Residential,Loud Music/Party,Closed,BROOKLYN
70079279,2026-08-15T21:32:27.000,2026-08-15T21:43:03.000,NYPD,Noise - Commercial,Loud Music/Party,Closed,BROOKLYN
70078454,2026-08-15T21:32:25.000,,NYPD,Illegal Parking,Blocked Hydrant,In Progress,QUEENS
70076027,2026-08-15T21:32:21.000,2026-08-16T00:29:54.000,NYPD,Blocked Driveway,Partial Access,Closed,QUEENS
70082528,2026-08-15T21:32:13.000,2026-08-16T00:27:06.000,NYPD,Illegal Parking,Posted Parking Sign Violation,Closed,QUEENS
70082028,2026-08-15T21:32:12.000,2026-08-15T21:52:42.000,NYPD,Noise - Residential,Loud Music/Party,Closed,BROOKLYN
70077461,2026-08-15T21:32:06.000,,NYPD,Noise - Street/Sidewalk,Loud Music/Party,In Progress,MANHATTAN
70074059,2026-08-15T21:32:01.000,2026-08-15T22:07:59.000,NYPD,Illegal Parking,Posted Parking Sign Violation,Closed,MANHATTAN
70076940,2026-08-15T21:32:00.000,,DOT,Street Light Condition,Street Light Out,Open,BRONX
70081391,2026-08-15T21:31:40.000,,DSNY,Dirty Condition,Trash,In Progress,BROOKLYN
70077160,2026-08-15T21:31:26.000,,NYPD,Illegal Parking,Blocked Hydrant,In Progress,QUEENS
70079919,2026-08-15T21:31:19.000,2026-08-15T22:53:43.000,NYPD,Noise - Commercial,Loud Music/Party,Closed,MANHATTAN
70074205,2026-08-15T21:31:16.000,,NYPD,Illegal Parking,Blocked Crosswalk,In Progress,BROOKLYN
70073008,2026-08-15T21:31:11.000,2026-08-15T22:56:47.000,NYPD,Noise - Residential,Loud Music/Party,Closed,BROOKLYN
70079963,2026-08-15T21:31:06.000,2026-08-15T23:15:51.000,NYPD,Noise - Street/Sidewalk,Loud Music/Party,Closed,MANHATTAN
70077201,2026-08-15T21:31:01.000,2026-08-15T21:45:12.000,NYPD,Illegal Parking,Parking Permit Improper Use,Closed,QUEENS
70077758,2026-08-15T21:30:57.000,2026-08-15T22:27:22.000,NYPD,Noise - Street/Sidewalk,Loud Music/Party,Closed,BRONX
70081003,2026-08-15T21:30:51.000,2026-08-15T22:56:09.000,NYPD,Blocked Driveway,No Access,Closed,QUEENS
70074657,2026-08-15T21:30:50.000,,NYPD,Abandoned Vehicle,With License Plate,In Progress,QUEENS
70079090,2026-08-15T21:30:48.000,2026-08-15T21:50:55.000,NYPD,Noise - Street/Sidewalk,Loud Music/Party,Closed,BRONX
70075225,2026-08-15T21:30:47.000,2026-08-15T22:31:15.000,NYPD,Noise - Residential,Loud Music/Party,Closed,BRONX
70082591,2026-08-15T21:30:45.000,2026-08-15T21:53:03.000,NYPD,Noise - Street/Sidewalk,Loud Talking,Closed,MANHATTAN
70082431,2026-08-15T21:30:42.000,,NYPD,Noise - Park,Loud Music/Party,In Progress,QUEENS
70078640,2026-08-15T21:30:26.000,2026-08-15T22:07:17.000,NYPD,Illegal Parking,Posted Parking Sign Violation,Closed,MANHATTAN
70074742,2026-08-15T21:30:23.000,2026-08-15T21:55:03.000,NYPD,Noise - Street/Sidewalk,Loud Music/Party,Closed,QUEENS
70077221,2026-08-15T21:30:17.000,2026-08-16T00:47:01.000,NYPD,Blocked Driveway,No Access,Closed,QUEENS
70081094,2026-08-15T21:30:11.000,2026-08-15T22:15:10.000,NYPD,Noise - Residential,Loud Music/Party,Closed,QUEENS
70074861,2026-08-15T21:30:07.000,2026-08-15T22:53:31.000,NYPD,Noise - Commercial,Loud Music/Party,Closed,MANHATTAN
70073146,2026-08-15T21:30:05.000,,HPD,HEAT/HOT WATER,ENTIRE BUILDING,Open,BROOKLYN
70081665,2026-08-15T21:30:00.000,2026-08-15T22:46:59.000,NYPD,Noise - Street/Sidewalk,Loud Music/Party,Closed,BRONX
70076593,2026-08-15T21:30:00.000,2026-08-16T00:40:36.000,NYPD,Noise - Street/Sidewalk,Loud Music/Party,Closed,BRONX
70073349,2026-08-15T21:30:00.000,2026-08-16T00:23:03.000,NYPD,Blocked Driveway,Partial Access,Closed,QUEENS
70077898,2026-08-15T21:29:57.000,,NYPD,Illegal Parking,Blocked Hydrant,In Progress,BROOKLYN
70075392,2026-08-15T21:29:53.000,,NYPD,Blocked Driveway,No Access,In Progress,BROOKLYN
70073351,2026-08-15T21:29:50.000,2026-08-15T21:43:49.000,NYPD,Illegal Parking,Double Parked Blocking Traffic,Closed,QUEENS
70073261,2026-08-15T21:29:47.000,2026-08-15T21:30:39.000,NYPD,Noise - Residential,Loud Television,Closed,MANHATTAN
70072674,2026-08-15T21:29:42.000,2026-08-15T22:11:27.000,NYPD,Noise - Street/Sidewalk,Loud Music/Party,Closed,BRONX
70080986,2026-08-15T21:29:40.000,2026-08-15T22:40:29.000,NYPD,Noise - Residential,Loud Music/Party,Closed,QUEENS
70078576,2026-08-15T21:29:37.000,2026-08-16T00:27:13.000,NYPD,Blocked Driveway,No Access,Closed,QUEENS
70074164,2026-08-15T21:29:34.000,2026-08-15T21:51:59.000,NYPD,Noise - Residential,Loud Music/Party,Closed,BROOKLYN
70074672,2026-08-15T21:29:28.000,2026-08-15T21:43:31.000,NYPD,Noise - Street/Sidewalk,Loud Music/Party,Closed,QUEENS
70074317,2026-08-15T21:29:22.000,2026-08-15T22:07:18.000,NYPD,Illegal Parking,Blocked Hydrant,Closed,BROOKLYN
70077382,2026-08-15T21:29:18.000,2026-08-15T21:43:51.000,NYPD,Encampment,N/A,Closed,MANHATTAN
70079194,2026-08-15T21:29:13.000,,NYPD,Blocked Driveway,No Access,In Progress,BROOKLYN
70078014,2026-08-15T21:29:13.000,2026-08-15T23:43:12.000,NYPD,Noise - Street/Sidewalk,Loud Talking,Closed,BROOKLYN
70079736,2026-08-15T21:29:12.000,2026-08-15T23:14:56.000,NYPD,Noise - Street/Sidewalk,Loud Music/Party,Closed,QUEENS
70076603,2026-08-15T21:28:59.000,2026-08-16T00:51:17.000,NYPD,Illegal Parking,Blocked Hydrant,Closed,BRONX
70075160,2026-08-15T21:28:48.000,,DEP,Water Maintenance,Fire Hydrant Running Full,In Progress,MANHATTAN
70077763,2026-08-15T21:28:40.000,2026-08-15T22:20:39.000,NYPD,Noise - Residential,Loud Talking,Closed,BRONX
70073273,2026-08-15T21:28:38.000,2026-08-15T21:43:17.000,NYPD,Noise - Residential,Banging/Pounding,Closed,QUEENS
70076012,2026-08-15T21:28:35.000,2026-08-16T00:28:57.000,NYPD,Illegal Parking,License Plate Obscured,Closed,QUEENS
70080684,2026-08-15T21:28:31.000,2026-08-15T21:34:03.000,NYPD,Noise - Residential,Loud Music/Party,Closed,MANHATTAN
70082004,2026-08-15T21:28:25.000,2026-08-15T23:35:38.000,NYPD,Noise - Street/Sidewalk,Loud Music/Party,Closed,BROOKLYN
70074114,2026-08-15T21:28:18.000,2026-08-15T21:51:27.000,NYPD,Noise - Residential,Loud Music/Party,Closed,BROOKLYN
70081110,2026-08-15T21:28:13.000,2026-08-15T22:03:25.000,NYPD,Noise - Residential,Loud Music/Party,Closed,QUEENS
70072761,2026-08-15T21:28:07.000,,NYPD,Noise - Residential,Loud Music/Party,In Progress,BROOKLYN
70076037,2026-08-15T21:28:05.000,2026-08-15T22:32:15.000,NYPD,Noise - Street/Sidewalk,Loud Music/Party,Closed,QUEENS
70075533,2026-08-15T21:28:01.000,2026-08-15T21:52:45.000,NYPD,Noise - Street/Sidewalk,Loud Music/Party,Closed,BROOKLYN
70080526,2026-08-15T21:27:56.000,2026-08-15T22:14:30.000,NYPD,Noise - Street/Sidewalk,Loud Talking,Closed,BROOKLYN
70077147,2026-08-15T21:27:56.000,2026-08-15T22:20:36.000,NYPD,Noise - Street/Sidewalk,Loud Talking,Closed,QUEENS
70075906,2026-08-15T21:27:51.000,2026-08-15T21:36:05.000,NYPD,Noise - Residential,Loud Music/Party,Closed,QUEENS
70076023,2026-08-15T21:27:47.000,2026-08-15T22:15:10.000,NYPD,Noise - Residential,Loud Music/Party,Closed,QUEENS
70075969,2026-08-15T21:27:42.000,2026-08-15T22:42:53.000,NYPD,Noise - Residential,Loud Music/Party,Closed,QUEENS
70080571,2026-08-15T21:27:36.000,2026-08-15T21:53:26.000,NYPD,Noise - Vehicle,Car/Truck Music,Closed,BROOKLYN
70076060,2026-08-15T21:27:30.000,2026-08-15T22:08:58.000,NYPD,Noise - Street/Sidewalk,Loud Music/Party,Closed,QUEENS
70081688,2026-08-15T21:27:20.000,,NYPD,Blocked Driveway,No Access,In Progress,BRONX
70073832,2026-08-15T21:27:17.000,,DEP,Water Maintenance,Fire Hydrant Running Full,In Progress,MANHATTAN
70073921,2026-08-15T21:27:12.000,2026-08-15T22:40:29.000,NYPD,Noise - Street/Sidewalk,Loud Music/Party,Closed,BRONX
70080485,2026-08-15T21:27:08.000,2026-08-16T01:22:46.000,NYPD,Drinking,In Public,Closed,BROOKLYN
70074343,2026-08-15T21:27:03.000,,DOHMH,Tattooing,Tattoo Artist Unlicensed,In Progress,BROOKLYN
70082408,2026-08-15T21:27:02.000,2026-08-15T22:09:03.000,NYPD,Noise - Street/Sidewalk,Loud Music/Party,Closed,QUEENS
70081080,2026-08-15T21:26:45.000,,NYPD,Noise - Street/Sidewalk,Loud Music/Party,In Progress,QUEENS
70081762,2026-08-15T21:26:44.000,2026-08-16T00:43:11.000,NYPD,Noise - Residential,Loud Music/Party,Closed,BRONX
70074085,2026-08-15T21:26:41.000,2026-08-15T21:41:57.000,NYPD,Noise - Residential,Banging/Pounding,Closed,BROOKLYN
70081701,2026-08-15T21:26:30.000,2026-08-15T22:39:38.000,NYPD,Noise - Street/Sidewalk,Loud Music/Party,Closed,BRONX
70077959,2026-08-15T21:26:05.000,2026-08-16T01:22:09.000,NYPD,Illegal Parking,Posted Parking Sign Violation,Closed,BROOKLYN
70074682,2026-08-15T21:25:42.000,2026-08-15T22:38:03.000,NYPD,Noise - Residential,Loud Music/Party,Closed,QUEENS
70081976,2026-08-15T21:25:30.000,2026-08-15T23:06:52.000,NYPD,Illegal Parking,Posted Parking Sign Violation,Closed,BROOKLYN
70078539,2026-08-15T21:25:23.000,2026-08-15T22:15:22.000,NYPD,Noise - Residential,Loud Music/Party,Closed,QUEENS
70072788,2026-08-15T21:25:20.000,2026-08-15T22:07:27.000,NYPD,Noise - Street/Sidewalk,Loud Talking,Closed,BROOKLYN
70078443,2026-08-15T21:25:17.000,2026-08-15T21:54:01.000,NYPD,Noise - Residential,Loud Music/Party,Closed,QUEENS
70076869,2026-08-15T21:25:16.000,2026-08-15T21:40:11.000,NYPD,Blocked Driveway,No Access,Closed,BROOKLYN
70074293,2026-08-15T21:25:06.000,2026-08-15T21:37:45.000,NYPD,Illegal Parking,Posted Parking Sign Violation,Closed,BROOKLYN
70081195,2026-08-15T21:25:01.000,2026-08-15T22:23:55.000,NYPD,Noise - Residential,Loud Music/Party,Closed,STATEN ISLAND
70078634,2026-08-15T21:25:01.000,,NYPD,Noise - Commercial,Loud Music/Party,In Progress,MANHATTAN
70073059,2026-08-15T21:25:00.000,,DOT,Street Light Condition,Street Light Out,Open,BROOKLYN
70082413,2026-08-15T21:24:55.000,2026-08-15T22:43:56.000,NYPD,Noise - Residential,Loud Music/Party,Closed,QUEENS
70074359,2026-08-15T21:24:46.000,,DOT,Curb Condition,Curb Defect-Metal Protruding,In Progress,BROOKLYN
70075977,2026-08-15T21:24:32.000,2026-08-15T21:59:45.000,NYPD,Noise - Residential,Loud Music/Party,Closed,QUEENS
70080603,2026-08-15T21:24:25.000,2026-08-15T21:52:28.000,NYPD,Noise - Street/Sidewalk,Loud Music/Party,Closed,BROOKLYN
70079424,2026-08-15T21:24:20.000,2026-08-15T22:01:55.000,NYPD,Illegal Fireworks,N/A,Closed,BROOKLYN
70074063,2026-08-15T21:24:18.000,2026-08-15T21:36:30.000,NYPD,Illegal Parking,Blocked Sidewalk,Closed,BROOKLYN
70080983,2026-08-15T21:23:58.000,2026-08-15T22:27:24.000,NYPD,Noise - Street/Sidewalk,Loud Music/Party,Closed,QUEENS
70077630,2026-08-15T21:23:57.000,,HPD,UNSANITARY CONDITION,GARBAGE/RECYCLING STORAGE,Open,BROOKLYN
70081400,2026-08-15T21:23:54.000,,DSNY,Dirty Condition,Trash,In Progress,MANHATTAN
70076874,2026-08-15T21:23:53.000,2026-08-15T21:34:02.000,NYPD,Noise - Residential,Loud Music/Party,Closed,MANHATTAN
70080621,2026-08-15T21:23:47.000,2026-08-15T22:07:48.000,NYPD,Illegal Parking,Double Parked Blocking Vehicle,Closed,BROOKLYN
70079296,2026-08-15T21:23:41.000,,NYPD,Illegal Parking,Posted Parking Sign Violation,In Progress,BROOKLYN
70074153,2026-08-15T21:23:30.000,2026-08-15T21:46:27.000,NYPD,Illegal Parking,Commercial Overnight Parking,Closed,BROOKLYN
70075614,2026-08-15T21:23:29.000,2026-08-15T21:41:57.000,NYPD,Encampment,N/A,Closed,MANHATTAN
70076209,2026-08-15T21:23:28.000,2026-08-16T00:45:11.000,NYPD,Noise - Street/Sidewalk,Loud Music/Party,Closed,MANHATTAN
70082328,2026-08-15T21:23:24.000,2026-08-15T21:50:16.000,NYPD,Noise - Street/Sidewalk,Loud Music/Party,Closed,QUEENS
70081112,2026-08-15T21:23:21.000,2026-08-15T22:22:31.000,NYPD,Blocked Driveway,No Access,Closed,QUEENS
70076039,2026-08-15T21:23:18.000,2026-08-15T22:03:09.000,NYPD,Noise - Residential,Loud Music/Party,Closed,QUEENS
70079786,2026-08-15T21:23:16.000,2026-08-15T22:15:22.000,NYPD,Noise - Residential,Loud Music/Party,Closed,QUEENS
70080690,2026-08-15T21:23:15.000,2026-08-15T22:01:40.000,NYPD,Noise - Residential,Banging/Pounding,Closed,BROOKLYN
70079423,2026-08-15T21:23:15.000,2026-08-15T22:03:08.000,NYPD,Illegal Fireworks,N/A,Closed,BROOKLYN
70081752,2026-08-15T21:23:14.000,2026-08-16T00:46:29.000,NYPD,Noise - Street/Sidewalk,Loud Music/Party,Closed,BRONX
70082565,2026-08-15T21:23:13.000,2026-08-15T22:24:49.000,NYPD,Noise - Street/Sidewalk,Loud Music/Party,Closed,MANHATTAN
70077282,2026-08-15T21:23:07.000,2026-08-15T21:54:07.000,NYPD,Noise - Street/Sidewalk,Loud Music/Party,Closed,QUEENS
70078197,2026-08-15T21:23:00.000,,DOT,Street Light Condition,Street Light Out,Open,BROOKLYN
70076937,2026-08-15T21:23:00.000,,DOT,Street Light Condition,Street Light Out,Open,QUEENS
70081705,2026-08-15T21:22:57.000,2026-08-15T21:43:11.000,NYPD,Noise - Residential,Banging/Pounding,Closed,BRONX
70076152,2026-08-15T21:22:48.000,2026-08-15T22:53:32.000,NYPD,Noise - Commercial,Loud Music/Party,Closed,MANHATTAN
70075214,2026-08-15T21:22:43.000,2026-08-15T22:47:24.000,NYPD,Noise - Street/Sidewalk,Loud Music/Party,Closed,BRONX
70076660,2026-08-15T21:22:31.000,2026-08-15T21:41:34.000,NYPD,Noise - Residential,Banging/Pounding,Closed,BROOKLYN
70074232,2026-08-15T21:22:22.000,2026-08-15T22:02:26.000,NYPD,Noise - Residential,Loud Music/Party,Closed,BROOKLYN
70073516,2026-08-15T21:22:11.000,2026-08-15T23:35:34.000,NYPD,Noise - Street/Sidewalk,Loud Talking,Closed,STATEN ISLAND
70081954,2026-08-15T21:21:56.000,2026-08-16T00:10:02.000,NYPD,Noise - Residential,Loud Music/Party,Closed,BROOKLYN
70075388,2026-08-15T21:21:54.000,,NYPD,Noise - Residential,Loud Music/Party,In Progress,BROOKLYN
70078553,2026-08-15T21:21:45.000,2026-08-15T21:44:42.000,NYPD,Noise - Street/Sidewalk,Loud Music/Party,Closed,QUEENS
70076840,2026-08-15T21:21:44.000,2026-08-15T22:37:48.000,NYPD,Noise - Street/Sidewalk,Loud Music/Party,Closed,BROOKLYN
70082587,2026-08-15T21:21:42.000,2026-08-15T22:53:24.000,NYPD,Noise - Commercial,Loud Music/Party,Closed,MANHATTAN
70074152,2026-08-15T21:21:41.000,2026-08-15T21:46:03.000,NYPD,Illegal Parking,Commercial Overnight Parking,Closed,BROOKLYN
70077270,2026-08-15T21:21:39.000,2026-08-15T22:15:33.000,NYPD,Noise - Residential,Loud Music/Party,Closed,QUEENS
70081740,2026-08-15T21:21:36.000,2026-08-15T22:14:28.000,NYPD,Noise - Street/Sidewalk,Loud Music/Party,Closed,BRONX
70075975,2026-08-15T21:21:28.000,2026-08-15T22:14:31.000,NYPD,Noise - Residential,Loud Music/Party,Closed,QUEENS
70081934,2026-08-15T21:21:24.000,2026-08-15T22:20:40.000,NYPD,Noise - Residential,Loud Music/Party,Closed,BROOKLYN
70079948,2026-08-15T21:21:16.000,2026-08-15T21:33:10.000,NYPD,Non-Emergency Police Matter,Trespassing,Closed,MANHATTAN
70081135,2026-08-15T21:21:15.000,2026-08-15T22:08:40.000,NYPD,Noise - Residential,Loud Music/Party,Closed,QUEENS
70079681,2026-08-15T21:21:15.000,2026-08-15T21:50:10.000,NYPD,Noise - Street/Sidewalk,Loud Music/Party,Closed,QUEENS
70079986,2026-08-15T21:21:07.000,2026-08-15T23:16:13.000,NYPD,Illegal Parking,Posted Parking Sign Violation,Closed,MANHATTAN
70080351,2026-08-15T21:21:06.000,2026-08-15T21:42:04.000,NYPD,Noise - Street/Sidewalk,Loud Music/Party,Closed,BRONX
70073308,2026-08-15T21:21:03.000,2026-08-15T21:35:58.000,NYPD,Illegal Parking,Double Parked Blocking Traffic,Closed,QUEENS
70080584,2026-08-15T21:21:02.000,2026-08-15T23:09:28.000,NYPD,Noise - Street/Sidewalk,Loud Music/Party,Closed,BROOKLYN
70072707,2026-08-15T21:21:00.000,2026-08-15T23:10:11.000,NYPD,Blocked Driveway,No Access,Closed,BRONX
70077585,2026-08-15T21:20:57.000,,DSNY,Graffiti,Graffiti,Open,QUEENS
70080749,2026-08-15T21:20:52.000,,DOT,Sidewalk Condition,Broken Sidewalk,In Progress,BROOKLYN
70082505,2026-08-15T21:20:40.000,,NYPD,Illegal Parking,Commercial Overnight Parking,In Progress,QUEENS
70082448,2026-08-15T21:20:32.000,2026-08-15T21:47:09.000,NYPD,Noise - Residential,Loud Music/Party,Closed,QUEENS
70082617,2026-08-15T21:20:26.000,2026-08-15T22:27:18.000,NYPD,Noise - Vehicle,Car/Truck Music,Closed,MANHATTAN
70082143,2026-08-15T21:20:05.000,,HPD,WATER LEAK,HEAVY FLOW,Open,BROOKLYN
70077287,2026-08-15T21:20:02.000,2026-08-15T21:26:47.000,NYPD,Noise - Park,Loud Music/Party,Closed,QUEENS
70074292,2026-08-15T21:20:02.000,2026-08-15T21:28:56.000,NYPD,Illegal Parking,Posted Parking Sign Violation,Closed,BROOKLYN
70082172,2026-08-15T21:19:59.000,,HPD,UNSANITARY CONDITION,MOLD,Open,BROOKLYN
70075229,2026-08-15T21:19:56.000,2026-08-15T23:23:35.000,NYPD,Noise - Commercial,Loud Music/Party,Closed,BRONX
70078455,2026-08-15T21:19:51.000,,NYPD,Blocked Driveway,Partial Access,In Progress,QUEENS
70075999,2026-08-15T21:19:51.000,,NYPD,Noise - Residential,Loud Music/Party,In Progress,QUEENS
70082094,2026-08-15T21:19:48.000,,TLC,For Hire Vehicle Report,Driver Report - Non Passenger,In Progress,Unspecified
70080424,2026-08-15T21:19:47.000,2026-08-15T21:32:40.000,NYPD,Noise - Residential,Loud Music/Party,Closed,BRONX
70080380,2026-08-15T21:19:43.000,,NYPD,Noise - Street/Sidewalk,Loud Music/Party,In Progress,BRONX
70073299,2026-08-15T21:19:43.000,2026-08-15T21:32:41.000,NYPD,Noise - Residential,Loud Music/Party,Closed,QUEENS
70081580,2026-08-15T21:19:40.000,,DEP,Sewer Maintenance,Odor,In Progress,BROOKLYN
70079466,2026-08-15T21:19:39.000,,DCWP,Consumer Complaint,Restaurant,In Progress,BROOKLYN
70075888,2026-08-15T21:19:38.000,2026-08-15T21:50:13.000,NYPD,Noise - Street/Sidewalk,Loud Music/Party,Closed,QUEENS
70076049,2026-08-15T21:19:35.000,2026-08-15T21:43:51.000,NYPD,Noise - Residential,Loud Music/Party,Closed,QUEENS
70077000,2026-08-15T21:19:34.000,,HPD,UNSANITARY CONDITION,GARBAGE/RECYCLING STORAGE,Open,MANHATTAN
70081854,2026-08-15T21:19:26.000,2026-08-15T22:03:48.000,NYPD,Noise - Street/Sidewalk,Loud Music/Party,Closed,BROOKLYN
70075778,2026-08-15T21:19:24.000,,HPD,HEAT/HOT WATER,ENTIRE BUILDING,Open,BRONX
70075287,2026-08-15T21:19:00.000,2026-08-15T22:39:37.000,NYPD,Noise - Street/Sidewalk,Loud Music/Party,Closed,BRONX
70075681,2026-08-15T21:19:00.000,,DOT,Street Light Condition,Street Light Out,Open,MANHATTAN
70079480,2026-08-15T21:19:00.000,,DOT,Street Light Condition,Street Light Out,Open,STATEN ISLAND
70077445,2026-08-15T21:18:45.000,2026-08-15T21:55:44.000,NYPD,Noise - Street/Sidewalk,Loud Talking,Closed,MANHATTAN
70077822,2026-08-15T21:18:42.000,2026-08-15T23:31:21.000,NYPD,Illegal Parking,Posted Parking Sign Violation,Closed,BRONX
70080301,2026-08-15T21:18:27.000,2026-08-15T22:31:08.000,NYPD,Noise - Residential,Loud Music/Party,Closed,BRONX
70076806,2026-08-15T21:18:27.000,2026-08-15T22:31:56.000,NYPD,Illegal Fireworks,N/A,Closed,BROOKLYN
70076123,2026-08-15T21:18:22.000,2026-08-15T23:01:48.000,NYPD,Noise - Street/Sidewalk,Loud Music/Party,Closed,STATEN ISLAND
70080386,2026-08-15T21:18:21.000,2026-08-15T23:09:58.000,NYPD,Noise - Street/Sidewalk,Loud Music/Party,Closed,BRONX
70080397,2026-08-15T21:18:18.000,2026-08-16T00:50:19.000,NYPD,Illegal Parking,Blocked Crosswalk,Closed,MANHATTAN
70080509,2026-08-15T21:18:08.000,2026-08-15T22:27:38.000,NYPD,Noise - Street/Sidewalk,Loud Music/Party,Closed,BROOKLYN
70081001,2026-08-15T21:17:51.000,2026-08-15T21:28:52.000,NYPD,Noise - Residential,Loud Music/Party,Closed,QUEENS
70077820,2026-08-15T21:17:46.000,2026-08-15T22:58:02.000,NYPD,Illegal Parking,Posted Parking Sign Violation,Closed,BRONX
70076617,2026-08-15T21:17:46.000,2026-08-15T21:32:41.000,NYPD,Noise - Residential,Loud Music/Party,Closed,BRONX
70074651,2026-08-15T21:17:34.000,2026-08-15T21:59:07.000,NYPD,Noise - Street/Sidewalk,Loud Music/Party,Closed,QUEENS
70082327,2026-08-15T21:17:17.000,2026-08-15T22:20:41.000,NYPD,Noise - Street/Sidewalk,Loud Music/Party,Closed,QUEENS
70079805,2026-08-15T21:17:17.000,2026-08-15T21:50:13.000,NYPD,Noise - Commercial,Loud Music/Party,Closed,QUEENS
70080758,2026-08-15T21:17:00.000,,DOT,Street Light Condition,Street Light Out,Open,MANHATTAN
70081410,2026-08-15T21:17:00.000,,DSNY,Dirty Condition,Trash,In Progress,BROOKLYN
70078181,2026-08-15T21:16:58.000,,DOT,Sidewalk Condition,Cellar Door Defective,In Progress,BROOKLYN
70077832,2026-08-15T21:16:55.000,2026-08-15T23:38:03.000,NYPD,Noise - Street/Sidewalk,Loud Music/Party,Closed,BRONX
70074408,2026-08-15T21:16:47.000,,HPD,WATER LEAK,HEAVY FLOW,Open,BROOKLYN
70075155,2026-08-15T21:16:42.000,2026-08-15T21:26:00.000,DEP,Water Maintenance,Leak,Closed,QUEENS
70078731,2026-08-15T21:16:34.000,2026-08-15T21:37:16.000,NYPD,Noise - Residential,Loud Music/Party,Closed,MANHATTAN
70078258,2026-08-15T21:16:34.000,,HPD,PLUMBING,BASIN/SINK,Open,BRONX
70077924,2026-08-15T21:16:33.000,2026-08-16T00:39:37.000,NYPD,Noise - Street/Sidewalk,Loud Music/Party,Closed,BROOKLYN
70075000,2026-08-15T21:16:33.000,,DSNY,Dirty Condition,Trash,In Progress,BRONX
70082055,2026-08-15T21:16:20.000,2026-08-15T21:50:15.000,NYPD,Noise - Street/Sidewalk,Loud Music/Party,Closed,MANHATTAN
70074136,2026-08-15T21:16:10.000,2026-08-15T21:55:02.000,NYPD,Illegal Parking,Blocked Hydrant,Closed,BROOKLYN
70080194,2026-08-15T21:15:59.000,2026-08-15T21:17:35.000,DPR,Animal in a Park,Injured Wildlife,Closed,MANHATTAN
70081670,2026-08-15T21:15:56.000,2026-08-15T21:52:02.000,NYPD,Noise - Residential,Banging/Pounding,Closed,BRONX
70077452,2026-08-15T21:15:53.000,2026-08-15T23:23:35.000,NYPD,Noise - Street/Sidewalk,Loud Music/Party,Closed,MANHATTAN
70079221,2026-08-15T21:15:47.000,2026-08-15T22:01:56.000,NYPD,Noise - Residential,Loud Music/Party,Closed,BROOKLYN
70077313,2026-08-15T21:15:38.000,2026-08-15T22:08:50.000,NYPD,Illegal Parking,Blocked Hydrant,Closed,QUEENS
70075604,2026-08-15T21:15:33.000,2026-08-15T21:26:24.000,NYPD,Noise - Street/Sidewalk,Loud Music/Party,Closed,BROOKLYN
70080516,2026-08-15T21:15:23.000,2026-08-15T21:43:29.000,NYPD,Illegal Parking,Blocked Sidewalk,Closed,BROOKLYN
70080938,2026-08-15T21:15:22.000,2026-08-15T23:11:52.000,NYPD,Noise - Vehicle,Car/Truck Music,Closed,BROOKLYN
70073840,2026-08-15T21:15:15.000,,DEP,Water Maintenance,Fire Hydrant Running,In Progress,QUEENS
70074196,2026-08-15T21:14:56.000,2026-08-15T21:37:57.000,NYPD,Noise - Street/Sidewalk,Loud Music/Party,Closed,BROOKLYN
70080629,2026-08-15T21:14:42.000,2026-08-15T23:54:30.000,NYPD,Noise - Street/Sidewalk,Loud Talking,Closed,BROOKLYN
70074621,2026-08-15T21:14:41.000,2026-08-15T21:33:00.000,NYPD,Blocked Driveway,No Access,Closed,QUEENS
70075965,2026-08-15T21:14:40.000,2026-08-15T22:37:56.000,NYPD,Noise - Street/Sidewalk,Loud Music/Party,Closed,QUEENS
70077555,2026-08-15T21:14:38.000,2026-08-15T21:29:32.000,NYPD,Noise - Residential,Loud Music/Party,Closed,QUEENS
70072716,2026-08-15T21:14:13.000,,NYPD,Illegal Parking,Blocked Hydrant,In Progress,BRONX
70076484,2026-08-15T21:14:13.000,2026-08-16T00:56:24.000,NYPD,Noise - Vehicle,Car/Truck Music,Closed,BRONX
70076072,2026-08-15T21:14:12.000,2026-08-16T00:34:23.000,NYPD,Illegal Parking,Commercial Overnight Parking,Closed,QUEENS
70075886,2026-08-15T21:14:03.000,2026-08-15T22:20:35.000,NYPD,Noise - Street/Sidewalk,Loud Music/Party,Closed,QUEENS
70073257,2026-08-15T21:13:56.000,2026-08-15T21:28:10.000,NYPD,Noise - Residential,Banging/Pounding,Closed,MANHATTAN
70080350,2026-08-15T21:13:31.000,2026-08-15T21:32:40.000,NYPD,Noise - Street/Sidewalk,Loud Music/Party,Closed,BRONX
70073996,2026-08-15T21:13:24.000,2026-08-15T21:27:35.000,NYPD,Noise - Street/Sidewalk,Loud Music/Party,Closed,BRONX
70073492,2026-08-15T21:13:21.000,,NYPD,Blocked Driveway,Partial Access,In Progress,STATEN ISLAND
70077216,2026-08-15T21:13:17.000,2026-08-15T23:27:36.000,NYPD,Noise - Residential,Loud Music/Party,Closed,QUEENS
70081739,2026-08-15T21:13:04.000,2026-08-15T21:18:55.000,NYPD,Noise - Street/Sidewalk,Loud Music/Party,Closed,BRONX
70076761,2026-08-15T21:12:56.000,,DOT,Street Condition,Blocked - Construction,In Progress,MANHATTAN
70073317,2026-08-15T21:12:54.000,2026-08-15T21:50:11.000,NYPD,Noise - Residential,Loud Music/Party,Closed,QUEENS
70076253,2026-08-15T21:12:41.000,,DSNY,Dirty Condition,Trash,In Progress,STATEN ISLAND
70072966,2026-08-15T21:12:40.000,2026-08-15T21:55:20.000,NYPD,Noise - Residential,Loud Music/Party,Closed,BROOKLYN
70073521,2026-08-15T21:12:35.000,2026-08-15T21:33:43.000,NYPD,Noise - Residential,Loud Music/Party,Closed,STATEN ISLAND
70074916,2026-08-15T21:12:33.000,2026-08-15T22:38:56.000,NYPD,Drug Activity,Use Indoor,Closed,MANHATTAN
70075589,2026-08-15T21:12:29.000,2026-08-15T21:29:07.000,NYPD,Illegal Parking,Blocked Crosswalk,Closed,BROOKLYN
70078493,2026-08-15T21:12:28.000,2026-08-15T22:42:53.000,NYPD,Noise - Residential,Loud Music/Party,Closed,QUEENS
70081109,2026-08-15T21:12:24.000,2026-08-15T22:48:11.000,NYPD,Noise - Residential,Loud Music/Party,Closed,QUEENS
70072994,2026-08-15T21:12:22.000,2026-08-15T21:50:35.000,NYPD,Noise - Street/Sidewalk,Loud Music/Party,Closed,MANHATTAN
70080569,2026-08-15T21:12:21.000,2026-08-15T21:50:11.000,NYPD,Illegal Fireworks,N/A,Closed,BROOKLYN
70080484,2026-08-15T21:12:06.000,2026-08-15T22:40:32.000,NYPD,Illegal Fireworks,N/A,Closed,BROOKLYN
70075557,2026-08-15T21:11:51.000,2026-08-15T21:34:40.000,NYPD,Noise - Residential,Loud Music/Party,Closed,BROOKLYN
70073320,2026-08-15T21:11:49.000,2026-08-15T21:41:30.000,NYPD,Noise - Residential,Banging/Pounding,Closed,QUEENS
70075289,2026-08-15T21:11:27.000,2026-08-15T21:28:54.000,NYPD,Noise - Residential,Loud Music/Party,Closed,BRONX
70082424,2026-08-15T21:11:23.000,2026-08-15T22:22:22.000,NYPD,Abandoned Vehicle,With License Plate,Closed,QUEENS
70075669,2026-08-15T21:11:19.000,,DCWP,Consumer Complaint,Restaurant,In Progress,BROOKLYN
70072959,2026-08-15T21:11:18.000,2026-08-15T21:28:49.000,NYPD,Illegal Parking,Blocked Crosswalk,Closed,BROOKLYN
70076954,2026-08-15T21:11:08.000,,HPD,UNSANITARY CONDITION,SEWAGE,Open,BRONX
70073085,2026-08-15T21:10:58.000,,HPD,WATER LEAK,HEAVY FLOW,Open,BRONX
70075978,2026-08-15T21:10:58.000,2026-08-15T21:52:33.000,NYPD,Noise - Commercial,Loud Talking,Closed,QUEENS
70079587,2026-08-15T21:10:57.000,,HPD,ELECTRIC,LIGHTING,Open,MANHATTAN
70074589,2026-08-15T21:10:49.000,2026-08-15T21:37:16.000,NYPD,Noise - Street/Sidewalk,Loud Music/Party,Closed,QUEENS
70077493,2026-08-15T21:10:49.000,,DPR,Maintenance or Facility,Structure - Outdoors,In Progress,MANHATTAN
70075294,2026-08-15T21:10:40.000,2026-08-15T21:34:03.000,NYPD,Noise - Residential,Loud Music/Party,Closed,BRONX
70081896,2026-08-15T21:10:33.000,2026-08-15T21:42:47.000,NYPD,Illegal Parking,Commercial Overnight Parking,Closed,BROOKLYN
70075230,2026-08-15T21:10:11.000,,NYPD,Noise - Street/Sidewalk,Loud Music/Party,In Progress,BRONX
70075680,2026-08-15T21:10:00.000,,DOT,Street Light Condition,Street Light Out,Open,BRONX
70076567,2026-08-15T21:10:00.000,2026-08-15T21:34:57.000,NYPD,Noise - Street/Sidewalk,Loud Music/Party,Closed,BRONX
70072965,2026-08-15T21:09:58.000,2026-08-15T21:55:10.000,NYPD,Noise - Residential,Loud Music/Party,Closed,BROOKLYN
70079334,2026-08-15T21:09:57.000,2026-08-15T22:07:17.000,NYPD,Noise - Residential,Loud Music/Party,Closed,BROOKLYN
70079023,2026-08-15T21:09:56.000,2026-08-15T23:54:29.000,NYPD,Noise - Street/Sidewalk,Loud Music/Party,Closed,BRONX
70074789,2026-08-15T21:09:40.000,2026-08-15T21:55:10.000,NYPD,Noise - Residential,Loud Music/Party,Closed,QUEENS
70077797,2026-08-15T21:09:33.000,2026-08-15T21:50:55.000,NYPD,Noise - Street/Sidewalk,Loud Music/Party,Closed,BRONX
70074888,2026-08-15T21:09:32.000,2026-08-15T21:50:11.000,NYPD,Noise - Street/Sidewalk,Loud Music/Party,Closed,MANHATTAN
70072673,2026-08-15T21:09:27.000,2026-08-15T21:53:28.000,NYPD,Noise - Street/Sidewalk,Loud Music/Party,Closed,BRONX
70081194,2026-08-15T21:09:22.000,2026-08-15T22:37:49.000,NYPD,Noise - Residential,Loud Music/Party,Closed,STATEN ISLAND
70078374,2026-08-15T21:09:22.000,2026-08-15T21:30:13.000,NYPD,Noise - Residential,Banging/Pounding,Closed,MANHATTAN
70077412,2026-08-15T21:09:21.000,2026-08-15T21:20:03.000,NYPD,Noise - Commercial,Loud Music/Party,Closed,MANHATTAN
70077129,2026-08-15T21:09:21.000,2026-08-15T21:32:42.000,NYPD,Noise - Residential,Banging/Pounding,Closed,QUEENS
70079036,2026-08-15T21:09:20.000,2026-08-16T01:31:32.000,NYPD,Noise - Street/Sidewalk,Loud Talking,Closed,BRONX
70081734,2026-08-15T21:09:16.000,2026-08-15T23:37:02.000,NYPD,Illegal Parking,Double Parked Blocking Traffic,Closed,BRONX
70080060,2026-08-15T21:09:07.000,,DSNY,Missed Collection,Bulky Trash,In Progress,BRONX
70073978,2026-08-15T21:09:07.000,2026-08-15T23:35:39.000,NYPD,Blocked Driveway,No Access,Closed,BRONX
70081700,2026-08-15T21:09:05.000,2026-08-15T21:32:40.000,NYPD,Noise - Street/Sidewalk,Loud Music/Party,Closed,BRONX
70075690,2026-08-15T21:09:00.000,,DOT,Street Light Condition,Lamppost Leaning,Open,STATEN ISLAND
70073291,2026-08-15T21:08:55.000,,NYPD,Blocked Driveway,Partial Access,In Progress,QUEENS
70073005,2026-08-15T21:08:46.000,2026-08-15T22:56:13.000,NYPD,Noise - Residential,Loud Music/Party,Closed,BROOKLYN
70078501,2026-08-15T21:08:30.000,2026-08-16T00:35:16.000,NYPD,Illegal Parking,Commercial Overnight Parking,Closed,QUEENS
70082548,2026-08-15T21:08:18.000,2026-08-15T21:36:40.000,NYPD,Illegal Fireworks,N/A,Closed,STATEN ISLAND
70077801,2026-08-15T21:08:14.000,2026-08-15T21:23:55.000,NYPD,Noise - Residential,Banging/Pounding,Closed,BRONX
70078599,2026-08-15T21:08:14.000,2026-08-15T22:23:16.000,NYPD,Noise - Residential,Loud Music/Party,Closed,QUEENS
70075243,2026-08-15T21:08:09.000,2026-08-16T01:48:16.000,NYPD,Noise - Commercial,Loud Music/Party,Closed,BRONX
70077919,2026-08-15T21:08:04.000,2026-08-16T01:29:03.000,NYPD,Noise - Residential,Banging/Pounding,Closed,BROOKLYN
70079918,2026-08-15T21:07:57.000,2026-08-15T21:19:49.000,NYPD,Noise - Commercial,Loud Music/Party,Closed,MANHATTAN
70080448,2026-08-15T21:07:50.000,,NYPD,Illegal Parking,Blocked Hydrant,In Progress,BROOKLYN
70077961,2026-08-15T21:07:50.000,2026-08-15T21:36:04.000,NYPD,Illegal Parking,Commercial Overnight Parking,Closed,BROOKLYN
70080661,2026-08-15T21:07:46.000,2026-08-15T21:55:20.000,NYPD,Noise - Residential,Loud Music/Party,Closed,BROOKLYN
70072671,2026-08-15T21:07:35.000,2026-08-15T22:15:53.000,NYPD,Noise - Street/Sidewalk,Loud Music/Party,Closed,BRONX
70073844,2026-08-15T21:07:18.000,2026-08-15T22:15:00.000,DEP,Water Maintenance,Fire Hydrant Running,Closed,QUEENS
70079888,2026-08-15T21:07:11.000,2026-08-15T22:25:38.000,NYPD,Noise - Residential,Banging/Pounding,Closed,MANHATTAN
70075543,2026-08-15T21:07:08.000,2026-08-15T21:52:20.000,NYPD,Illegal Parking,Parking Permit Improper Use,Closed,BROOKLYN
70079163,2026-08-15T21:07:03.000,2026-08-15T22:37:59.000,NYPD,Illegal Parking,Posted Parking Sign Violation,Closed,BRONX
70081246,2026-08-15T21:06:55.000,2026-08-15T21:19:59.000,NYPD,Noise - Commercial,Loud Music/Party,Closed,MANHATTAN
70076679,2026-08-15T21:06:41.000,2026-08-15T22:03:01.000,NYPD,Noise - Residential,Loud Music/Party,Closed,BROOKLYN
70076068,2026-08-15T21:06:40.000,2026-08-15T21:28:55.000,NYPD,Noise - Park,Loud Music/Party,Closed,QUEENS
70078787,2026-08-15T21:06:36.000,,DSNY,Dirty Condition,Trash,In Progress,BROOKLYN
70077930,2026-08-15T21:06:19.000,2026-08-15T21:18:50.000,NYPD,Non-Emergency Police Matter,Other (complaint details),Closed,BROOKLYN
70079459,2026-08-15T21:06:14.000,,TLC,Taxi Complaint,Driver Complaint - Non Passenger,In Progress,MANHATTAN
70080536,2026-08-15T21:06:13.000,2026-08-15T21:53:38.000,NYPD,Illegal Parking,Posted Parking Sign Violation,Closed,BROOKLYN
70080518,2026-08-15T21:06:13.000,2026-08-15T23:31:19.000,NYPD,Noise - Residential,Loud Music/Party,Closed,MANHATTAN
70078053,2026-08-15T21:05:57.000,2026-08-15T21:35:03.000,NYPD,Noise - Residential,Loud Music/Party,Closed,BROOKLYN
70078442,2026-08-15T21:05:56.000,2026-08-15T21:36:04.000,NYPD,Noise - Street/Sidewalk,Loud Music/Party,Closed,QUEENS
70080457,2026-08-15T21:05:53.000,,NYPD,Illegal Parking,Blocked Hydrant,In Progress,BROOKLYN
70079829,2026-08-15T21:05:53.000,2026-08-15T21:14:45.000,NYPD,Illegal Parking,Commercial Overnight Parking,Closed,QUEENS
70081969,2026-08-15T21:05:51.000,2026-08-15T22:27:08.000,NYPD,Noise - Street/Sidewalk,Loud Music/Party,Closed,BROOKLYN
70078169,2026-08-15T21:05:47.000,,TLC,Taxi Complaint,Driver Complaint - Passenger,In Progress,MANHATTAN
70077187,2026-08-15T21:05:21.000,,NYPD,Abandoned Vehicle,With License Plate,In Progress,QUEENS
70075512,2026-08-15T21:05:18.000,,NYPD,Illegal Parking,Double Parked Blocking Traffic,In Progress,BROOKLYN
70078198,2026-08-15T21:05:00.000,,DOT,Street Light Condition,Fixture/Luminaire Damaged,Open,STATEN ISLAND
70079530,2026-08-15T21:04:55.000,,HPD,UNSANITARY CONDITION,GARBAGE/RECYCLING STORAGE,Open,MANHATTAN
70074432,2026-08-15T21:04:55.000,,HPD,UNSANITARY CONDITION,GARBAGE/RECYCLING STORAGE,Open,MANHATTAN
70080277,2026-08-15T21:04:53.000,,DEP,Noise,Air Conditioner/Ventilation,In Progress,BRONX
70081185,2026-08-15T21:04:52.000,2026-08-15T21:23:55.000,NYPD,Noise - Street/Sidewalk,Loud Talking,Closed,STATEN ISLAND
70081133,2026-08-15T21:04:50.000,2026-08-15T22:09:09.000,NYPD,Noise - Residential,Loud Music/Party,Closed,QUEENS
70076690,2026-08-15T21:04:47.000,2026-08-16T01:41:58.000,NYPD,Blocked Driveway,No Access,Closed,BROOKLYN
70075967,2026-08-15T21:04:47.000,2026-08-15T21:53:51.000,NYPD,Noise - Residential,Loud Talking,Closed,QUEENS
70081820,2026-08-15T21:04:35.000,2026-08-15T21:41:04.000,NYPD,Noise - Residential,Banging/Pounding,Closed,BROOKLYN
70076189,2026-08-15T21:04:32.000,2026-08-15T21:50:10.000,NYPD,Noise - Street/Sidewalk,Loud Music/Party,Closed,MANHATTAN
70078435,2026-08-15T21:04:26.000,2026-08-15T21:23:54.000,NYPD,Noise - Residential,Loud Music/Party,Closed,QUEENS
70078693,2026-08-15T21:04:22.000,2026-08-15T22:02:38.000,NYPD,Noise - Street/Sidewalk,Loud Talking,Closed,MANHATTAN
70075401,2026-08-15T21:04:21.000,,NYPD,Noise - Street/Sidewalk,Loud Music/Party,In Progress,BROOKLYN
70072820,2026-08-15T21:04:05.000,2026-08-15T21:23:56.000,NYPD,Noise - Vehicle,Car/Truck Music,Closed,MANHATTAN
70076320,2026-08-15T21:04:01.000,2026-08-15T22:15:23.000,NYPD,Illegal Parking,Commercial Overnight Parking,Closed,QUEENS
70078193,2026-08-15T21:04:00.000,,DOT,Street Light Condition,Street Light Out,Open,QUEENS
70079769,2026-08-15T21:03:49.000,2026-08-15T22:46:58.000,NYPD,Illegal Parking,Commercial Overnight Parking,Closed,QUEENS
70075616,2026-08-15T21:03:40.000,2026-08-15T21:34:02.000,NYPD,Noise - Residential,Loud Music/Party,Closed,MANHATTAN
70074287,2026-08-15T21:03:37.000,2026-08-15T23:16:11.000,NYPD,Noise - Residential,Loud Music/Party,Closed,BROOKLYN
70078694,2026-08-15T21:03:26.000,2026-08-15T22:10:33.000,NYPD,Noise - Street/Sidewalk,Loud Music/Party,Closed,MANHATTAN
70075538,2026-08-15T21:03:15.000,2026-08-15T21:32:39.000,NYPD,Noise - Street/Sidewalk,Loud Music/Party,Closed,BROOKLYN
70077202,2026-08-15T21:03:14.000,2026-08-15T21:23:56.000,NYPD,Noise - Residential,Loud Music/Party,Closed,QUEENS
70081210,2026-08-15T21:03:08.000,,NYPD,Noise - Residential,Loud Music/Party,In Progress,MANHATTAN
70082063,2026-08-15T21:03:08.000,2026-08-15T21:50:34.000,NYPD,Noise - Residential,Loud Music/Party,Closed,BROOKLYN
70079660,2026-08-15T21:03:02.000,2026-08-15T22:22:57.000,NYPD,Noise - Residential,Loud Music/Party,Closed,MANHATTAN
70076938,2026-08-15T21:03:00.000,,DOT,Street Light Condition,Street Light Out,Open,STATEN ISLAND
70074577,2026-08-15T21:02:56.000,2026-08-15T21:32:42.000,NYPD,Noise - Residential,Loud Talking,Closed,MANHATTAN
70074763,2026-08-15T21:02:50.000,2026-08-15T21:28:43.000,NYPD,Noise - Park,Loud Music/Party,Closed,QUEENS
70076707,2026-08-15T21:02:49.000,2026-08-15T22:08:00.000,NYPD,Noise - Residential,Banging/Pounding,Closed,BROOKLYN
70079890,2026-08-15T21:02:43.000,2026-08-15T21:28:59.000,NYPD,Blocked Driveway,No Access,Closed,MANHATTAN
70076747,2026-08-15T21:02:43.000,2026-08-15T21:51:59.000,NYPD,Noise - Residential,Loud Music/Party,Closed,BROOKLYN
70082122,2026-08-15T21:02:34.000,,DOT,Street Sign - Dangling,Other/Unknown,In Progress,MANHATTAN
70081874,2026-08-15T21:02:33.000,2026-08-15T21:35:27.000,NYPD,Noise - Residential,Loud Music/Party,Closed,BROOKLYN
70076041,2026-08-15T21:02:20.000,2026-08-15T21:50:10.000,NYPD,Noise - Residential,Loud Music/Party,Closed,QUEENS
70075281,2026-08-15T21:02:18.000,2026-08-15T21:42:01.000,NYPD,Noise - Street/Sidewalk,Loud Talking,Closed,BRONX
70080402,2026-08-15T21:02:04.000,2026-08-15T22:21:18.000,NYPD,Noise - Street/Sidewalk,Loud Music/Party,Closed,BRONX
70078208,2026-08-15T21:01:42.000,,DOHMH,Food Poisoning,1 or 2,In Progress,BROOKLYN
70080286,2026-08-15T21:01:31.000,2026-08-15T22:14:31.000,NYPD,Noise - Street/Sidewalk,Loud Music/Party,Closed,BRONX
70079405,2026-08-15T21:01:24.000,2026-08-15T21:29:28.000,NYPD,Illegal Parking,Blocked Hydrant,Closed,BROOKLYN
70073923,2026-08-15T21:01:21.000,2026-08-15T22:03:25.000,NYPD,Noise - Residential,Loud Music/Party,Closed,BRONX
70079782,2026-08-15T21:01:18.000,2026-08-16T00:27:03.000,NYPD,Illegal Parking,Blocked Crosswalk,Closed,QUEENS
70081631,2026-08-15T21:01:09.000,2026-08-15T23:23:32.000,NYPD,Noise - Street/Sidewalk,Loud Music/Party,Closed,BRONX
70080458,2026-08-15T21:01:01.000,,NYPD,Illegal Parking,Blocked Hydrant,In Progress,BROOKLYN
70077547,2026-08-15T21:01:01.000,2026-08-15T21:35:11.000,DSNY,Vendor Enforcement,Food Vendor,Closed,QUEENS
70073560,2026-08-15T21:00:58.000,2026-08-15T21:11:28.000,NYPD,Noise - Vehicle,Car/Truck Music,Closed,MANHATTAN
70081829,2026-08-15T21:00:54.000,2026-08-16T01:04:44.000,NYPD,Blocked Driveway,No Access,Closed,BROOKLYN
70080474,2026-08-15T21:00:43.000,2026-08-15T22:54:48.000,NYPD,Noise - Residential,Loud Music/Party,Closed,BROOKLYN
70079309,2026-08-15T21:00:29.000,2026-08-15T21:43:00.000,NYPD,Blocked Driveway,No Access,Closed,BROOKLYN
70082354,2026-08-15T21:00:29.000,2026-08-15T22:20:37.000,NYPD,Illegal Parking,Commercial Overnight Parking,Closed,QUEENS
70082289,2026-08-15T21:00:26.000,,NYPD,Noise - Residential,Loud Music/Party,In Progress,BROOKLYN
70076898,2026-08-15T21:00:25.000,,DOHMH,Smoking or Vaping,Allowed in Smoke Free Area,In Progress,BROOKLYN
70080581,2026-08-15T21:00:16.000,2026-08-15T23:23:37.000,NYPD,Noise - Street/Sidewalk,Loud Music/Party,Closed,BROOKLYN
70079960,2026-08-15T21:00:15.000,2026-08-15T22:24:21.000,NYPD,Noise - Vehicle,Car/Truck Music,Closed,MANHATTAN
70080601,2026-08-15T21:00:13.000,2026-08-15T22:20:37.000,NYPD,Noise - Street/Sidewalk,Loud Music/Party,Closed,BROOKLYN
70078182,2026-08-15T21:00:13.000,,DOT,Sidewalk Condition,Broken Sidewalk,In Progress,BRONX
70075578,2026-08-15T21:00:03.000,2026-08-15T21:50:11.000,NYPD,Noise - Residential,Loud Music/Party,Closed,BROOKLYN
70075688,2026-08-15T21:00:00.000,,DOT,Street Light Condition,Street Light Out,Open,BROOKLYN
70074787,2026-08-15T20:59:50.000,2026-08-15T22:07:18.000,NYPD,Noise - Street/Sidewalk,Loud Talking,Closed,QUEENS
70075883,2026-08-15T20:59:40.000,2026-08-15T21:50:12.000,NYPD,Illegal Parking,Posted Parking Sign Violation,Closed,MANHATTAN
70081950,2026-08-15T20:59:37.000,,NYPD,Illegal Parking,Posted Parking Sign Violation,In Progress,BROOKLYN
70079284,2026-08-15T20:59:28.000,,DOT,Street Condition,Cave-in,In Progress,BROOKLYN
70072684,2026-08-15T20:59:14.000,2026-08-15T21:34:49.000,NYPD,Noise - Residential,Loud Music/Party,Closed,BRONX
70073363,2026-08-15T20:59:06.000,2026-08-15T22:02:54.000,NYPD,Noise - Residential,Loud Music/Party,Closed,QUEENS
70075777,2026-08-15T20:59:04.000,,HPD,HEAT/HOT WATER,ENTIRE BUILDING,Open,BRONX
70081619,2026-08-15T20:58:59.000,2026-08-15T22:08:32.000,NYPD,Noise - Residential,Banging/Pounding,Closed,BRONX
70082286,2026-08-15T20:58:50.000,2026-08-15T21:54:05.000,NYPD,Noise - Residential,Loud Music/Party,Closed,BROOKLYN
70081269,2026-08-15T20:58:45.000,2026-08-15T21:23:56.000,NYPD,Noise - Street/Sidewalk,Loud Music/Party,Closed,MANHATTAN
70081326,2026-08-15T20:58:41.000,2026-08-15T21:37:57.000,NYPD,Noise - Residential,Loud Music/Party,Closed,BRONX
70074475,2026-08-15T20:58:39.000,,HPD,HEAT/HOT WATER,APARTMENT ONLY,Open,BRONX
70077007,2026-08-15T20:58:39.000,,HPD,PLUMBING,WATER SUPPLY,Open,BRONX
70082554,2026-08-15T20:58:36.000,,NYPD,Noise - Residential,Loud Music/Party,In Progress,STATEN ISLAND
70072560,2026-08-15T20:58:36.000,,DEP,Water Maintenance,Fire Hydrant Leaking,In Progress,BROOKLYN
70077653,2026-08-15T20:58:24.000,,DEP,Lead,Lead Kit,In Progress,QUEENS
70074765,2026-08-15T20:58:11.000,2026-08-15T21:03:32.000,NYPD,Noise - Park,Loud Music/Party,Closed,QUEENS
70079711,2026-08-15T20:58:07.000,2026-08-15T21:36:03.000,NYPD,Noise - Street/Sidewalk,Loud Music/Party,Closed,QUEENS
70076780,2026-08-15T20:58:04.000,2026-08-16T00:34:52.000,NYPD,Noise - Residential,Loud Music/Party,Closed,BROOKLYN
70081703,2026-08-15T20:58:00.000,2026-08-15T21:41:24.000,NYPD,Noise - Street/Sidewalk,Loud Music/Party,Closed,BRONX
70075298,2026-08-15T20:57:45.000,2026-08-15T21:46:36.000,NYPD,Noise - Residential,Loud Music/Party,Closed,BRONX
70077153,2026-08-15T20:57:40.000,2026-08-15T22:03:31.000,NYPD,Noise - Street/Sidewalk,Loud Music/Party,Closed,QUEENS
70078780,2026-08-15T20:57:40.000,,DSNY,Obstruction,Trash or Recycling,In Progress,QUEENS
70082410,2026-08-15T20:57:37.000,2026-08-15T22:56:28.000,NYPD,Noise - Residential,Loud Music/Party,Closed,QUEENS
70074083,2026-08-15T20:57:36.000,2026-08-15T21:42:13.000,NYPD,Noise - Residential,Banging/Pounding,Closed,BROOKLYN
70081769,2026-08-15T20:57:27.000,2026-08-15T22:15:20.000,NYPD,Blocked Driveway,No Access,Closed,BRONX
70082052,2026-08-15T20:57:22.000,2026-08-15T21:23:56.000,NYPD,Illegal Parking,Blocked Sidewalk,Closed,BROOKLYN
70075505,2026-08-15T20:57:15.000,2026-08-15T21:14:42.000,NYPD,Illegal Fireworks,N/A,Closed,BROOKLYN
70076306,2026-08-15T20:57:13.000,2026-08-15T21:05:18.000,DSNY,Vendor Enforcement,Food Vendor,Closed,MANHATTAN
70081367,2026-08-15T20:57:10.000,,DSNY,Dirty Condition,Debris from Car Accident,In Progress,QUEENS
70075057,2026-08-15T20:57:00.000,2026-08-15T21:30:00.000,DOT,Traffic Signal Condition,Controller,Closed,MANHATTAN
70073325,2026-08-15T20:56:45.000,2026-08-15T21:25:00.000,NYPD,Illegal Parking,Blocked Sidewalk,Closed,QUEENS
70074435,2026-08-15T20:56:27.000,,HPD,SAFETY,WINDOW GUARD BROKEN/MISSING,Open,MANHATTAN
70079705,2026-08-15T20:56:20.000,2026-08-15T22:07:17.000,NYPD,Illegal Parking,Posted Parking Sign Violation,Closed,QUEENS
70073601,2026-08-15T20:56:04.000,2026-08-15T22:16:25.000,NYPD,Noise - Street/Sidewalk,Loud Music/Party,Closed,MANHATTAN
70074316,2026-08-15T20:55:58.000,2026-08-15T21:32:59.000,NYPD,Illegal Parking,Blocked Hydrant,Closed,BROOKLYN
70075317,2026-08-15T20:55:47.000,2026-08-15T21:14:42.000,NYPD,Noise - Street/Sidewalk,Loud Music/Party,Closed,BRONX
70074230,2026-08-15T20:55:43.000,2026-08-15T21:46:29.000,NYPD,Noise - Street/Sidewalk,Loud Music/Party,Closed,BROOKLYN
70079229,2026-08-15T20:55:29.000,2026-08-15T21:18:51.000,NYPD,Illegal Parking,Blocked Crosswalk,Closed,BROOKLYN
70075031,2026-08-15T20:55:14.000,2026-08-15T21:20:06.000,NYPD,Noise - Residential,Loud Music/Party,Closed,QUEENS
70082708,2026-08-15T20:55:06.000,,DSNY,Illegal Dumping,Removal Request,In Progress,QUEENS
70074298,2026-08-15T20:54:59.000,2026-08-15T21:20:54.000,NYPD,Illegal Parking,Blocked Crosswalk,Closed,BROOKLYN
70074812,2026-08-15T20:54:55.000,2026-08-16T00:27:28.000,NYPD,Noise - Residential,Loud Music/Party,Closed,STATEN ISLAND
70073051,2026-08-15T20:54:43.000,,DOT,Sidewalk Condition,Broken Sidewalk,In Progress,BROOKLYN
70079418,2026-08-15T20:54:40.000,2026-08-15T21:29:28.000,NYPD,Illegal Parking,Blocked Bike Lane,Closed,BROOKLYN
70073074,2026-08-15T20:54:39.000,,DOHMH,Indoor Air Quality,Chemical Vapors/Gases/Odors,In Progress,QUEENS
70082523,2026-08-15T20:54:24.000,2026-08-16T00:27:50.000,NYPD,Noise - Street/Sidewalk,Loud Music/Party,Closed,QUEENS
70073448,2026-08-15T20:54:23.000,2026-08-15T21:14:43.000,NYPD,Noise - Residential,Loud Music/Party,Closed,QUEENS
70074886,2026-08-15T20:54:17.000,2026-08-15T22:03:36.000,NYPD,Non-Emergency Police Matter,Other (complaint details),Closed,MANHATTAN
70082136,2026-08-15T20:54:01.000,,HPD,PLUMBING,STEAM PIPE/RISER,Open,BRONX
70082185,2026-08-15T20:54:01.000,,HPD,PLUMBING,BATHTUB/SHOWER,Open,BRONX
70082192,2026-08-15T20:54:01.000,,HPD,PLUMBING,BASIN/SINK,Open,BRONX
70079489,2026-08-15T20:54:01.000,,HPD,DOOR/WINDOW,WINDOW FRAME,Open,BRONX
70078305,2026-08-15T20:54:01.000,,HPD,DOOR/WINDOW,DOOR,Open,BRONX
70075734,2026-08-15T20:54:01.000,,HPD,UNSANITARY CONDITION,PESTS,Open,BRONX
70078245,2026-08-15T20:54:01.000,,HPD,PLUMBING,WATER SUPPLY,Open,BRONX
70077018,2026-08-15T20:54:01.000,,HPD,PAINT/PLASTER,WALL,Open,BRONX
70081723,2026-08-15T20:54:00.000,2026-08-15T22:02:56.000,NYPD,Noise - Residential,Loud Talking,Closed,BRONX
70078877,2026-08-15T20:54:00.000,2026-08-15T21:30:00.000,DOT,Traffic Signal Condition,Veh Sgnl Mult Lamps,Closed,MANHATTAN
70075683,2026-08-15T20:54:00.000,,DOT,Street Light Condition,Street Light Out,Open,QUEENS
70077756,2026-08-15T20:53:56.000,2026-08-15T23:35:33.000,NYPD,Noise - Street/Sidewalk,Loud Talking,Closed,BRONX
70077780,2026-08-15T20:53:55.000,2026-08-16T00:35:42.000,NYPD,Illegal Parking,Commercial Overnight Parking,Closed,BRONX
70080614,2026-08-15T20:53:51.000,2026-08-15T21:55:00.000,NYPD,Noise - Street/Sidewalk,Loud Music/Party,Closed,BROOKLYN
70077637,2026-08-15T20:53:50.000,2026-08-15T20:57:12.000,DPR,Violation of Park Rules,Smoking,Closed,BRONX
70074034,2026-08-15T20:53:41.000,2026-08-16T00:40:05.000,NYPD,Drinking,In Public,Closed,BRONX
70076516,2026-08-15T20:53:38.000,2026-08-16T00:09:36.000,NYPD,Abandoned Vehicle,With License Plate,Closed,BRONX
70076542,2026-08-15T20:53:37.000,2026-08-15T21:26:43.000,NYPD,Noise - Street/Sidewalk,Loud Music/Party,Closed,BRONX
70082670,2026-08-15T20:53:33.000,,DHS,Encampment,N/A,In Progress,Unspecified
70076831,2026-08-15T20:53:33.000,2026-08-15T21:50:11.000,NYPD,Encampment,N/A,Closed,Unspecified
70076110,2026-08-15T20:53:21.000,2026-08-16T00:27:04.000,NYPD,Noise - Residential,Loud Music/Party,Closed,STATEN ISLAND
70072767,2026-08-15T20:53:18.000,,NYPD,Illegal Parking,Blocked Hydrant,In Progress,BROOKLYN
70082730,2026-08-15T20:53:05.000,2026-08-15T21:05:18.000,DSNY,Vendor Enforcement,Food Vendor,Closed,BROOKLYN
70072617,2026-08-15T20:53:05.000,2026-08-16T00:34:01.000,NYPD,Noise - Street/Sidewalk,Loud Music/Party,Closed,BRONX
70080242,2026-08-15T20:52:59.000,2026-08-15T23:42:00.000,DEP,Water Maintenance,Fire Hydrant Running Full,Closed,MANHATTAN
70075474,2026-08-15T20:52:41.000,,DOT,Street Condition,Failed Street Repair,In Progress,QUEENS
70080567,2026-08-15T20:52:29.000,2026-08-15T21:28:47.000,NYPD,Noise - Street/Sidewalk,Loud Music/Party,Closed,BROOKLYN
70079332,2026-08-15T20:52:15.000,2026-08-15T21:32:38.000,NYPD,Noise - Street/Sidewalk,Loud Music/Party,Closed,BROOKLYN
70075646,2026-08-15T20:52:08.000,,DOHMH,Mobile Food Vendor,Food Worker Activity,In Progress,QUEENS
70080330,2026-08-15T20:52:03.000,2026-08-15T21:23:56.000,NYPD,Noise - Street/Sidewalk,Loud Music/Party,Closed,BRONX
70075610,2026-08-15T20:51:56.000,2026-08-15T21:03:31.000,NYPD,Illegal Parking,Posted Parking Sign Violation,Closed,BROOKLYN
70072612,2026-08-15T20:51:51.000,,NYPD,Noise - Residential,Loud Music/Party,In Progress,BRONX
70072989,2026-08-15T20:51:51.000,2026-08-15T21:18:53.000,NYPD,Illegal Parking,Posted Parking Sign Violation,Closed,BROOKLYN
70074954,2026-08-15T20:51:31.000,,DPR,Maintenance or Facility,Recreation Center,In Progress,MANHATTAN
70078844,2026-08-15T20:51:27.000,,DSNY,Obstruction,Merchandise,In Progress,QUEENS
70073221,2026-08-15T20:51:17.000,,DPR,Overgrown Tree/Branches,Hitting Building,In Progress,BROOKLYN
70082260,2026-08-15T20:51:13.000,,DOHMH,Rodent,Rat Sighting,In Progress,MANHATTAN
70082369,2026-08-15T20:51:13.000,2026-08-16T01:41:32.000,NYPD,Blocked Driveway,No Access,Closed,QUEENS
70080651,2026-08-15T20:51:10.000,2026-08-15T20:53:26.000,NYPD,Illegal Fireworks,N/A,Closed,BROOKLYN
70074261,2026-08-15T20:50:53.000,2026-08-15T21:50:12.000,NYPD,Noise - Vehicle,Car/Truck Music,Closed,BROOKLYN
70078006,2026-08-15T20:50:50.000,2026-08-15T21:28:37.000,NYPD,Noise - Street/Sidewalk,Loud Music/Party,Closed,BROOKLYN
70076219,2026-08-15T20:50:43.000,2026-08-15T21:32:39.000,NYPD,Noise - Residential,Loud Music/Party,Closed,BRONX
70075612,2026-08-15T20:50:33.000,2026-08-15T21:11:40.000,NYPD,Illegal Parking,Blocked Hydrant,Closed,BROOKLYN
70076091,2026-08-15T20:50:33.000,2026-08-15T21:24:25.000,NYPD,Noise - Residential,Loud Music/Party,Closed,QUEENS
70080477,2026-08-15T20:50:30.000,2026-08-15T23:17:57.000,NYPD,Blocked Driveway,Partial Access,Closed,BROOKLYN
70073173,2026-08-15T20:50:30.000,,HPD,ELECTRIC,OUTLET/SWITCH,Open,MANHATTAN
70077042,2026-08-15T20:50:30.000,,HPD,ELECTRIC,POWER OUTAGE,Open,MANHATTAN
70076850,2026-08-15T20:50:21.000,2026-08-15T22:14:31.000,NYPD,Illegal Fireworks,N/A,Closed,BROOKLYN
70080389,2026-08-15T20:50:19.000,2026-08-15T21:03:32.000,NYPD,Noise - Residential,Loud Music/Party,Closed,BRONX
70079802,2026-08-15T20:50:17.000,2026-08-15T22:37:58.000,NYPD,Noise - Residential,Banging/Pounding,Closed,QUEENS
70082341,2026-08-15T20:49:54.000,2026-08-15T21:15:40.000,NYPD,Noise - Residential,Loud Music/Party,Closed,QUEENS
70080491,2026-08-15T20:49:49.000,2026-08-15T21:15:52.000,NYPD,Noise - Street/Sidewalk,Loud Music/Party,Closed,BROOKLYN
70075897,2026-08-15T20:49:45.000,,NYPD,Illegal Parking,License Plate Obscured,In Progress,QUEENS
70080337,2026-08-15T20:49:23.000,,NYPD,Noise - Street/Sidewalk,Loud Music/Party,In Progress,BRONX
70079406,2026-08-15T20:49:22.000,2026-08-15T21:25:09.000,NYPD,Illegal Parking,Blocked Hydrant,Closed,BROOKLYN
70078833,2026-08-15T20:49:22.000,,DSNY,Dirty Condition,Trash,In Progress,QUEENS
70076695,2026-08-15T20:49:18.000,2026-08-15T22:03:57.000,NYPD,Noise - Street/Sidewalk,Loud Music/Party,Closed,BROOKLYN
70079401,2026-08-15T20:49:14.000,2026-08-15T21:03:37.000,NYPD,Illegal Parking,Posted Parking Sign Violation,Closed,BROOKLYN
70075305,2026-08-15T20:49:14.000,2026-08-15T23:19:18.000,NYPD,Illegal Parking,Double Parked Blocking Traffic,Closed,BRONX
70076655,2026-08-15T20:49:08.000,2026-08-15T21:04:20.000,NYPD,Noise - Street/Sidewalk,Loud Music/Party,Closed,BROOKLYN
70079913,2026-08-15T20:49:00.000,2026-08-15T20:52:58.000,NYPD,Noise - Street/Sidewalk,Loud Music/Party,Closed,MANHATTAN
70076847,2026-08-15T20:48:51.000,2026-08-15T20:53:35.000,NYPD,Noise - Residential,Loud Music/Party,Closed,BROOKLYN
70081129,2026-08-15T20:48:39.000,2026-08-15T21:14:43.000,NYPD,Noise - Residential,Loud Music/Party,Closed,QUEENS
70076864,2026-08-15T20:48:35.000,2026-08-15T21:26:45.000,NYPD,Illegal Parking,Blocked Crosswalk,Closed,BROOKLYN
70075626,2026-08-15T20:48:34.000,2026-08-15T22:43:54.000,NYPD,Noise - Residential,Banging/Pounding,Closed,BROOKLYN
70078356,2026-08-15T20:48:08.000,,DPR,Overgrown Tree/Branches,Dead Branches in Tree,In Progress,QUEENS
70073370,2026-08-15T20:48:01.000,2026-08-15T22:42:10.000,NYPD,Noise - Residential,Banging/Pounding,Closed,QUEENS
70073711,2026-08-15T20:47:32.000,,DSNY,Dirty Condition,Trash,In Progress,BRONX
70073468,2026-08-15T20:47:30.000,,NYPD,Illegal Parking,Blocked Hydrant,In Progress,QUEENS
70082471,2026-08-15T20:47:11.000,2026-08-15T22:03:23.000,NYPD,Blocked Driveway,No Access,Closed,QUEENS
70078873,2026-08-15T20:47:00.000,2026-08-15T21:50:00.000,DOT,Traffic Signal Condition,Controller,Closed,BRONX
70078196,2026-08-15T20:47:00.000,,DOT,Street Light Condition,Street Light Out,Open,BROOKLYN
70072459,2026-08-15T20:47:00.000,2026-08-15T21:30:00.000,DOT,Traffic Signal Condition,Controller,Assigned,BROOKLYN
70072457,2026-08-15T20:47:00.000,2026-08-15T22:06:00.000,DOT,Traffic Signal Condition,Controller,Closed,QUEENS
70074424,2026-08-15T20:46:46.000,,HPD,UNSANITARY CONDITION,PESTS,Open,MANHATTAN
70082433,2026-08-15T20:46:43.000,,NYPD,Illegal Parking,Commercial Overnight Parking,In Progress,QUEENS
70081325,2026-08-15T20:46:29.000,2026-08-15T20:57:08.000,NYPD,Noise - Street/Sidewalk,Loud Music/Party,Closed,BRONX
70077242,2026-08-15T20:46:25.000,,NYPD,Illegal Parking,Commercial Overnight Parking,In Progress,QUEENS
70076214,2026-08-15T20:46:22.000,2026-08-15T22:02:13.000,NYPD,Illegal Parking,Double Parked Blocking Traffic,Closed,MANHATTAN
70073301,2026-08-15T20:46:17.000,2026-08-15T21:07:52.000,NYPD,Noise - Residential,Loud Music/Party,Closed,QUEENS
70078521,2026-08-15T20:46:04.000,,NYPD,Noise - Street/Sidewalk,Loud Music/Party,In Progress,QUEENS
70076061,2026-08-15T20:46:04.000,2026-08-15T21:14:43.000,NYPD,Noise - Residential,Loud Music/Party,Closed,QUEENS
70078119,2026-08-15T20:46:04.000,2026-08-15T20:57:10.000,NYPD,Illegal Parking,Posted Parking Sign Violation,Closed,BROOKLYN
70082643,2026-08-15T20:46:02.000,2026-08-15T21:38:35.000,NYPD,Noise - Street/Sidewalk,Loud Music/Party,Closed,MANHATTAN
70073267,2026-08-15T20:45:59.000,2026-08-15T20:57:19.000,NYPD,Noise - Residential,Banging/Pounding,Closed,BRONX
70076852,2026-08-15T20:45:53.000,2026-08-15T20:57:08.000,NYPD,Illegal Fireworks,N/A,Closed,BROOKLYN
70072760,2026-08-15T20:45:52.000,,NYPD,Noise - Street/Sidewalk,Loud Music/Party,In Progress,BROOKLYN
70073886,2026-08-15T20:45:44.000,2026-08-15T21:33:28.000,NYPD,Noise - Residential,Loud Music/Party,Closed,BRONX
70078961,2026-08-15T20:45:41.000,,DEP,Lead,Lead Kit,In Progress,BRONX
70072646,2026-08-15T20:45:10.000,2026-08-15T22:23:56.000,NYPD,Noise - Street/Sidewalk,Loud Music/Party,Closed,BRONX
70075060,2026-08-15T20:45:00.000,2026-08-15T21:50:00.000,DOT,Traffic Signal Condition,Vehicle Signal,Closed,BRONX
70082559,2026-08-15T20:44:51.000,2026-08-16T01:07:57.000,NYPD,Noise - Residential,Loud Music/Party,Closed,STATEN ISLAND
70078591,2026-08-15T20:44:42.000,2026-08-16T00:17:26.000,NYPD,Illegal Parking,Double Parked Blocking Vehicle,Closed,QUEENS
70080359,2026-08-15T20:44:36.000,2026-08-15T21:00:30.000,NYPD,Noise - Residential,Banging/Pounding,Closed,BRONX
70080310,2026-08-15T20:44:32.000,2026-08-15T20:45:54.000,NYPD,Noise - Vehicle,Car/Truck Music,Closed,BRONX
70078723,2026-08-15T20:44:32.000,2026-08-15T22:07:17.000,NYPD,Noise - Street/Sidewalk,Loud Music/Party,Closed,MANHATTAN
70082313,2026-08-15T20:44:28.000,2026-08-15T21:43:40.000,NYPD,Noise - Residential,Loud Music/Party,Closed,QUEENS
70073905,2026-08-15T20:44:17.000,2026-08-15T21:03:32.000,NYPD,Illegal Parking,Blocked Hydrant,Closed,BRONX
70076656,2026-08-15T20:43:50.000,2026-08-15T21:04:51.000,NYPD,Noise - Residential,Loud Music/Party,Closed,BROOKLYN
70082367,2026-08-15T20:43:45.000,2026-08-15T21:38:08.000,NYPD,Noise - Residential,Banging/Pounding,Closed,QUEENS
70076213,2026-08-15T20:43:37.000,2026-08-15T22:15:21.000,NYPD,Noise - Residential,Loud Music/Party,Closed,MANHATTAN
70074970,2026-08-15T20:43:37.000,,DSNY,Obstruction,Cone,In Progress,QUEENS
70082514,2026-08-15T20:43:26.000,2026-08-15T23:48:11.000,NYPD,Blocked Driveway,Partial Access,Closed,QUEENS
70080449,2026-08-15T20:43:25.000,,NYPD,Illegal Parking,Blocked Hydrant,In Progress,BROOKLYN
70073303,2026-08-15T20:43:20.000,2026-08-15T21:18:51.000,NYPD,Noise - Residential,Loud Music/Party,Closed,QUEENS
70080523,2026-08-15T20:43:01.000,2026-08-15T20:51:21.000,NYPD,Animal-Abuse,Other (complaint details),Closed,BROOKLYN
70082749,2026-08-15T20:42:54.000,2026-08-15T22:10:40.000,NYPD,Illegal Parking,Commercial Overnight Parking,Closed,QUEENS
70081783,2026-08-15T20:42:52.000,2026-08-15T20:47:21.000,NYPD,Noise - Residential,Banging/Pounding,Closed,BRONX
70074635,2026-08-15T20:42:48.000,2026-08-15T21:07:52.000,NYPD,Noise - Residential,Loud Music/Party,Closed,QUEENS
70076132,2026-08-15T20:42:45.000,2026-08-15T21:54:20.000,NYPD,Noise - Residential,Loud Music/Party,Closed,MANHATTAN
70079740,2026-08-15T20:42:38.000,2026-08-15T21:18:50.000,NYPD,Noise - Residential,Loud Music/Party,Closed,QUEENS
70074767,2026-08-15T20:42:34.000,2026-08-15T20:51:42.000,NYPD,Noise - Vehicle,Engine Idling,Closed,QUEENS
70082748,2026-08-15T20:42:30.000,2026-08-15T21:11:11.000,NYPD,Noise - Residential,Loud Music/Party,Closed,QUEENS
70077387,2026-08-15T20:42:29.000,2026-08-16T00:46:55.000,NYPD,Illegal Parking,License Plate Obscured,Closed,MANHATTAN
70077361,2026-08-15T20:42:29.000,,NYPD,Illegal Parking,Blocked Hydrant,In Progress,STATEN ISLAND
70081389,2026-08-15T20:42:15.000,,DSNY,Illegal Dumping,Removal Request,In Progress,BROOKLYN
70079232,2026-08-15T20:42:12.000,2026-08-15T21:11:10.000,NYPD,Noise - Street/Sidewalk,Loud Music/Party,Closed,BROOKLYN
70080369,2026-08-15T20:42:11.000,2026-08-15T21:07:52.000,NYPD,Noise - Residential,Loud Music/Party,Closed,BRONX
70077180,2026-08-15T20:42:08.000,2026-08-15T21:50:49.000,NYPD,Illegal Parking,Double Parked Blocking Traffic,Closed,QUEENS
70074760,2026-08-15T20:42:05.000,2026-08-15T21:14:43.000,NYPD,Noise - Residential,Loud Music/Party,Closed,QUEENS
70082689,2026-08-15T20:41:36.000,,DSNY,Dead Animal,Cat,In Progress,BROOKLYN
70073830,2026-08-15T20:41:11.000,,DEP,Water Maintenance,Fire Hydrant Running Full,In Progress,MANHATTAN
70074032,2026-08-15T20:41:04.000,2026-08-16T00:33:54.000,NYPD,Noise - Residential,Banging/Pounding,Closed,BRONX
70081309,2026-08-15T20:40:41.000,2026-08-15T22:48:22.000,NYPD,Noise - Street/Sidewalk,Loud Music/Party,Closed,MANHATTAN
70079607,2026-08-15T20:40:41.000,2026-08-15T22:17:27.000,DHS,Homeless Person Assistance,Non-Chronic,Closed,BRONX
70076851,2026-08-15T20:40:15.000,2026-08-15T20:53:46.000,NYPD,Illegal Fireworks,N/A,Closed,BROOKLYN
70072832,2026-08-15T20:40:13.000,2026-08-15T21:20:20.000,NYPD,Noise - Residential,Loud Music/Party,Closed,BROOKLYN
70073364,2026-08-15T20:40:11.000,2026-08-15T21:50:14.000,NYPD,Noise - Residential,Loud Music/Party,Closed,QUEENS
70076569,2026-08-15T20:40:04.000,2026-08-15T21:11:10.000,NYPD,Noise - Residential,Loud Music/Party,Closed,BRONX
70080602,2026-08-15T20:39:52.000,2026-08-15T21:29:40.000,NYPD,Noise - Street/Sidewalk,Loud Music/Party,Closed,BROOKLYN
70081223,2026-08-15T20:39:17.000,2026-08-15T21:14:41.000,NYPD,Illegal Parking,Blocked Sidewalk,Closed,MANHATTAN
70077767,2026-08-15T20:39:07.000,2026-08-15T22:00:57.000,NYPD,Illegal Parking,Double Parked Blocking Traffic,Closed,BRONX
70076554,2026-08-15T20:39:03.000,2026-08-15T21:18:51.000,NYPD,Noise - Street/Sidewalk,Loud Music/Party,Closed,BRONX
70082544,2026-08-15T20:39:02.000,2026-08-16T01:03:29.000,NYPD,Noise - Residential,Loud Music/Party,Closed,STATEN ISLAND
70079180,2026-08-15T20:38:57.000,2026-08-15T22:22:03.000,NYPD,Noise - Park,Loud Music/Party,Closed,MANHATTAN
70074254,2026-08-15T20:38:54.000,2026-08-15T22:10:28.000,NYPD,Illegal Parking,Double Parked Blocking Vehicle,Closed,BROOKLYN
70081251,2026-08-15T20:38:49.000,2026-08-15T20:51:38.000,NYPD,Noise - Street/Sidewalk,Loud Music/Party,Closed,MANHATTAN
70079718,2026-08-15T20:38:48.000,2026-08-15T21:26:34.000,NYPD,Illegal Parking,Double Parked Blocking Traffic,Closed,QUEENS
70075904,2026-08-15T20:38:41.000,2026-08-15T21:28:52.000,NYPD,Noise - Residential,Loud Music/Party,Closed,QUEENS
70080708,2026-08-15T20:38:30.000,,DOHMH,Food Establishment,Food Worker Hygiene,In Progress,BROOKLYN
70079925,2026-08-15T20:38:29.000,2026-08-15T21:23:55.000,NYPD,Noise - Residential,Banging/Pounding,Closed,MANHATTAN
70082279,2026-08-15T20:38:18.000,,DPR,Damaged Tree,Branch or Limb Has Fallen Down,In Progress,QUEENS
70077869,2026-08-15T20:38:12.000,2026-08-15T21:03:31.000,NYPD,Noise - Street/Sidewalk,Loud Music/Party,Closed,BRONX
70075609,2026-08-15T20:38:08.000,2026-08-15T20:51:19.000,NYPD,Illegal Parking,Posted Parking Sign Violation,Closed,BROOKLYN
70080995,2026-08-15T20:38:05.000,2026-08-15T21:18:50.000,NYPD,Noise - Residential,Loud Music/Party,Closed,QUEENS
70078222,2026-08-15T20:37:42.000,,HPD,WATER LEAK,DAMP SPOT,Open,QUEENS
70072667,2026-08-15T20:37:41.000,,NYPD,Noise - Residential,Loud Music/Party,In Progress,BRONX
70076846,2026-08-15T20:37:28.000,2026-08-15T20:57:12.000,NYPD,Noise - Residential,Loud Music/Party,Closed,BROOKLYN
70081987,2026-08-15T20:37:16.000,2026-08-15T21:34:55.000,NYPD,Noise - Residential,Loud Music/Party,Closed,BROOKLYN
70075909,2026-08-15T20:37:09.000,2026-08-15T21:04:27.000,NYPD,Noise - Residential,Loud Music/Party,Closed,QUEENS
70074313,2026-08-15T20:37:06.000,2026-08-15T21:36:49.000,NYPD,Illegal Parking,Blocked Sidewalk,Closed,BROOKLYN
70076936,2026-08-15T20:37:00.000,,DOT,Street Light Condition,Street Light Out,Open,QUEENS
70075966,2026-08-15T20:37:00.000,2026-08-15T23:32:29.000,NYPD,Noise - Street/Sidewalk,Loud Music/Party,Closed,QUEENS
70078606,2026-08-15T20:36:59.000,2026-08-15T20:54:08.000,NYPD,Illegal Parking,Blocked Hydrant,Closed,QUEENS
70073504,2026-08-15T20:36:52.000,2026-08-16T00:05:08.000,NYPD,Noise - Residential,Loud Music/Party,Closed,STATEN ISLAND
70075493,2026-08-15T20:36:49.000,2026-08-15T21:32:46.000,NYPD,Noise - Street/Sidewalk,Loud Music/Party,Closed,BROOKLYN
70076315,2026-08-15T20:36:46.000,2026-08-15T20:51:21.000,NYPD,Noise - Residential,Loud Music/Party,Closed,QUEENS
70079882,2026-08-15T20:36:40.000,,NYPD,Noise - Street/Sidewalk,Loud Music/Party,In Progress,MANHATTAN
70076634,2026-08-15T20:36:33.000,,NYPD,Noise - Street/Sidewalk,Loud Talking,In Progress,BROOKLYN
70076870,2026-08-15T20:36:31.000,2026-08-15T20:51:21.000,NYPD,Illegal Parking,Posted Parking Sign Violation,Closed,BROOKLYN
70078722,2026-08-15T20:36:18.000,2026-08-15T22:17:01.000,NYPD,Noise - Street/Sidewalk,Loud Music/Party,Closed,MANHATTAN
70077568,2026-08-15T20:36:11.000,,DOT,Street Condition,Pothole,Open,QUEENS
70073933,2026-08-15T20:36:03.000,2026-08-16T00:49:40.000,NYPD,Blocked Driveway,No Access,Closed,BRONX
70082532,2026-08-15T20:36:00.000,2026-08-15T20:57:10.000,NYPD,Noise - Street/Sidewalk,Loud Talking,Closed,STATEN ISLAND
70076939,2026-08-15T20:36:00.000,,DOT,Street Light Condition,Street Light Out,Open,BRONX
70074748,2026-08-15T20:35:52.000,2026-08-15T22:07:22.000,NYPD,Blocked Driveway,No Access,Closed,QUEENS
70076777,2026-08-15T20:35:36.000,,NYPD,Illegal Parking,Blocked Hydrant,In Progress,BROOKLYN
70072975,2026-08-15T20:35:27.000,2026-08-15T20:42:43.000,NYPD,Illegal Parking,Posted Parking Sign Violation,Closed,BROOKLYN
70081821,2026-08-15T20:35:25.000,2026-08-15T20:36:41.000,NYPD,Noise - Residential,Banging/Pounding,Closed,BROOKLYN
70072877,2026-08-15T20:35:16.000,2026-08-15T22:53:01.000,NYPD,Noise - Street/Sidewalk,Loud Music/Party,Closed,BROOKLYN
70073503,2026-08-15T20:35:14.000,2026-08-15T21:35:23.000,NYPD,Noise - Residential,Loud Music/Party,Closed,STATEN ISLAND
70072835,2026-08-15T20:35:07.000,2026-08-15T22:24:31.000,NYPD,Noise - Residential,Banging/Pounding,Closed,BROOKLYN
70080686,2026-08-15T20:35:06.000,2026-08-15T21:00:30.000,NYPD,Noise - Street/Sidewalk,Loud Music/Party,Closed,BROOKLYN
70073563,2026-08-15T20:35:05.000,2026-08-15T20:51:50.000,NYPD,Noise - Street/Sidewalk,Loud Music/Party,Closed,MANHATTAN
70080308,2026-08-15T20:34:54.000,2026-08-15T20:51:20.000,NYPD,Animal-Abuse,Tortured,Closed,BRONX
70074771,2026-08-15T20:34:52.000,2026-08-15T22:22:28.000,NYPD,Noise - Residential,Loud Music/Party,Closed,QUEENS
70078977,2026-08-15T20:34:40.000,,DEP,Water Maintenance,Fire Hydrant Running,In Progress,MANHATTAN
70073610,2026-08-15T20:34:28.000,2026-08-15T22:15:38.000,NYPD,Noise - Residential,Loud Music/Party,Closed,MANHATTAN
70075299,2026-08-15T20:34:14.000,2026-08-15T20:54:04.000,NYPD,Noise - Residential,Loud Music/Party,Closed,BRONX
70081718,2026-08-15T20:34:06.000,2026-08-15T21:34:33.000,NYPD,Noise - Street/Sidewalk,Loud Music/Party,Closed,BRONX
70081512,2026-08-15T20:34:04.000,2026-08-15T21:05:11.000,DOHMH,Mosquitoes,Large Number of Mosquitoes,Closed,STATEN ISLAND
70078777,2026-08-15T20:34:02.000,2026-08-16T01:23:46.000,DHS,Encampment,N/A,Closed,MANHATTAN
70078406,2026-08-15T20:34:02.000,2026-08-15T21:04:13.000,NYPD,Encampment,N/A,Closed,MANHATTAN
70074941,2026-08-15T20:33:54.000,2026-08-15T20:47:20.000,NYPD,Noise - Residential,Loud Music/Party,Closed,BRONX
70074246,2026-08-15T20:33:50.000,2026-08-15T21:14:41.000,NYPD,Noise - Street/Sidewalk,Loud Music/Party,Closed,BROOKLYN
70076917,2026-08-15T20:33:44.000,2026-08-15T20:33:44.000,DOB,General Construction/Plumbing,Curb Cut/Driveway/Carport - Illegal,Open,BROOKLYN
70082048,2026-08-15T20:33:32.000,2026-08-15T20:51:22.000,NYPD,Blocked Driveway,No Access,Closed,BROOKLYN
70079410,2026-08-15T20:33:17.000,2026-08-15T21:34:02.000,NYPD,Noise - Residential,Loud Music/Party,Closed,MANHATTAN
70073952,2026-08-15T20:33:15.000,2026-08-15T21:32:40.000,NYPD,Noise - Street/Sidewalk,Loud Music/Party,Closed,BRONX
70073967,2026-08-15T20:33:02.000,2026-08-15T21:07:52.000,NYPD,Noise - Street/Sidewalk,Loud Music/Party,Closed,BRONX
70076357,2026-08-15T20:33:02.000,,DSNY,Graffiti,Graffiti,Open,BROOKLYN
70078079,2026-08-15T20:32:51.000,2026-08-15T21:29:09.000,NYPD,Noise - Residential,Loud Music/Party,Closed,BROOKLYN
70073029,2026-08-15T20:32:48.000,,TLC,Taxi Complaint,Driver Complaint - Non Passenger,In Progress,MANHATTAN
70082555,2026-08-15T20:32:47.000,,NYPD,Noise - Residential,Loud Music/Party,In Progress,STATEN ISLAND
70079095,2026-08-15T20:32:45.000,2026-08-15T20:47:11.000,NYPD,Noise - Street/Sidewalk,Loud Music/Party,Closed,BRONX
70075152,2026-08-15T20:32:43.000,,DEP,Air Quality,Restaurant Odor,In Progress,MANHATTAN
70079420,2026-08-15T20:32:40.000,2026-08-15T20:51:19.000,NYPD,Noise - Residential,Loud Music/Party,Closed,BROOKLYN
70078388,2026-08-15T20:32:40.000,2026-08-15T21:34:32.000,NYPD,Illegal Parking,Blocked Sidewalk,Closed,BRONX
70074171,2026-08-15T20:32:39.000,,DOT,Street Condition,Line/Marking - After Repaving,In Progress,STATEN ISLAND
70081843,2026-08-15T20:32:30.000,2026-08-15T22:03:44.000,NYPD,Noise - Residential,Loud Music/Party,Closed,BROOKLYN
70082141,2026-08-15T20:32:29.000,,HPD,WATER LEAK,HEAVY FLOW,Open,BRONX
70080198,2026-08-15T20:32:12.000,2026-08-15T20:36:32.000,DPR,Violation of Park Rules,Obstructing Public Use,Closed,BROOKLYN
70078074,2026-08-15T20:32:04.000,2026-08-15T21:28:51.000,NYPD,Noise - Street/Sidewalk,Loud Music/Party,Closed,BROOKLYN
70076340,2026-08-15T20:32:00.000,2026-08-15T21:50:00.000,DOT,Traffic Signal Condition,Controller,Closed,BRONX
70079112,2026-08-15T20:31:47.000,2026-08-15T23:14:55.000,NYPD,Illegal Parking,Posted Parking Sign Violation,Closed,BRONX
70075521,2026-08-15T20:31:42.000,2026-08-15T23:31:22.000,NYPD,Noise - Residential,Loud Music/Party,Closed,BROOKLYN
70078624,2026-08-15T20:31:35.000,,NYPD,Illegal Parking,Commercial Overnight Parking,In Progress,STATEN ISLAND
70072816,2026-08-15T20:31:16.000,2026-08-15T20:57:08.000,NYPD,Illegal Parking,Double Parked Blocking Vehicle,Closed,BROOKLYN
70075885,2026-08-15T20:31:13.000,2026-08-15T20:57:15.000,NYPD,Noise - Street/Sidewalk,Loud Talking,Closed,QUEENS
70081842,2026-08-15T20:31:06.000,2026-08-15T21:53:31.000,NYPD,Noise - Residential,Loud Music/Party,Closed,BROOKLYN
70079771,2026-08-15T20:30:59.000,2026-08-16T01:34:34.000,NYPD,Illegal Parking,Parking Permit Improper Use,Closed,QUEENS
70082651,2026-08-15T20:30:58.000,2026-08-15T21:32:40.000,NYPD,Noise - Residential,Loud Music/Party,Closed,BRONX
70077466,2026-08-15T20:30:51.000,,NYPD,Illegal Parking,Posted Parking Sign Violation,In Progress,MANHATTAN
70082652,2026-08-15T20:30:47.000,2026-08-15T20:47:07.000,NYPD,Noise - Commercial,Loud Music/Party,Closed,BRONX
70072492,2026-08-15T20:30:43.000,2026-08-15T20:30:43.000,DOB,Building/Use,Illegal Conversion Of Residential Building/Space,Open,BRONX
70074951,2026-08-15T20:30:39.000,,DPR,Maintenance or Facility,Graffiti or Vandalism,In Progress,STATEN ISLAND
70072511,2026-08-15T20:30:39.000,2026-08-15T20:57:24.000,DPR,Violation of Park Rules,BBQ Outside Authorized Area,Closed,QUEENS
70076768,2026-08-15T20:30:28.000,2026-08-15T21:26:00.000,NYPD,Noise - Street/Sidewalk,Loud Music/Party,Closed,BROOKLYN
70082590,2026-08-15T20:30:25.000,2026-08-15T20:53:38.000,NYPD,Noise - Vehicle,Car/Truck Music,Closed,MANHATTAN
70081711,2026-08-15T20:30:23.000,2026-08-15T23:19:04.000,NYPD,Non-Emergency Police Matter,Other (complaint details),Closed,BRONX
70072869,2026-08-15T20:30:17.000,,DOT,Street Condition,Cave-in,In Progress,QUEENS
70079849,2026-08-15T20:30:11.000,2026-08-15T20:42:48.000,NYPD,Noise - Vehicle,Car/Truck Horn,Closed,QUEENS
70074248,2026-08-15T20:30:08.000,2026-08-15T21:14:42.000,NYPD,Noise - Street/Sidewalk,Loud Music/Party,Closed,BROOKLYN
70079605,2026-08-15T20:29:53.000,2026-08-16T01:06:22.000,DHS,Homeless Person Assistance,Non-Chronic,Closed,MANHATTAN
70073712,2026-08-15T20:29:52.000,,DSNY,Dirty Condition,Trash,In Progress,BRONX
70080652,2026-08-15T20:29:11.000,2026-08-15T20:53:56.000,NYPD,Illegal Fireworks,N/A,Closed,BROOKLYN
70080807,2026-08-15T20:29:00.000,,HPD,UNSANITARY CONDITION,MOLD,Open,QUEENS
70079513,2026-08-15T20:29:00.000,,HPD,UNSANITARY CONDITION,PESTS,Open,QUEENS
70073092,2026-08-15T20:29:00.000,,HPD,UNSANITARY CONDITION,PESTS,Open,QUEENS
70081227,2026-08-15T20:28:40.000,2026-08-15T21:41:48.000,NYPD,Encampment,N/A,Closed,MANHATTAN
70081226,2026-08-15T20:28:30.000,2026-08-16T00:39:37.000,NYPD,Illegal Parking,Posted Parking Sign Violation,Closed,MANHATTAN
70078363,2026-08-15T20:28:21.000,2026-08-15T21:41:29.000,NYPD,Noise - Street/Sidewalk,Loud Music/Party,Closed,BROOKLYN
70076868,2026-08-15T20:28:17.000,2026-08-15T20:39:40.000,NYPD,Blocked Driveway,No Access,Closed,BROOKLYN
70075942,2026-08-15T20:28:15.000,2026-08-15T21:51:53.000,NYPD,Noise - Park,Loud Music/Party,Closed,QUEENS
70080653,2026-08-15T20:28:12.000,2026-08-15T20:57:09.000,NYPD,Illegal Fireworks,N/A,Closed,BROOKLYN
70077191,2026-08-15T20:28:09.000,2026-08-15T21:14:42.000,NYPD,Noise - Residential,Loud Music/Party,Closed,QUEENS
70079130,2026-08-15T20:28:01.000,2026-08-15T22:28:53.000,NYPD,Noise - Street/Sidewalk,Loud Music/Party,Closed,BRONX
70075996,2026-08-15T20:28:00.000,2026-08-15T21:28:33.000,NYPD,Noise - Vehicle,Car/Truck Horn,Closed,QUEENS
70079798,2026-08-15T20:27:54.000,2026-08-15T21:54:32.000,NYPD,Noise - Street/Sidewalk,Loud Music/Party,Closed,QUEENS
70078622,2026-08-15T20:27:45.000,,NYPD,Noise - Residential,Loud Music/Party,In Progress,STATEN ISLAND
70081264,2026-08-15T20:27:40.000,2026-08-15T21:24:06.000,NYPD,Noise - Street/Sidewalk,Loud Music/Party,Closed,MANHATTAN
70080482,2026-08-15T20:27:38.000,2026-08-15T22:01:24.000,NYPD,Noise - Residential,Loud Music/Party,Closed,BROOKLYN
70076164,2026-08-15T20:27:37.000,2026-08-15T20:48:07.000,NYPD,Noise - Street/Sidewalk,Loud Music/Party,Closed,MANHATTAN
70079969,2026-08-15T20:27:32.000,2026-08-15T23:18:36.000,NYPD,Illegal Parking,Double Parked Blocking Traffic,Closed,MANHATTAN
70073385,2026-08-15T20:27:29.000,,NYPD,Noise - Vehicle,Engine Idling,In Progress,QUEENS
70081569,2026-08-15T20:27:27.000,,DEP,Water Maintenance,Fire Hydrant Running,In Progress,MANHATTAN
70080353,2026-08-15T20:27:08.000,2026-08-15T20:42:43.000,NYPD,Noise - Street/Sidewalk,Loud Music/Party,Closed,BRONX
70075529,2026-08-15T20:27:08.000,2026-08-15T21:38:02.000,NYPD,Illegal Parking,Blocked Sidewalk,Closed,BROOKLYN
70076544,2026-08-15T20:26:53.000,2026-08-15T20:37:43.000,NYPD,Noise - Street/Sidewalk,Loud Music/Party,Closed,BRONX
70078128,2026-08-15T20:26:52.000,2026-08-15T21:55:55.000,NYPD,Illegal Parking,Double Parked Blocking Vehicle,Closed,MANHATTAN
70074813,2026-08-15T20:26:46.000,2026-08-15T21:35:23.000,NYPD,Noise - Residential,Loud Music/Party,Closed,STATEN ISLAND
70077485,2026-08-15T20:26:45.000,2026-08-15T20:46:48.000,NYPD,Illegal Parking,Blocked Hydrant,Closed,BRONX
70074003,2026-08-15T20:26:36.000,2026-08-15T23:03:52.000,NYPD,Noise - Residential,Loud Music/Party,Closed,BRONX
70079699,2026-08-15T20:26:30.000,2026-08-15T20:28:44.000,NYPD,Noise - Residential,Loud Music/Party,Closed,QUEENS
70081233,2026-08-15T20:26:30.000,2026-08-15T21:12:26.000,NYPD,Noise - Street/Sidewalk,Loud Music/Party,Closed,MANHATTAN
70080108,2026-08-15T20:26:22.000,2026-08-15T20:26:22.000,DOT,Street Condition,Pothole,Closed,BROOKLYN
70074144,2026-08-15T20:26:17.000,2026-08-15T21:43:31.000,NYPD,Illegal Parking,Blocked Crosswalk,Closed,BROOKLYN
70073286,2026-08-15T20:26:12.000,2026-08-15T20:51:19.000,NYPD,Panhandling,N/A,Closed,QUEENS
70082717,2026-08-15T20:26:06.000,,DSNY,Dirty Condition,Trash,In Progress,BRONX
70077432,2026-08-15T20:26:03.000,2026-08-15T20:47:43.000,NYPD,Noise - Street/Sidewalk,Loud Music/Party,Closed,MANHATTAN
70076514,2026-08-15T20:26:00.000,2026-08-15T22:27:46.000,NYPD,Noise - Residential,Banging/Pounding,Closed,BRONX
70081252,2026-08-15T20:25:59.000,2026-08-15T20:52:06.000,NYPD,Noise - Street/Sidewalk,Loud Music/Party,Closed,MANHATTAN
70081846,2026-08-15T20:25:57.000,2026-08-15T22:40:54.000,NYPD,Noise - Street/Sidewalk,Loud Music/Party,Closed,BROOKLYN
70080333,2026-08-15T20:25:44.000,2026-08-15T21:39:05.000,NYPD,Noise - Commercial,Banging/Pounding,Closed,BRONX
70073555,2026-08-15T20:25:42.000,2026-08-15T21:18:53.000,NYPD,Noise - Street/Sidewalk,Loud Music/Party,Closed,MANHATTAN
70073037,2026-08-15T20:25:24.000,,TLC,Lost Property,Bag/Wallet,In Progress,QUEENS
70072915,2026-08-15T20:25:17.000,2026-08-15T22:08:15.000,NYPD,Noise - Street/Sidewalk,Loud Music/Party,Closed,BROOKLYN
70081268,2026-08-15T20:25:08.000,2026-08-15T20:47:40.000,NYPD,Noise - Street/Sidewalk,Loud Music/Party,Closed,MANHATTAN
70080578,2026-08-15T20:24:56.000,,NYPD,Noise - Residential,Loud Music/Party,In Progress,BROOKLYN
70082613,2026-08-15T20:24:55.000,2026-08-15T21:59:31.000,NYPD,Illegal Parking,Double Parked Blocking Traffic,Closed,MANHATTAN
70073187,2026-08-15T20:24:44.000,,DHS,Homeless Person Assistance,Non-Chronic,In Progress,MANHATTAN
70082638,2026-08-15T20:24:32.000,2026-08-15T23:15:51.000,NYPD,Noise - Street/Sidewalk,Loud Music/Party,Closed,MANHATTAN
70075449,2026-08-15T20:24:21.000,2026-08-15T22:31:20.000,NYPD,Noise - Residential,Banging/Pounding,Closed,BROOKLYN
70076256,2026-08-15T20:24:20.000,,DSNY,Dead Animal,Rat or Mouse,In Progress,MANHATTAN
70077246,2026-08-15T20:24:04.000,,NYPD,Blocked Driveway,No Access,In Progress,QUEENS
70079799,2026-08-15T20:23:54.000,2026-08-15T21:54:32.000,NYPD,Noise - Street/Sidewalk,Loud Music/Party,Closed,QUEENS
70074149,2026-08-15T20:23:45.000,2026-08-15T21:23:55.000,NYPD,Blocked Driveway,No Access,Closed,BROOKLYN
70081040,2026-08-15T20:23:43.000,2026-08-15T20:57:08.000,NYPD,Illegal Fireworks,N/A,Closed,QUEENS
70081708,2026-08-15T20:23:32.000,2026-08-15T22:20:35.000,NYPD,Blocked Driveway,No Access,Closed,BRONX
70078747,2026-08-15T20:23:29.000,2026-08-15T20:47:21.000,NYPD,Noise - Residential,Loud Music/Party,Closed,BRONX
70075285,2026-08-15T20:23:24.000,2026-08-15T20:46:27.000,NYPD,Noise - Street/Sidewalk,Loud Music/Party,Closed,BRONX
70075718,2026-08-15T20:23:10.000,,HPD,WATER LEAK,HEAVY FLOW,Open,BRONX
70077479,2026-08-15T20:23:00.000,2026-08-15T20:46:01.000,NYPD,Noise - Street/Sidewalk,Loud Music/Party,Closed,BRONX
70077335,2026-08-15T20:22:54.000,2026-08-15T22:37:47.000,NYPD,Illegal Parking,Blocked Sidewalk,Closed,QUEENS
70076206,2026-08-15T20:22:54.000,2026-08-15T23:14:57.000,NYPD,Noise - Street/Sidewalk,Loud Music/Party,Closed,MANHATTAN
70079096,2026-08-15T20:22:36.000,2026-08-15T20:47:25.000,NYPD,Noise - Street/Sidewalk,Loud Music/Party,Closed,BRONX
70081293,2026-08-15T20:22:32.000,2026-08-15T23:31:22.000,NYPD,Noise - Residential,Loud Talking,Closed,MANHATTAN
70077212,2026-08-15T20:22:19.000,2026-08-15T21:45:52.000,NYPD,Noise - Residential,Loud Music/Party,Closed,QUEENS
70077851,2026-08-15T20:22:18.000,2026-08-15T20:33:37.000,NYPD,Noise - Vehicle,Car/Truck Music,Closed,BRONX
70081852,2026-08-15T20:21:54.000,2026-08-15T21:11:10.000,NYPD,Noise - Street/Sidewalk,Loud Music/Party,Closed,BROOKLYN
70081052,2026-08-15T20:21:46.000,,NYPD,Illegal Parking,Blocked Hydrant,In Progress,QUEENS
70076398,2026-08-15T20:21:42.000,2026-08-15T20:21:42.000,DOB,Building/Use,Illegal Conversion Of Residential Building/Space,Open,QUEENS
70076112,2026-08-15T20:21:38.000,2026-08-15T21:35:23.000,NYPD,Noise - Residential,Loud Music/Party,Closed,STATEN ISLAND
70074370,2026-08-15T20:21:33.000,,DCWP,Consumer Complaint,Garage or Parking Lot,In Progress,QUEENS
70080001,2026-08-15T20:21:13.000,2026-08-15T20:47:22.000,NYPD,Noise - Residential,Loud Music/Party,Closed,BRONX
70082637,2026-08-15T20:21:00.000,2026-08-15T23:06:53.000,NYPD,Noise - Street/Sidewalk,Loud Music/Party,Closed,MANHATTAN
70078661,2026-08-15T20:21:00.000,2026-08-15T21:11:56.000,NYPD,Noise - Street/Sidewalk,Loud Music/Party,Closed,MANHATTAN
70079857,2026-08-15T20:20:54.000,2026-08-15T22:20:37.000,NYPD,Illegal Parking,Blocked Hydrant,Closed,QUEENS
70075540,2026-08-15T20:20:40.000,2026-08-15T22:38:54.000,NYPD,Noise - House of Worship,Banging/Pounding,Closed,BROOKLYN
70080434,2026-08-15T20:20:39.000,2026-08-15T20:25:25.000,NYPD,Noise - Residential,Loud Music/Party,Closed,MANHATTAN
70079173,2026-08-15T20:20:30.000,2026-08-15T20:57:09.000,NYPD,Noise - Street/Sidewalk,Loud Music/Party,Closed,BRONX
70072882,2026-08-15T20:20:30.000,2026-08-15T20:31:58.000,NYPD,Noise - Street/Sidewalk,Loud Music/Party,Closed,BROOKLYN
70078010,2026-08-15T20:20:19.000,2026-08-15T20:36:38.000,NYPD,Illegal Parking,Double Parked Blocking Vehicle,Closed,BROOKLYN
70077154,2026-08-15T20:20:09.000,2026-08-15T20:32:02.000,NYPD,Noise - Residential,Loud Music/Party,Closed,QUEENS
70073609,2026-08-15T20:19:51.000,2026-08-15T21:15:17.000,NYPD,Noise - Street/Sidewalk,Loud Music/Party,Closed,MANHATTAN
70075776,2026-08-15T20:19:35.000,,HPD,HEAT/HOT WATER,ENTIRE BUILDING,Open,BROOKLYN
70077117,2026-08-15T20:19:34.000,2026-08-15T21:50:16.000,NYPD,Abandoned Vehicle,With License Plate,Closed,MANHATTAN
70073966,2026-08-15T20:19:34.000,2026-08-15T21:28:08.000,NYPD,Noise - Street/Sidewalk,Loud Music/Party,Closed,BRONX
70075530,2026-08-15T20:19:27.000,2026-08-15T20:32:26.000,NYPD,Noise - Vehicle,Car/Truck Music,Closed,BROOKLYN
70081559,2026-08-15T20:19:26.000,,DEP,Water Maintenance,Fire Hydrant Running Full,In Progress,BRONX
70075277,2026-08-15T20:19:20.000,2026-08-15T21:45:40.000,NYPD,Noise - Vehicle,Car/Truck Music,Closed,BRONX
70077794,2026-08-15T20:19:19.000,2026-08-15T20:45:11.000,NYPD,Noise - Street/Sidewalk,Loud Music/Party,Closed,BRONX
70077516,2026-08-15T20:19:15.000,,DSNY,Missed Collection,Compost,In Progress,BRONX
70072704,2026-08-15T20:19:15.000,2026-08-15T21:36:48.000,NYPD,Noise - Street/Sidewalk,Loud Music/Party,Closed,BRONX
70077800,2026-08-15T20:18:56.000,2026-08-15T20:42:52.000,NYPD,Noise - Residential,Loud Music/Party,Closed,BRONX
70077195,2026-08-15T20:18:54.000,2026-08-16T01:18:39.000,NYPD,Noise - Commercial,Loud Music/Party,Closed,QUEENS
70076920,2026-08-15T20:18:52.000,,DCWP,Consumer Complaint,Used Car Dealer,In Progress,QUEENS
70075175,2026-08-15T20:18:52.000,,DEP,Water Maintenance,Fire Hydrant Running,In Progress,BROOKLYN
70080356,2026-08-15T20:18:51.000,2026-08-15T21:11:10.000,NYPD,Noise - Street/Sidewalk,Loud Music/Party,Closed,BRONX
70077391,2026-08-15T20:18:45.000,2026-08-15T22:10:35.000,NYPD,Illegal Parking,Double Parked Blocking Traffic,Closed,MANHATTAN
70074076,2026-08-15T20:18:43.000,,NYPD,Noise - Residential,Loud Talking,In Progress,BROOKLYN
70081235,2026-08-15T20:18:36.000,2026-08-15T21:11:19.000,NYPD,Noise - Street/Sidewalk,Loud Music/Party,Closed,MANHATTAN
70078627,2026-08-15T20:18:36.000,2026-08-16T01:29:01.000,NYPD,Noise - Commercial,Loud Music/Party,Closed,STATEN ISLAND
70072976,2026-08-15T20:18:33.000,2026-08-15T20:42:44.000,NYPD,Illegal Parking,Posted Parking Sign Violation,Closed,BROOKLYN
70079844,2026-08-15T20:18:29.000,2026-08-16T00:27:05.000,NYPD,Noise - Residential,Loud Music/Party,Closed,QUEENS
70073030,2026-08-15T20:18:29.000,,TLC,Taxi Complaint,Driver Complaint - Non Passenger,In Progress,MANHATTAN
70074708,2026-08-15T20:18:24.000,2026-08-15T21:03:32.000,NYPD,Illegal Parking,Blocked Hydrant,Closed,QUEENS
70080400,2026-08-15T20:18:04.000,2026-08-16T00:54:39.000,NYPD,Noise - Commercial,Loud Music/Party,Closed,MANHATTAN
70079476,2026-08-15T20:18:00.000,,DOT,Street Light Condition,Street Light Out,Open,BRONX
70078210,2026-08-15T20:17:48.000,,DOHMH,Food Poisoning,1 or 2,In Progress,QUEENS
70075963,2026-08-15T20:17:38.000,2026-08-15T20:31:59.000,NYPD,Noise - Street/Sidewalk,Loud Music/Party,Closed,QUEENS
70072867,2026-08-15T20:17:38.000,,DOT,Street Condition,Failed Street Repair,In Progress,QUEENS
70075173,2026-08-15T20:17:33.000,,DEP,Water Maintenance,Fire Hydrant Running,In Progress,QUEENS
70074086,2026-08-15T20:17:28.000,2026-08-15T20:36:40.000,NYPD,Noise - Residential,Banging/Pounding,Closed,BROOKLYN
70078365,2026-08-15T20:17:21.000,2026-08-15T21:54:35.000,NYPD,Illegal Parking,Posted Parking Sign Violation,Closed,BROOKLYN
70076082,2026-08-15T20:17:21.000,2026-08-15T21:24:14.000,NYPD,Illegal Parking,Blocked Sidewalk,Closed,QUEENS
70076796,2026-08-15T20:16:46.000,2026-08-15T20:32:20.000,NYPD,Noise - Vehicle,Car/Truck Music,Closed,BROOKLYN
70081206,2026-08-15T20:16:44.000,2026-08-15T23:43:08.000,NYPD,Illegal Parking,Posted Parking Sign Violation,Closed,STATEN ISLAND
70077528,2026-08-15T20:16:40.000,,DSNY,Illegal Dumping,Removal Request,In Progress,BRONX
70073142,2026-08-15T20:16:37.000,,HPD,HEAT/HOT WATER,ENTIRE BUILDING,Open,BROOKLYN
70076286,2026-08-15T20:16:31.000,,DSNY,Illegal Dumping,Removal Request,In Progress,BRONX
70081784,2026-08-15T20:16:28.000,2026-08-15T20:33:15.000,NYPD,Noise - Residential,Banging/Pounding,Closed,BRONX
70074873,2026-08-15T20:16:23.000,2026-08-15T20:51:18.000,NYPD,Noise - Street/Sidewalk,Loud Music/Party,Closed,MANHATTAN
70079731,2026-08-15T20:16:22.000,2026-08-15T21:51:42.000,NYPD,Noise - Park,Loud Music/Party,Closed,QUEENS
70080634,2026-08-15T20:16:22.000,2026-08-15T21:28:31.000,NYPD,Noise - Street/Sidewalk,Loud Music/Party,Closed,BROOKLYN
70074224,2026-08-15T20:16:17.000,2026-08-15T20:32:16.000,NYPD,Noise - Residential,Loud Music/Party,Closed,BROOKLYN
70079306,2026-08-15T20:15:57.000,2026-08-15T20:25:02.000,NYPD,Noise - Vehicle,Car/Truck Music,Closed,BROOKLYN
70081626,2026-08-15T20:15:49.000,2026-08-15T20:42:47.000,NYPD,Noise - Street/Sidewalk,Loud Talking,Closed,BRONX
70074045,2026-08-15T20:15:43.000,2026-08-15T21:03:35.000,NYPD,Noise - Street/Sidewalk,Loud Music/Party,Closed,BRONX
70080955,2026-08-15T20:15:40.000,2026-08-15T21:07:51.000,NYPD,Noise - Residential,Loud Talking,Closed,BRONX
70073280,2026-08-15T20:15:22.000,2026-08-15T20:39:38.000,NYPD,Blocked Driveway,No Access,Closed,QUEENS
70080568,2026-08-15T20:15:12.000,2026-08-15T21:32:40.000,NYPD,Noise - Street/Sidewalk,Loud Music/Party,Closed,BROOKLYN
70079302,2026-08-15T20:15:11.000,2026-08-15T21:50:09.000,NYPD,Noise - Residential,Loud Music/Party,Closed,BROOKLYN
70073478,2026-08-15T20:15:10.000,2026-08-16T01:03:31.000,NYPD,Illegal Parking,Posted Parking Sign Violation,Closed,QUEENS
70073471,2026-08-15T20:14:57.000,2026-08-15T20:42:45.000,NYPD,Noise - Street/Sidewalk,Loud Music/Party,Closed,QUEENS
70078725,2026-08-15T20:14:56.000,2026-08-15T22:17:18.000,NYPD,Noise - Street/Sidewalk,Loud Music/Party,Closed,MANHATTAN
70076686,2026-08-15T20:14:40.000,2026-08-16T01:16:34.000,NYPD,Noise - Street/Sidewalk,Loud Music/Party,Closed,BROOKLYN
70080527,2026-08-15T20:14:22.000,2026-08-15T20:45:48.000,NYPD,Noise - Residential,Loud Music/Party,Closed,BROOKLYN
70075873,2026-08-15T20:14:11.000,,NYPD,Illegal Parking,Posted Parking Sign Violation,In Progress,MANHATTAN
70076229,2026-08-15T20:13:58.000,,DPR,Maintenance or Facility,Structure - Outdoors,In Progress,BROOKLYN
70079745,2026-08-15T20:13:55.000,,NYPD,Illegal Parking,Blocked Crosswalk,In Progress,QUEENS
70081205,2026-08-15T20:13:51.000,2026-08-15T23:43:01.000,NYPD,Illegal Parking,Posted Parking Sign Violation,Closed,STATEN ISLAND
70080605,2026-08-15T20:13:37.000,2026-08-15T20:32:45.000,NYPD,Noise - Street/Sidewalk,Loud Music/Party,Closed,BROOKLYN
70081648,2026-08-15T20:13:36.000,2026-08-15T21:00:29.000,NYPD,Blocked Driveway,No Access,Closed,BRONX
70074004,2026-08-15T20:13:23.000,2026-08-15T23:31:18.000,NYPD,Noise - Residential,Banging/Pounding,Closed,BRONX
70076252,2026-08-15T20:13:21.000,,DSNY,Dumpster Complaint,Blocking Sidewalk or Street,In Progress,BROOKLYN
70082693,2026-08-15T20:13:04.000,,DSNY,Dead Animal,Raccoon,In Progress,QUEENS
70075490,2026-08-15T20:13:04.000,,NYPD,Blocked Driveway,No Access,In Progress,BROOKLYN
70078843,2026-08-15T20:12:55.000,,DSNY,Illegal Dumping,Removal Request,In Progress,BRONX
70079464,2026-08-15T20:12:41.000,2026-08-15T20:12:41.000,DOB,General Construction/Plumbing,Failure To Maintain,Open,MANHATTAN
70073965,2026-08-15T20:12:36.000,2026-08-15T21:18:51.000,NYPD,Noise - Street/Sidewalk,Loud Music/Party,Closed,BRONX
70079693,2026-08-15T20:12:03.000,,NYPD,Illegal Parking,Parking Permit Improper Use,In Progress,QUEENS
70074850,2026-08-15T20:12:01.000,2026-08-15T21:08:13.000,NYPD,Noise - Street/Sidewalk,Loud Music/Party,Closed,MANHATTAN
70074327,2026-08-15T20:11:57.000,2026-08-15T21:00:30.000,NYPD,Noise - Residential,Loud Music/Party,Closed,BROOKLYN
70077431,2026-08-15T20:11:54.000,2026-08-15T21:23:56.000,NYPD,Noise - Street/Sidewalk,Loud Music/Party,Closed,MANHATTAN
70073596,2026-08-15T20:11:40.000,2026-08-15T20:25:01.000,NYPD,Noise - Street/Sidewalk,Loud Talking,Closed,MANHATTAN
70081890,2026-08-15T20:11:28.000,2026-08-15T20:13:42.000,NYPD,Noise - Residential,Loud Music/Party,Closed,BROOKLYN
70079639,2026-08-15T20:11:28.000,,DPR,Illegal Tree Damage,Branches Damaged,In Progress,QUEENS
70076166,2026-08-15T20:11:13.000,2026-08-15T21:26:04.000,NYPD,Noise - Street/Sidewalk,Loud Music/Party,Closed,MANHATTAN
70074158,2026-08-15T20:11:09.000,2026-08-15T20:12:45.000,NYPD,Noise - Street/Sidewalk,Loud Music/Party,Closed,BROOKLYN
70073258,2026-08-15T20:10:58.000,2026-08-15T21:33:30.000,NYPD,Noise - Vehicle,Car/Truck Music,Closed,MANHATTAN
70075991,2026-08-15T20:10:58.000,2026-08-15T20:32:02.000,NYPD,Noise - Residential,Loud Music/Party,Closed,QUEENS
70082044,2026-08-15T20:10:55.000,2026-08-15T20:14:01.000,NYPD,Noise - Street/Sidewalk,Loud Music/Party,Closed,BROOKLYN
70075303,2026-08-15T20:10:53.000,2026-08-15T22:55:31.000,NYPD,Blocked Driveway,Partial Access,Closed,BRONX
70073661,2026-08-15T20:10:50.000,,DSNY,Residential Disposal Complaint,Waste Not Separated,In Progress,BROOKLYN
70080806,2026-08-15T20:10:46.000,,HPD,UNSANITARY CONDITION,MOLD,Open,BROOKLYN
70079557,2026-08-15T20:10:46.000,,HPD,PAINT/PLASTER,CEILING,Open,BROOKLYN
70072830,2026-08-15T20:10:28.000,2026-08-15T20:13:42.000,NYPD,Noise - Residential,Loud Music/Party,Closed,BROOKLYN
70077707,2026-08-15T20:10:26.000,,DEP,Noise,Construction,In Progress,STATEN ISLAND
70080620,2026-08-15T20:10:12.000,2026-08-15T20:32:30.000,NYPD,Illegal Parking,Double Parked Blocking Vehicle,Closed,BROOKLYN
70075895,2026-08-15T20:10:01.000,2026-08-15T20:57:10.000,NYPD,Noise - Residential,Loud Music/Party,Closed,QUEENS
70077354,2026-08-15T20:09:58.000,2026-08-15T21:36:48.000,NYPD,Noise - Residential,Loud Music/Party,Closed,STATEN ISLAND
70078542,2026-08-15T20:09:46.000,2026-08-15T21:39:49.000,NYPD,Noise - Commercial,Loud Music/Party,Closed,QUEENS
70079835,2026-08-15T20:09:44.000,2026-08-15T20:37:32.000,NYPD,Noise - Residential,Loud Music/Party,Closed,QUEENS
70079907,2026-08-15T20:09:37.000,2026-08-15T20:57:10.000,NYPD,Animal-Abuse,Neglected,Closed,MANHATTAN
70081234,2026-08-15T20:09:14.000,2026-08-15T21:07:29.000,NYPD,Noise - Street/Sidewalk,Loud Music/Party,Closed,MANHATTAN
70081879,2026-08-15T20:09:10.000,2026-08-15T21:00:29.000,NYPD,Illegal Parking,Blocked Sidewalk,Closed,BROOKLYN
70073294,2026-08-15T20:09:02.000,,NYPD,Abandoned Vehicle,With License Plate,In Progress,QUEENS
70076475,2026-08-15T20:08:53.000,2026-08-16T00:27:03.000,NYPD,Noise - Residential,Banging/Pounding,Closed,BRONX
70082428,2026-08-15T20:08:50.000,2026-08-15T20:46:07.000,NYPD,Noise - Residential,Banging/Pounding,Closed,QUEENS
70074538,2026-08-15T20:08:46.000,,DPR,Root/Sewer/Sidewalk Condition,Trees and Sidewalks Program,In Progress,BROOKLYN
70074044,2026-08-15T20:08:34.000,2026-08-15T23:27:37.000,NYPD,Noise - Street/Sidewalk,Loud Music/Party,Closed,BRONX
70077447,2026-08-15T20:08:30.000,2026-08-15T20:18:19.000,NYPD,Noise - Street/Sidewalk,Loud Music/Party,Closed,MANHATTAN
70073117,2026-08-15T20:08:21.000,,HPD,UNSANITARY CONDITION,GARBAGE/RECYCLING STORAGE,Open,BROOKLYN
70076558,2026-08-15T20:08:11.000,2026-08-15T20:42:46.000,NYPD,Noise - Commercial,Loud Music/Party,Closed,BRONX
70082027,2026-08-15T20:08:06.000,2026-08-15T20:42:45.000,NYPD,Illegal Parking,Blocked Bike Lane,Closed,BROOKLYN
70078122,2026-08-15T20:07:58.000,2026-08-15T20:32:00.000,NYPD,Illegal Parking,Blocked Sidewalk,Closed,BROOKLYN
70078662,2026-08-15T20:07:46.000,2026-08-15T21:08:49.000,NYPD,Noise - Street/Sidewalk,Loud Music/Party,Closed,MANHATTAN
70076688,2026-08-15T20:07:45.000,2026-08-15T22:41:22.000,NYPD,Noise - Street/Sidewalk,Loud Music/Party,Closed,BROOKLYN
70073660,2026-08-15T20:07:44.000,,DSNY,Residential Disposal Complaint,Waste Not Separated,In Progress,BROOKLYN
70079504,2026-08-15T20:07:35.000,,HPD,UNSANITARY CONDITION,PESTS,Open,BROOKLYN
70077037,2026-08-15T20:07:35.000,,HPD,FLOORING/STAIRS,FLOOR,Open,BROOKLYN
70078221,2026-08-15T20:07:35.000,,HPD,WATER LEAK,DAMP SPOT,Open,BROOKLYN
70078233,2026-08-15T20:07:35.000,,HPD,UNSANITARY CONDITION,PESTS,Open,BROOKLYN
70077044,2026-08-15T20:07:35.000,,HPD,ELECTRIC,OUTLET/SWITCH,Open,BROOKLYN
70077062,2026-08-15T20:07:31.000,2026-08-15T23:38:40.000,DHS,Homeless Person Assistance,Non-Chronic,Closed,MANHATTAN
70077351,2026-08-15T20:07:19.000,,NYPD,Illegal Parking,Blocked Sidewalk,In Progress,STATEN ISLAND
70073988,2026-08-15T20:07:18.000,2026-08-15T23:07:01.000,NYPD,Illegal Parking,Blocked Hydrant,Closed,BRONX
70078840,2026-08-15T20:07:13.000,,DSNY,Lot Condition,Trash,In Progress,QUEENS
70073508,2026-08-15T20:06:57.000,2026-08-16T01:18:57.000,NYPD,Illegal Parking,Paper License Plates,Closed,STATEN ISLAND
70078461,2026-08-15T20:06:56.000,2026-08-15T21:51:31.000,NYPD,Noise - Park,Loud Music/Party,Closed,QUEENS
70077796,2026-08-15T20:06:52.000,2026-08-15T20:18:35.000,NYPD,Noise - Street/Sidewalk,Loud Music/Party,Closed,BRONX
70074365,2026-08-15T20:06:32.000,2026-08-15T20:06:32.000,DOB,Building/Use,Zoning - Non-Conforming/Illegal Vehicle Storage,Open,QUEENS
70081149,2026-08-15T20:06:24.000,2026-08-15T22:22:28.000,NYPD,Noise - Residential,Loud Music/Party,Closed,QUEENS
70076770,2026-08-15T20:06:24.000,2026-08-15T20:57:10.000,NYPD,Noise - Residential,Loud Music/Party,Closed,BROOKLYN
70082071,2026-08-15T20:06:19.000,2026-08-15T21:08:12.000,NYPD,Noise - Residential,Banging/Pounding,Closed,BROOKLYN
70081944,2026-08-15T20:06:02.000,2026-08-15T20:31:58.000,NYPD,Noise - Street/Sidewalk,Loud Music/Party,Closed,BROOKLYN
70082395,2026-08-15T20:05:58.000,2026-08-15T20:44:17.000,NYPD,Noise - Street/Sidewalk,Loud Music/Party,Closed,QUEENS
70074986,2026-08-15T20:05:47.000,,DSNY,Illegal Dumping,Removal Request,In Progress,QUEENS
70075606,2026-08-15T20:05:44.000,2026-08-15T20:36:40.000,NYPD,Noise - Street/Sidewalk,Loud Music/Party,Closed,BROOKLYN
70081225,2026-08-15T20:05:41.000,2026-08-15T21:53:48.000,NYPD,Drinking,In Public,Closed,MANHATTAN
70078616,2026-08-15T20:05:37.000,2026-08-15T20:37:04.000,NYPD,Illegal Parking,Commercial Overnight Parking,Closed,STATEN ISLAND
70075775,2026-08-15T20:05:21.000,,HPD,HEAT/HOT WATER,ENTIRE BUILDING,Open,BROOKLYN
70077963,2026-08-15T20:05:18.000,2026-08-15T20:32:02.000,NYPD,Illegal Parking,Blocked Hydrant,Closed,BROOKLYN
70074265,2026-08-15T20:05:16.000,2026-08-15T20:14:43.000,NYPD,Noise - Street/Sidewalk,Loud Music/Party,Closed,BROOKLYN
70079209,2026-08-15T20:05:11.000,2026-08-15T20:11:42.000,NYPD,Noise - Residential,Banging/Pounding,Closed,BROOKLYN
70081891,2026-08-15T20:05:10.000,2026-08-15T20:12:02.000,NYPD,Noise - Residential,Loud Music/Party,Closed,BROOKLYN
70077474,2026-08-15T20:04:59.000,2026-08-15T22:22:32.000,NYPD,Noise - Street/Sidewalk,Loud Music/Party,Closed,MANHATTAN
70075484,2026-08-15T20:04:39.000,2026-08-15T21:11:11.000,NYPD,Illegal Parking,Parking Permit Improper Use,Closed,BROOKLYN
70076205,2026-08-15T20:04:37.000,2026-08-16T00:49:15.000,NYPD,Noise - Street/Sidewalk,Loud Music/Party,Closed,MANHATTAN
70075283,2026-08-15T20:04:31.000,2026-08-15T20:44:34.000,NYPD,Noise - Street/Sidewalk,Loud Music/Party,Closed,BRONX
70077090,2026-08-15T20:04:27.000,,DPR,Root/Sewer/Sidewalk Condition,Trees and Sidewalks Program,In Progress,BROOKLYN
70077289,2026-08-15T20:04:20.000,2026-08-15T20:25:43.000,NYPD,Blocked Driveway,No Access,Closed,QUEENS
70081828,2026-08-15T20:04:00.000,2026-08-16T01:03:32.000,NYPD,Blocked Driveway,No Access,Closed,BROOKLYN
70077057,2026-08-15T20:03:51.000,2026-08-16T00:15:14.000,DHS,Homeless Person Assistance,Non-Chronic,Closed,MANHATTAN
70073341,2026-08-15T20:03:41.000,2026-08-15T21:51:21.000,NYPD,Noise - Park,Loud Music/Party,Closed,QUEENS
70072490,2026-08-15T20:03:32.000,2026-08-15T20:03:32.000,DOB,Real Time Enforcement,Work Without A Permit - Occupied Multiple Dwelling,Open,BROOKLYN
70073212,2026-08-15T20:03:31.000,,DOHMH,Rodent,Condition Attracting Rodents,In Progress,BRONX
70076945,2026-08-15T20:03:23.000,,DOHMH,Unleashed Dog,Unleashed Dog in Public,In Progress,QUEENS
70081120,2026-08-15T20:03:19.000,2026-08-15T20:39:31.000,NYPD,Illegal Parking,Blocked Hydrant,Closed,QUEENS
70079044,2026-08-15T20:03:16.000,2026-08-15T20:11:40.000,NYPD,Noise - Commercial,Loud Music/Party,Closed,BRONX
70072876,2026-08-15T20:03:06.000,2026-08-15T21:26:30.000,NYPD,Noise - Street/Sidewalk,Loud Music/Party,Closed,BROOKLYN
70079132,2026-08-15T20:03:04.000,2026-08-15T22:48:49.000,NYPD,Noise - Residential,Banging/Pounding,Closed,BRONX
70077468,2026-08-15T20:02:49.000,2026-08-16T00:44:49.000,NYPD,Noise - Street/Sidewalk,Loud Music/Party,Closed,MANHATTAN
70074883,2026-08-15T20:02:29.000,2026-08-15T21:27:33.000,NYPD,Illegal Parking,Posted Parking Sign Violation,Closed,MANHATTAN
70078733,2026-08-15T20:02:20.000,2026-08-15T21:34:32.000,NYPD,Illegal Parking,Blocked Hydrant,Closed,MANHATTAN
70080392,2026-08-15T20:02:18.000,2026-08-15T21:34:12.000,NYPD,Illegal Parking,License Plate Obscured,Closed,BRONX
70073635,2026-08-15T20:02:18.000,2026-08-15T22:17:17.000,NYPD,Noise - Street/Sidewalk,Loud Music/Party,Closed,MANHATTAN
70082467,2026-08-15T20:02:15.000,2026-08-15T20:25:04.000,NYPD,Blocked Driveway,No Access,Closed,QUEENS
70072919,2026-08-15T20:02:14.000,2026-08-15T20:32:34.000,NYPD,Noise - Commercial,Loud Music/Party,Closed,BROOKLYN
70081727,2026-08-15T20:02:10.000,2026-08-15T23:08:26.000,NYPD,Blocked Driveway,No Access,Closed,BRONX
70081966,2026-08-15T20:02:10.000,2026-08-15T20:21:04.000,NYPD,Illegal Parking,Blocked Sidewalk,Closed,BROOKLYN
70076880,2026-08-15T20:02:08.000,2026-08-15T20:42:47.000,NYPD,Noise - Residential,Loud Talking,Closed,BROOKLYN
70075366,2026-08-15T20:01:48.000,2026-08-15T20:21:08.000,NYPD,Noise - Residential,Loud Music/Party,Closed,MANHATTAN
70077806,2026-08-15T20:01:43.000,2026-08-15T22:54:03.000,NYPD,Illegal Parking,Paper License Plates,Closed,BRONX
70077734,2026-08-15T20:01:43.000,2026-08-16T01:31:24.000,NYPD,Noise - Vehicle,Car/Truck Music,Closed,BRONX
70075252,2026-08-15T20:01:30.000,2026-08-15T23:39:12.000,NYPD,Noise - Street/Sidewalk,Loud Music/Party,Closed,BRONX
70073272,2026-08-15T20:01:29.000,2026-08-15T20:36:38.000,NYPD,Noise - Residential,Banging/Pounding,Closed,QUEENS
70078423,2026-08-15T20:01:26.000,2026-08-15T20:18:12.000,NYPD,Noise - Residential,Loud Music/Party,Closed,QUEENS
70074229,2026-08-15T20:01:23.000,2026-08-15T21:29:03.000,NYPD,Noise - Street/Sidewalk,Loud Music/Party,Closed,BROOKLYN
70078032,2026-08-15T20:01:22.000,2026-08-15T21:07:53.000,NYPD,Noise - Street/Sidewalk,Loud Music/Party,Closed,BROOKLYN
70079956,2026-08-15T20:01:16.000,2026-08-15T21:44:04.000,NYPD,Noise - Commercial,Loud Music/Party,Closed,MANHATTAN
70076929,2026-08-15T20:01:15.000,,DOT,Sidewalk Condition,Broken Sidewalk,In Progress,QUEENS
70072942,2026-08-15T20:01:01.000,2026-08-15T20:20:30.000,NYPD,Noise - Residential,Loud Music/Party,Closed,BROOKLYN
70072677,2026-08-15T20:00:41.000,2026-08-15T21:18:55.000,NYPD,Noise - Residential,Banging/Pounding,Closed,BRONX
70081742,2026-08-15T20:00:38.000,2026-08-15T20:36:42.000,NYPD,Blocked Driveway,No Access,Closed,BRONX
70076857,2026-08-15T20:00:34.000,2026-08-15T20:42:45.000,NYPD,Illegal Parking,Posted Parking Sign Violation,Closed,BROOKLYN
70078327,2026-08-15T20:00:31.000,2026-08-15T20:00:31.000,DOB,Elevator,Elevator - Multiple Devices On Property,Open,MANHATTAN
70072752,2026-08-15T20:00:24.000,2026-08-15T20:13:18.000,NYPD,Illegal Parking,Posted Parking Sign Violation,Closed,BROOKLYN
70075508,2026-08-15T20:00:22.000,,NYPD,Illegal Parking,Blocked Crosswalk,In Progress,BROOKLYN
70079825,2026-08-15T20:00:06.000,2026-08-15T20:18:13.000,NYPD,Noise - Residential,Loud Music/Party,Closed,QUEENS
70081002,2026-08-15T20:00:01.000,2026-08-15T20:42:50.000,NYPD,Noise - Residential,Loud Music/Party,Closed,QUEENS
70077275,2026-08-15T19:59:39.000,2026-08-15T20:32:01.000,NYPD,Encampment,N/A,Closed,QUEENS
70075600,2026-08-15T19:58:57.000,2026-08-15T20:32:37.000,NYPD,Illegal Parking,Posted Parking Sign Violation,Closed,BROOKLYN
70081392,2026-08-15T19:58:52.000,,DSNY,Dirty Condition,Trash,In Progress,QUEENS
70074963,2026-08-15T19:58:51.000,,DSNY,Obstruction,Weeds or Grass,In Progress,QUEENS
70072789,2026-08-15T19:58:48.000,2026-08-15T22:46:58.000,NYPD,Noise - Street/Sidewalk,Loud Music/Party,Closed,BROOKLYN
70075554,2026-08-15T19:58:36.000,2026-08-15T20:13:40.000,NYPD,Noise - Street/Sidewalk,Loud Talking,Closed,BROOKLYN
70074922,2026-08-15T19:58:26.000,2026-08-15T22:22:27.000,NYPD,Noise - Street/Sidewalk,Loud Music/Party,Closed,MANHATTAN
70077367,2026-08-15T19:58:08.000,2026-08-16T01:11:21.000,NYPD,Noise - Residential,Loud Music/Party,Closed,STATEN ISLAND
70073451,2026-08-15T19:57:57.000,2026-08-15T20:18:12.000,NYPD,Noise - Residential,Loud Music/Party,Closed,QUEENS
70080419,2026-08-15T19:57:52.000,2026-08-15T22:50:18.000,NYPD,Noise - Street/Sidewalk,Loud Music/Party,Closed,BRONX
70073413,2026-08-15T19:57:49.000,2026-08-16T01:16:33.000,NYPD,Illegal Parking,Commercial Overnight Parking,Closed,QUEENS
70080357,2026-08-15T19:57:48.000,2026-08-15T21:04:31.000,NYPD,Noise - Residential,Loud Music/Party,Closed,BRONX
70082364,2026-08-15T19:57:40.000,2026-08-15T21:14:42.000,NYPD,Noise - Residential,Loud Music/Party,Closed,QUEENS
70082115,2026-08-15T19:57:32.000,,DOT,Curb Condition,Defacement,In Progress,QUEENS
70072696,2026-08-15T19:57:24.000,2026-08-15T20:33:12.000,NYPD,Non-Emergency Police Matter,Other (complaint details),Closed,BRONX
70072992,2026-08-15T19:57:11.000,2026-08-15T20:36:40.000,NYPD,Illegal Parking,Blocked Hydrant,Closed,BROOKLYN
70080700,2026-08-15T19:57:07.000,2026-08-15T21:13:56.000,NYPD,Illegal Parking,Blocked Sidewalk,Closed,BROOKLYN
70082346,2026-08-15T19:57:06.000,2026-08-15T20:42:49.000,NYPD,Noise - Residential,Loud Music/Party,Closed,QUEENS
70073561,2026-08-15T19:56:53.000,2026-08-15T20:28:52.000,NYPD,Noise - Street/Sidewalk,Loud Music/Party,Closed,MANHATTAN
70075699,2026-08-15T19:56:51.000,,DOHMH,Unleashed Dog,Unleashed Dog in Public,In Progress,BROOKLYN
70076000,2026-08-15T19:56:41.000,,NYPD,Illegal Parking,Posted Parking Sign Violation,In Progress,QUEENS
70079697,2026-08-15T19:56:40.000,2026-08-15T20:42:49.000,NYPD,Noise - Residential,Loud Music/Party,Closed,QUEENS
70079741,2026-08-15T19:56:29.000,2026-08-15T20:38:44.000,NYPD,Blocked Driveway,Partial Access,Closed,QUEENS
70074146,2026-08-15T19:56:23.000,2026-08-15T20:09:04.000,NYPD,Noise - Residential,Loud Music/Party,Closed,BROOKLYN
70075784,2026-08-15T19:56:19.000,,HPD,HEAT/HOT WATER,APARTMENT ONLY,Open,MANHATTAN
70073632,2026-08-15T19:56:10.000,2026-08-16T00:44:31.000,NYPD,Noise - Street/Sidewalk,Loud Music/Party,Closed,MANHATTAN
70078561,2026-08-15T19:56:09.000,2026-08-15T20:09:42.000,NYPD,Illegal Parking,Blocked Hydrant,Closed,QUEENS
70076697,2026-08-15T19:56:03.000,2026-08-15T20:46:12.000,NYPD,Noise - Street/Sidewalk,Loud Music/Party,Closed,BROOKLYN
70082092,2026-08-15T19:55:51.000,,TLC,Lost Property,Bag/Wallet,In Progress,MANHATTAN
70082526,2026-08-15T19:55:50.000,2026-08-15T20:38:00.000,NYPD,Blocked Driveway,No Access,Closed,QUEENS
70081550,2026-08-15T19:55:49.000,,DEP,Water Quality,Odor/Taste,In Progress,QUEENS
70080284,2026-08-15T19:55:48.000,,EDC,Noise - Helicopter,Other,In Progress,MANHATTAN
70072687,2026-08-15T19:55:39.000,2026-08-15T21:03:31.000,NYPD,Noise - Commercial,Loud Music/Party,Closed,BRONX
70074709,2026-08-15T19:55:15.000,,NYPD,Illegal Parking,Blocked Crosswalk,In Progress,QUEENS
70076204,2026-08-15T19:54:56.000,2026-08-15T21:42:16.000,NYPD,Noise - Vehicle,Car/Truck Music,Closed,MANHATTAN
70076131,2026-08-15T19:54:54.000,2026-08-15T20:25:01.000,NYPD,Illegal Parking,Posted Parking Sign Violation,Closed,MANHATTAN
70079113,2026-08-15T19:54:41.000,2026-08-15T21:50:10.000,NYPD,Illegal Parking,Commercial Overnight Parking,Closed,BRONX
70073823,2026-08-15T19:54:35.000,,DEP,Air Quality,Vehicle Idling Odor,In Progress,BROOKLYN
70080329,2026-08-15T19:54:33.000,2026-08-15T22:25:37.000,NYPD,Noise - Street/Sidewalk,Loud Music/Party,Closed,BRONX
70078564,2026-08-15T19:54:32.000,2026-08-15T20:32:00.000,NYPD,Noise - Residential,Loud Music/Party,Closed,QUEENS
70082332,2026-08-15T19:54:21.000,2026-08-15T20:51:19.000,NYPD,Illegal Parking,Posted Parking Sign Violation,Closed,QUEENS
70074786,2026-08-15T19:54:20.000,2026-08-15T22:40:42.000,NYPD,Noise - Vehicle,Car/Truck Music,Closed,QUEENS
70078838,2026-08-15T19:53:44.000,,DSNY,Dirty Condition,Trash,In Progress,MANHATTAN
70075955,2026-08-15T19:53:28.000,2026-08-15T20:25:00.000,NYPD,Illegal Parking,Blocked Hydrant,Closed,QUEENS
70079756,2026-08-15T19:53:25.000,2026-08-15T19:58:43.000,NYPD,Noise - Residential,Loud Music/Party,Closed,QUEENS
70074235,2026-08-15T19:53:24.000,2026-08-15T20:47:52.000,NYPD,Noise - Residential,Loud Music/Party,Closed,BROOKLYN
70075998,2026-08-15T19:53:10.000,,NYPD,Illegal Parking,License Plate Obscured,In Progress,QUEENS
70077802,2026-08-15T19:52:39.000,2026-08-15T20:53:39.000,NYPD,Noise - Residential,Banging/Pounding,Closed,BRONX
70079567,2026-08-15T19:52:36.000,,HPD,GENERAL,MAILBOX,Open,BRONX
70072741,2026-08-15T19:52:29.000,2026-08-15T20:12:33.000,NYPD,Noise - Residential,Loud Music/Party,Closed,BRONX
70079099,2026-08-15T19:52:24.000,2026-08-15T21:18:55.000,NYPD,Noise - Residential,Loud Music/Party,Closed,BRONX
70078965,2026-08-15T19:52:19.000,,DEP,Hazardous Material,Chemical Odor,In Progress,BROOKLYN
70079390,2026-08-15T19:52:14.000,2026-08-15T21:25:01.000,NYPD,Illegal Parking,Blocked Sidewalk,Closed,BROOKLYN
70076772,2026-08-15T19:52:13.000,2026-08-15T19:58:54.000,NYPD,Noise - Street/Sidewalk,Loud Music/Party,Closed,BROOKLYN
70082633,2026-08-15T19:51:59.000,,NYPD,Noise - Residential,Loud Music/Party,In Progress,MANHATTAN
70076912,2026-08-15T19:51:55.000,,TLC,For Hire Vehicle Complaint,Driver Complaint - Passenger,In Progress,MANHATTAN
70073890,2026-08-15T19:51:54.000,2026-08-15T20:48:00.000,NYPD,Noise - Residential,Loud Music/Party,Closed,BRONX
70077188,2026-08-15T19:51:48.000,,NYPD,Abandoned Vehicle,With License Plate,In Progress,QUEENS
70074303,2026-08-15T19:51:46.000,2026-08-15T19:59:55.000,NYPD,Noise - Street/Sidewalk,Loud Music/Party,Closed,BROOKLYN
70072623,2026-08-15T19:51:41.000,2026-08-15T20:04:15.000,NYPD,Noise - Commercial,Loud Music/Party,Closed,BRONX
70079902,2026-08-15T19:51:39.000,2026-08-15T20:36:39.000,NYPD,Noise - Residential,Loud Music/Party,Closed,MANHATTAN
70081699,2026-08-15T19:51:20.000,2026-08-15T21:26:43.000,NYPD,Noise - Street/Sidewalk,Loud Music/Party,Closed,BRONX
70074247,2026-08-15T19:50:54.000,2026-08-15T20:10:57.000,NYPD,Noise - Street/Sidewalk,Loud Music/Party,Closed,BROOKLYN
70073929,2026-08-15T19:50:53.000,2026-08-15T20:52:48.000,NYPD,Noise - Street/Sidewalk,Loud Music/Party,Closed,BRONX
70078680,2026-08-15T19:50:52.000,2026-08-15T20:05:29.000,NYPD,Noise - Street/Sidewalk,Loud Music/Party,Closed,MANHATTAN
70076425,2026-08-15T19:50:51.000,2026-08-15T19:51:00.000,DEP,Water Maintenance,Leak,Closed,BROOKLYN
70073054,2026-08-15T19:50:48.000,,DOT,Sidewalk Condition,Broken Sidewalk,In Progress,QUEENS
70077165,2026-08-15T19:50:40.000,2026-08-15T20:25:03.000,NYPD,Noise - Residential,Loud Music/Party,Closed,QUEENS
70073422,2026-08-15T19:50:33.000,2026-08-15T21:03:32.000,NYPD,Noise - Residential,Loud Music/Party,Closed,QUEENS
70078022,2026-08-15T19:50:32.000,2026-08-15T23:56:16.000,NYPD,Blocked Driveway,No Access,Closed,BROOKLYN
70082268,2026-08-15T19:50:31.000,,DPR,Wood Pile Remaining,Remove Debris,In Progress,BROOKLYN
70076515,2026-08-15T19:50:30.000,2026-08-15T21:23:56.000,NYPD,Illegal Parking,Double Parked Blocking Traffic,Closed,BRONX
70079760,2026-08-15T19:50:24.000,2026-08-15T22:37:50.000,NYPD,Noise - Residential,Loud Music/Party,Closed,QUEENS
70075919,2026-08-15T19:50:15.000,2026-08-15T21:38:09.000,NYPD,Illegal Parking,Blocked Hydrant,Closed,QUEENS
70075428,2026-08-15T19:50:14.000,2026-08-15T22:56:18.000,NYPD,Illegal Parking,Blocked Sidewalk,Closed,BROOKLYN
70074204,2026-08-15T19:50:13.000,2026-08-15T19:59:10.000,NYPD,Noise - Street/Sidewalk,Loud Music/Party,Closed,BROOKLYN
70072978,2026-08-15T19:50:11.000,2026-08-15T20:42:45.000,NYPD,Illegal Parking,Posted Parking Sign Violation,Closed,BROOKLYN
70075240,2026-08-15T19:49:54.000,2026-08-15T20:43:37.000,NYPD,Noise - Residential,Loud Music/Party,Closed,BRONX
70076076,2026-08-15T19:49:47.000,2026-08-15T20:51:41.000,NYPD,Noise - Street/Sidewalk,Loud Music/Party,Closed,QUEENS
70082489,2026-08-15T19:49:42.000,2026-08-15T20:18:11.000,NYPD,Noise - Residential,Loud Music/Party,Closed,QUEENS
70074277,2026-08-15T19:49:37.000,2026-08-15T20:37:58.000,NYPD,Drinking,In Public,Closed,BROOKLYN
70078439,2026-08-15T19:49:33.000,2026-08-15T20:04:18.000,NYPD,Urinating in Public,N/A,Closed,QUEENS
70081847,2026-08-15T19:49:33.000,2026-08-16T01:35:37.000,NYPD,Noise - Residential,Loud Music/Party,Closed,BROOKLYN
70079975,2026-08-15T19:49:31.000,,NYPD,Noise - Residential,Loud Music/Party,In Progress,MANHATTAN
70073696,2026-08-15T19:49:30.000,,DSNY,Illegal Dumping,Removal Request,In Progress,STATEN ISLAND
70075260,2026-08-15T19:49:22.000,2026-08-15T21:39:05.000,NYPD,Noise - Commercial,Banging/Pounding,Closed,BRONX
70072512,2026-08-15T19:49:12.000,2026-08-15T19:50:50.000,DPR,Violation of Park Rules,Unlicensed Vendors,Closed,MANHATTAN
70073247,2026-08-15T19:49:11.000,2026-08-15T21:50:58.000,NYPD,Noise - Residential,Banging/Pounding,Closed,BROOKLYN
70081315,2026-08-15T19:49:07.000,2026-08-15T22:22:54.000,NYPD,Noise - Street/Sidewalk,Loud Music/Party,Closed,MANHATTAN
70075470,2026-08-15T19:49:07.000,,DOT,Street Condition,Cave-in,In Progress,BROOKLYN
70076904,2026-08-15T19:49:04.000,,DOHMH,Food Establishment,No Permit or License,In Progress,QUEENS
70081754,2026-08-15T19:48:50.000,2026-08-15T19:55:53.000,NYPD,Noise - Street/Sidewalk,Loud Music/Party,Closed,BRONX
70077760,2026-08-15T19:48:44.000,2026-08-15T21:27:26.000,NYPD,Noise - Street/Sidewalk,Loud Music/Party,Closed,BRONX
70078839,2026-08-15T19:48:19.000,,DSNY,Abandoned Bike,Chained to Public Property,In Progress,BROOKLYN
70081667,2026-08-15T19:48:13.000,2026-08-15T21:25:39.000,NYPD,Noise - Street/Sidewalk,Loud Music/Party,Closed,BRONX
70079199,2026-08-15T19:48:11.000,2026-08-15T20:21:50.000,NYPD,Blocked Driveway,No Access,Closed,BROOKLYN
70078491,2026-08-15T19:48:11.000,2026-08-15T22:37:52.000,NYPD,Noise - Residential,Loud Music/Party,Closed,QUEENS
70073891,2026-08-15T19:48:08.000,2026-08-15T20:18:53.000,NYPD,Drinking,In Public,Closed,BRONX
70074199,2026-08-15T19:48:03.000,2026-08-15T21:26:44.000,NYPD,Noise - Residential,Loud Music/Party,Closed,BROOKLYN
70074124,2026-08-15T19:47:59.000,2026-08-16T00:57:16.000,NYPD,Illegal Parking,Paper License Plates,Closed,BROOKLYN
70074607,2026-08-15T19:47:57.000,2026-08-15T20:20:25.000,NYPD,Illegal Parking,Parking Permit Improper Use,Closed,QUEENS
70076476,2026-08-15T19:47:55.000,2026-08-15T22:48:07.000,NYPD,Drinking,In Public,Closed,BRONX
70080541,2026-08-15T19:47:52.000,2026-08-15T19:58:41.000,NYPD,Noise - Street/Sidewalk,Loud Music/Party,Closed,BROOKLYN
70081722,2026-08-15T19:47:47.000,2026-08-15T20:15:09.000,NYPD,Noise - Street/Sidewalk,Loud Music/Party,Closed,BRONX
70082129,2026-08-15T19:47:44.000,,DOHMH,Indoor Air Quality,Other (Explain Below),In Progress,BRONX
70077761,2026-08-15T19:47:42.000,2026-08-15T21:27:21.000,NYPD,Noise - Street/Sidewalk,Loud Music/Party,Closed,BRONX
70082632,2026-08-15T19:47:26.000,,NYPD,Noise - Residential,Loud Music/Party,In Progress,MANHATTAN
70073511,2026-08-15T19:47:24.000,,NYPD,Noise - Residential,Loud Music/Party,In Progress,STATEN ISLAND
70081436,2026-08-15T19:47:16.000,2026-08-15T19:47:16.000,DOT,Street Condition,Pothole,Closed,BROOKLYN
70079712,2026-08-15T19:47:12.000,2026-08-15T21:14:41.000,NYPD,Noise - Residential,Loud Music/Party,Closed,QUEENS
70076928,2026-08-15T19:47:11.000,,DOT,Sidewalk Condition,Broken Sidewalk,In Progress,BRONX
70076886,2026-08-15T19:47:10.000,2026-08-15T20:05:42.000,NYPD,Noise - Residential,Loud Music/Party,Closed,BROOKLYN
70078597,2026-08-15T19:47:08.000,2026-08-15T20:20:36.000,NYPD,Noise - Street/Sidewalk,Loud Music/Party,Closed,QUEENS
70077211,2026-08-15T19:47:04.000,2026-08-15T22:21:29.000,NYPD,Noise - Residential,Loud Music/Party,Closed,QUEENS
70077757,2026-08-15T19:47:03.000,2026-08-15T21:27:21.000,NYPD,Noise - Street/Sidewalk,Loud Music/Party,Closed,BRONX
70079622,2026-08-15T19:46:55.000,,DOHMH,Rodent,Rat Sighting,In Progress,BRONX
70076702,2026-08-15T19:46:46.000,2026-08-15T21:11:10.000,NYPD,Noise - Residential,Loud Music/Party,Closed,BROOKLYN
70080303,2026-08-15T19:46:42.000,2026-08-15T20:19:06.000,NYPD,Noise - Park,Loud Music/Party,Closed,BRONX
70077553,2026-08-15T19:46:42.000,2026-08-15T20:36:42.000,NYPD,Noise - Street/Sidewalk,Loud Music/Party,Closed,QUEENS
70081222,2026-08-15T19:46:38.000,2026-08-15T20:17:50.000,NYPD,Illegal Parking,Posted Parking Sign Violation,Closed,MANHATTAN
70080770,2026-08-15T19:46:30.000,,DOT,Street Condition,"Rough, Pitted or Cracked Roads",In Progress,STATEN ISLAND
70073851,2026-08-15T19:46:30.000,,DEP,Sewer Maintenance,Manhole Cover Missing,In Progress,BROOKLYN
70072672,2026-08-15T19:46:26.000,2026-08-15T21:26:43.000,NYPD,Noise - Street/Sidewalk,Loud Music/Party,Closed,BRONX
70073141,2026-08-15T19:46:22.000,,HPD,HEAT/HOT WATER,ENTIRE BUILDING,Open,MANHATTAN
70075498,2026-08-15T19:46:19.000,2026-08-16T01:33:33.000,NYPD,Illegal Parking,Blocked Hydrant,Closed,BROOKLYN
70077540,2026-08-15T19:46:09.000,,DSNY,Dirty Condition,Trash,In Progress,MANHATTAN
70079821,2026-08-15T19:46:05.000,2026-08-15T21:50:57.000,NYPD,Illegal Parking,Commercial Overnight Parking,Closed,QUEENS
70079635,2026-08-15T19:45:58.000,,DPR,Damaged Tree,Tree Leaning/Uprooted,In Progress,BROOKLYN
70082405,2026-08-15T19:45:56.000,2026-08-15T22:37:53.000,NYPD,Noise - Street/Sidewalk,Loud Music/Party,Closed,QUEENS
70076434,2026-08-15T19:45:54.000,,DEP,Water Maintenance,Dirty Water,In Progress,MANHATTAN
70073322,2026-08-15T19:45:46.000,2026-08-15T20:42:45.000,NYPD,Blocked Driveway,No Access,Closed,QUEENS
70076043,2026-08-15T19:45:34.000,2026-08-15T21:26:58.000,NYPD,Noise - Park,Loud Music/Party,Closed,QUEENS
70077078,2026-08-15T19:45:33.000,,DOHMH,Rodent,Rat Sighting,In Progress,BROOKLYN
70072949,2026-08-15T19:45:32.000,2026-08-16T00:01:09.000,NYPD,Noise - Street/Sidewalk,Loud Music/Party,Closed,BROOKLYN
70078858,2026-08-15T19:45:31.000,2026-08-15T20:25:03.000,NYPD,Noise - Residential,Loud Music/Party,Closed,QUEENS
70079054,2026-08-15T19:45:30.000,2026-08-15T21:23:57.000,NYPD,Noise - Vehicle,Car/Truck Music,Closed,BRONX
70078488,2026-08-15T19:45:22.000,2026-08-15T19:58:42.000,NYPD,Noise - Residential,Loud Music/Party,Closed,QUEENS
70077218,2026-08-15T19:45:22.000,2026-08-15T19:58:41.000,NYPD,Noise - Residential,Loud Music/Party,Closed,QUEENS
70080276,2026-08-15T19:45:11.000,,DEP,Noise,Alarm,In Progress,QUEENS
70082021,2026-08-15T19:45:02.000,2026-08-15T20:57:31.000,NYPD,Noise - Commercial,Banging/Pounding,Closed,BROOKLYN
70073749,2026-08-15T19:45:00.000,2026-08-15T20:05:00.000,DOT,Traffic Signal Condition,Vehicle Signal,Closed,BROOKLYN
70078730,2026-08-15T19:44:34.000,2026-08-15T23:14:56.000,NYPD,Noise - Residential,Loud Music/Party,Closed,MANHATTAN
70073472,2026-08-15T19:44:28.000,2026-08-15T20:51:40.000,NYPD,Noise - Street/Sidewalk,Loud Music/Party,Closed,QUEENS
70074547,2026-08-15T19:44:21.000,,DPR,Wood Pile Remaining,Remove Debris,In Progress,QUEENS
70081635,2026-08-15T19:43:33.000,2026-08-15T20:19:06.000,NYPD,Noise - Park,Loud Music/Party,Closed,BRONX
70074781,2026-08-15T19:43:32.000,2026-08-15T20:28:47.000,NYPD,Illegal Parking,Commercial Overnight Parking,Closed,QUEENS
70074173,2026-08-15T19:43:28.000,,DOT,Street Condition,Defective Hardware,In Progress,BROOKLYN
70077127,2026-08-15T19:43:28.000,2026-08-15T20:05:27.000,NYPD,Noise - Street/Sidewalk,Loud Music/Party,Closed,QUEENS
70073920,2026-08-15T19:43:14.000,2026-08-15T22:41:57.000,NYPD,Noise - Street/Sidewalk,Loud Music/Party,Closed,BRONX
70077030,2026-08-15T19:43:11.000,,HPD,GENERAL,JANITOR/SUPER,Open,QUEENS
70080355,2026-08-15T19:43:10.000,2026-08-15T21:26:43.000,NYPD,Noise - Street/Sidewalk,Loud Music/Party,Closed,BRONX
70077407,2026-08-15T19:43:09.000,2026-08-15T22:38:21.000,NYPD,Noise - Street/Sidewalk,Loud Music/Party,Closed,MANHATTAN
70073708,2026-08-15T19:43:07.000,,DSNY,Dirty Condition,Trash,In Progress,BROOKLYN
70080702,2026-08-15T19:42:47.000,2026-08-15T20:32:01.000,NYPD,Illegal Parking,Blocked Hydrant,Closed,BROOKLYN
70076228,2026-08-15T19:42:44.000,,DPR,Maintenance or Facility,Structure - Outdoors,In Progress,BROOKLYN
70075145,2026-08-15T19:42:38.000,,DEP,Sewer Maintenance,Catch Basin Search,In Progress,BROOKLYN
70072731,2026-08-15T19:42:35.000,2026-08-16T00:41:00.000,NYPD,Illegal Parking,Blocked Hydrant,Closed,BRONX
70076318,2026-08-15T19:42:26.000,2026-08-15T20:28:52.000,NYPD,Noise - Residential,Banging/Pounding,Closed,QUEENS
70073729,2026-08-15T19:42:14.000,,DOT,Outdoor Dining,Sidewalk Zone Blocked,In Progress,MANHATTAN
70080298,2026-08-15T19:42:10.000,2026-08-15T21:28:40.000,NYPD,Noise - Street/Sidewalk,Loud Music/Party,Closed,BRONX
70076237,2026-08-15T19:42:04.000,,DPR,Maintenance or Facility,Garbage or Litter,In Progress,QUEENS
70073637,2026-08-15T19:42:03.000,2026-08-16T00:43:53.000,NYPD,Noise - Residential,Loud Music/Party,Closed,MANHATTAN
70076597,2026-08-15T19:41:35.000,2026-08-15T20:36:38.000,NYPD,Noise - Residential,Loud Music/Party,Closed,BRONX
70079242,2026-08-15T19:41:18.000,2026-08-15T21:35:50.000,NYPD,Blocked Driveway,No Access,Closed,BROOKLYN
70076838,2026-08-15T19:41:13.000,2026-08-15T20:37:37.000,NYPD,Noise - Street/Sidewalk,Loud Music/Party,Closed,BROOKLYN
70081945,2026-08-15T19:41:12.000,2026-08-15T20:00:39.000,NYPD,Noise - Street/Sidewalk,Loud Music/Party,Closed,BROOKLYN
70077472,2026-08-15T19:41:08.000,2026-08-15T23:15:38.000,NYPD,Noise - Street/Sidewalk,Loud Music/Party,Closed,MANHATTAN
70074030,2026-08-15T19:41:05.000,2026-08-15T19:58:41.000,NYPD,Noise - Residential,Loud Music/Party,Closed,BRONX
70080294,2026-08-15T19:40:49.000,2026-08-15T21:28:54.000,NYPD,Noise - Street/Sidewalk,Loud Music/Party,Closed,BRONX
70078794,2026-08-15T19:40:47.000,,DSNY,Obstruction,Cone,In Progress,QUEENS
70076799,2026-08-15T19:40:47.000,2026-08-15T21:07:52.000,NYPD,Noise - Street/Sidewalk,Loud Music/Party,Closed,BROOKLYN
70075677,2026-08-15T19:40:45.000,,DOT,Sidewalk Condition,Broken Sidewalk,In Progress,STATEN ISLAND
70074913,2026-08-15T19:40:37.000,,NYPD,Noise - Residential,Loud Music/Party,In Progress,MANHATTAN
70082547,2026-08-15T19:40:30.000,2026-08-15T21:35:23.000,NYPD,Noise - Residential,Loud Music/Party,Closed,STATEN ISLAND
70078038,2026-08-15T19:40:30.000,2026-08-15T20:25:02.000,NYPD,Noise - Residential,Loud Music/Party,Closed,BROOKLYN
70074637,2026-08-15T19:40:28.000,2026-08-15T20:11:04.000,NYPD,Noise - Residential,Loud Music/Party,Closed,QUEENS
70073934,2026-08-15T19:40:24.000,2026-08-15T20:46:21.000,NYPD,Blocked Driveway,No Access,Closed,BRONX
70081690,2026-08-15T19:40:04.000,2026-08-15T21:11:09.000,NYPD,Noise - Vehicle,Car/Truck Music,Closed,BRONX
70077500,2026-08-15T19:40:00.000,,DSNY,Obstruction,Weeds or Grass,In Progress,STATEN ISLAND
70075749,2026-08-15T19:39:53.000,,HPD,UNSANITARY CONDITION,GARBAGE/RECYCLING STORAGE,Open,BRONX
70081602,2026-08-15T19:39:19.000,,DEP,Noise,Boat,In Progress,MANHATTAN
70074594,2026-08-15T19:39:18.000,,NYPD,Non-Emergency Police Matter,Other (complaint details),In Progress,MANHATTAN
70080134,2026-08-15T19:39:04.000,2026-08-15T19:39:04.000,DOB,Special Projects Inspection Team (SPIT),Illegal Hotel Rooms In Residential Building,Open,STATEN ISLAND
70078593,2026-08-15T19:38:47.000,2026-08-15T20:18:32.000,NYPD,Illegal Parking,Commercial Overnight Parking,Closed,QUEENS
70080237,2026-08-15T19:38:24.000,,DEP,Water Maintenance,Fire Hydrant Running Full,In Progress,BRONX
70072592,2026-08-15T19:38:17.000,2026-08-15T20:39:11.000,NYPD,Noise - Residential,Loud Music/Party,Closed,BRONX
70081057,2026-08-15T19:38:15.000,2026-08-15T19:58:44.000,NYPD,Noise - Residential,Loud Music/Party,Closed,QUEENS
70077512,2026-08-15T19:38:15.000,,DSNY,Obstruction,Sign,In Progress,MANHATTAN
70078967,2026-08-15T19:38:10.000,,DEP,Air Quality,Other Air Problem,In Progress,BRONX
70073889,2026-08-15T19:37:59.000,2026-08-15T22:47:42.000,NYPD,Noise - Street/Sidewalk,Loud Music/Party,Closed,BRONX
70081065,2026-08-15T19:37:55.000,2026-08-15T23:11:07.000,NYPD,Blocked Driveway,Partial Access,Closed,QUEENS
70072608,2026-08-15T19:37:49.000,2026-08-15T22:43:46.000,NYPD,Illegal Parking,Double Parked Blocking Vehicle,Closed,BRONX
70077660,2026-08-15T19:37:31.000,,DEP,Water Maintenance,Fire Hydrant Running Full,In Progress,MANHATTAN
70082203,2026-08-15T19:37:23.000,,HPD,HEAT/HOT WATER,ENTIRE BUILDING,Open,BRONX
70074506,2026-08-15T19:37:22.000,,DHS,Homeless Person Assistance,Non-Chronic,In Progress,MANHATTAN
70074447,2026-08-15T19:37:21.000,,HPD,PLUMBING,BATHTUB/SHOWER,Open,BRONX
70075835,2026-08-15T19:37:20.000,,DPR,New Tree Request,For One Address,In Progress,MANHATTAN
70076594,2026-08-15T19:37:14.000,2026-08-15T19:48:13.000,NYPD,Noise - Residential,Loud Music/Party,Closed,BRONX
70079554,2026-08-15T19:37:13.000,,HPD,PAINT/PLASTER,CEILING,Open,BRONX
70073140,2026-08-15T19:37:13.000,,HPD,HEAT/HOT WATER,ENTIRE BUILDING,Open,BRONX
70078141,2026-08-15T19:37:08.000,2026-08-15T19:54:20.000,NYPD,Illegal Parking,Blocked Sidewalk,Closed,BROOKLYN
70073217,2026-08-15T19:37:07.000,,DPR,Damaged Tree,Tree Trunk Split,In Progress,BRONX
70079596,2026-08-15T19:37:06.000,,DOHMH,Drinking Water,Illness Caused by Drinking Water,In Progress,QUEENS
70078371,2026-08-15T19:37:00.000,2026-08-15T23:43:01.000,NYPD,Noise - Residential,Banging/Pounding,Closed,BROOKLYN
70082462,2026-08-15T19:36:58.000,2026-08-15T20:05:33.000,NYPD,Noise - Street/Sidewalk,Loud Music/Party,Closed,QUEENS
70076821,2026-08-15T19:36:56.000,2026-08-15T20:25:05.000,NYPD,Noise - Residential,Banging/Pounding,Closed,BROOKLYN
70074952,2026-08-15T19:36:55.000,,DHS,Encampment,N/A,In Progress,MANHATTAN
70078646,2026-08-15T19:36:55.000,2026-08-15T20:33:10.000,NYPD,Encampment,N/A,Closed,MANHATTAN
70073537,2026-08-15T19:36:47.000,2026-08-15T20:09:05.000,NYPD,Noise - Commercial,Banging/Pounding,Closed,MANHATTAN
70074137,2026-08-15T19:36:42.000,2026-08-15T20:21:38.000,NYPD,Illegal Parking,Blocked Bike Lane,Closed,MANHATTAN
70076424,2026-08-15T19:36:36.000,2026-08-15T19:48:00.000,DEP,Water Maintenance,Water Main Break,Closed,QUEENS
70076224,2026-08-15T19:36:33.000,2026-08-15T20:32:01.000,NYPD,Illegal Parking,Blocked Hydrant,Closed,BRONX
70082380,2026-08-15T19:36:11.000,2026-08-16T00:27:03.000,NYPD,Noise - Residential,Loud Music/Party,Closed,QUEENS
70077149,2026-08-15T19:36:10.000,2026-08-15T20:46:43.000,NYPD,Illegal Parking,Posted Parking Sign Violation,Closed,QUEENS
70078370,2026-08-15T19:36:10.000,2026-08-15T23:27:36.000,NYPD,Noise - Residential,Loud Music/Party,Closed,BROOKLYN
70075458,2026-08-15T19:36:08.000,2026-08-15T19:58:40.000,NYPD,Noise - Street/Sidewalk,Loud Music/Party,Closed,BROOKLYN
70081922,2026-08-15T19:35:53.000,2026-08-15T20:25:00.000,NYPD,Bike/Roller/Skate,N/A,Closed,BROOKLYN
70076489,2026-08-15T19:35:50.000,2026-08-15T20:57:08.000,NYPD,Blocked Driveway,No Access,Closed,BRONX
70080390,2026-08-15T19:35:31.000,2026-08-15T20:09:04.000,NYPD,Blocked Driveway,No Access,Closed,BRONX
70078335,2026-08-15T19:35:27.000,,DOHMH,Rodent,Mouse Sighting,In Progress,BROOKLYN
70073984,2026-08-15T19:35:18.000,2026-08-15T21:59:07.000,NYPD,Illegal Parking,Commercial Overnight Parking,Closed,BRONX
70077300,2026-08-15T19:35:13.000,2026-08-15T21:50:10.000,NYPD,Encampment,N/A,Closed,QUEENS
70081647,2026-08-15T19:35:04.000,2026-08-15T20:04:15.000,NYPD,Noise - Commercial,Loud Music/Party,Closed,BRONX
70079156,2026-08-15T19:35:04.000,2026-08-15T19:50:56.000,NYPD,Noise - Residential,Loud Music/Party,Closed,BRONX
70077737,2026-08-15T19:34:59.000,2026-08-15T20:43:27.000,NYPD,Noise - Vehicle,Car/Truck Music,Closed,BRONX
70078463,2026-08-15T19:34:48.000,2026-08-15T20:05:20.000,NYPD,Blocked Driveway,No Access,Closed,QUEENS
70078679,2026-08-15T19:34:46.000,2026-08-15T19:36:40.000,NYPD,Noise - Street/Sidewalk,Loud Music/Party,Closed,MANHATTAN
70076794,2026-08-15T19:34:40.000,2026-08-15T19:55:36.000,NYPD,Illegal Parking,Blocked Sidewalk,Closed,BROOKLYN
70074120,2026-08-15T19:34:37.000,2026-08-15T22:37:48.000,NYPD,Illegal Parking,Posted Parking Sign Violation,Closed,BROOKLYN
70076406,2026-08-15T19:34:35.000,2026-08-15T19:40:05.000,DPR,Animal in a Park,Dog Off Leash,Closed,MANHATTAN
70078600,2026-08-15T19:34:21.000,2026-08-15T20:20:49.000,NYPD,Noise - Residential,Loud Music/Party,Closed,QUEENS
70078809,2026-08-15T19:34:20.000,,DSNY,Illegal Dumping,Removal Request,In Progress,BRONX
70073993,2026-08-15T19:34:17.000,2026-08-15T19:54:43.000,NYPD,Noise - Street/Sidewalk,Loud Music/Party,Closed,BRONX
70082399,2026-08-15T19:34:12.000,2026-08-15T20:18:11.000,NYPD,Illegal Parking,Posted Parking Sign Violation,Closed,QUEENS
70078703,2026-08-15T19:34:07.000,2026-08-15T20:42:46.000,NYPD,Noise - Residential,Loud Music/Party,Closed,MANHATTAN
70076635,2026-08-15T19:34:00.000,,NYPD,Noise - Residential,Loud Music/Party,In Progress,BROOKLYN
70076339,2026-08-15T19:34:00.000,2026-08-15T21:50:00.000,DOT,Traffic Signal Condition,Controller,Closed,BRONX
70080328,2026-08-15T19:33:56.000,2026-08-15T22:25:45.000,NYPD,Noise - Street/Sidewalk,Loud Music/Party,Closed,BRONX
70074178,2026-08-15T19:33:36.000,,DOT,Street Condition,Plate Condition - Noisy,In Progress,BROOKLYN
70075236,2026-08-15T19:33:34.000,2026-08-15T20:43:14.000,NYPD,Noise - Street/Sidewalk,Loud Music/Party,Closed,BRONX
70074777,2026-08-15T19:33:34.000,2026-08-15T20:44:07.000,NYPD,Blocked Driveway,No Access,Closed,QUEENS
70076538,2026-08-15T19:33:32.000,2026-08-15T22:00:22.000,NYPD,Noise - Vehicle,Car/Truck Music,Closed,BRONX
70073633,2026-08-15T19:33:20.000,2026-08-15T21:33:39.000,NYPD,Noise - Street/Sidewalk,Loud Music/Party,Closed,MANHATTAN
70074351,2026-08-15T19:33:15.000,,TLC,Lost Property,Bag/Wallet,In Progress,MANHATTAN
70081425,2026-08-15T19:33:15.000,,DOT,Outdoor Dining,Sidewalk Zone Blocked,In Progress,BRONX
70072858,2026-08-15T19:33:11.000,,DOT,Street Condition,Cave-in,In Progress,BROOKLYN
70080909,2026-08-15T19:33:03.000,2026-08-15T19:33:03.000,DOB,Elevator,Elevator - Multiple Devices On Property,Open,BROOKLYN
70079941,2026-08-15T19:32:44.000,2026-08-15T20:28:46.000,NYPD,Noise - Street/Sidewalk,Loud Music/Party,Closed,MANHATTAN
70074676,2026-08-15T19:32:44.000,2026-08-15T20:31:58.000,NYPD,Noise - Residential,Loud Music/Party,Closed,QUEENS
70072649,2026-08-15T19:32:40.000,2026-08-16T00:58:00.000,NYPD,Noise - Street/Sidewalk,Loud Music/Party,Closed,BRONX
70078334,2026-08-15T19:32:25.000,,DOHMH,Rodent,Rat Sighting,In Progress,QUEENS
70072935,2026-08-15T19:32:23.000,2026-08-15T19:58:43.000,NYPD,Illegal Parking,License Plate Obscured,Closed,BROOKLYN
70080309,2026-08-15T19:32:20.000,2026-08-16T01:31:13.000,NYPD,Noise - Vehicle,Car/Truck Music,Closed,BRONX
70074719,2026-08-15T19:32:15.000,2026-08-15T23:49:59.000,NYPD,Illegal Parking,Blocked Sidewalk,Closed,QUEENS
70073549,2026-08-15T19:32:01.000,2026-08-15T21:09:23.000,NYPD,Noise - Street/Sidewalk,Loud Music/Party,Closed,MANHATTAN
70078445,2026-08-15T19:31:49.000,2026-08-15T19:44:44.000,NYPD,Blocked Driveway,No Access,Closed,QUEENS
70076149,2026-08-15T19:31:37.000,2026-08-15T20:36:38.000,NYPD,Noise - Residential,Loud Music/Party,Closed,MANHATTAN
70073139,2026-08-15T19:31:14.000,,HPD,HEAT/HOT WATER,ENTIRE BUILDING,Open,MANHATTAN
70081942,2026-08-15T19:30:53.000,2026-08-15T21:40:36.000,NYPD,Illegal Parking,Blocked Hydrant,Closed,BROOKLYN
70076120,2026-08-15T19:30:53.000,2026-08-15T21:24:49.000,NYPD,Bike/Roller/Skate,N/A,Closed,STATEN ISLAND
70076169,2026-08-15T19:30:41.000,2026-08-15T20:13:13.000,NYPD,Noise - Street/Sidewalk,Loud Music/Party,Closed,MANHATTAN
70078115,2026-08-15T19:30:39.000,2026-08-15T19:44:43.000,NYPD,Noise - Commercial,Loud Music/Party,Closed,BROOKLYN
70075253,2026-08-15T19:30:36.000,2026-08-15T22:47:14.000,NYPD,Noise - Street/Sidewalk,Loud Music/Party,Closed,BRONX
70072926,2026-08-15T19:30:32.000,2026-08-15T19:59:08.000,NYPD,Noise - Street/Sidewalk,Loud Music/Party,Closed,BROOKLYN
70081193,2026-08-15T19:30:30.000,,NYPD,Blocked Driveway,No Access,In Progress,STATEN ISLAND
70079200,2026-08-15T19:30:29.000,2026-08-15T22:26:35.000,NYPD,Blocked Driveway,No Access,Closed,BROOKLYN
70074820,2026-08-15T19:29:36.000,,NYPD,Noise - Residential,Loud Music/Party,In Progress,STATEN ISLAND
70076699,2026-08-15T19:29:31.000,2026-08-15T21:59:07.000,NYPD,Noise - Residential,Loud Music/Party,Closed,BROOKLYN
70081557,2026-08-15T19:29:15.000,,DEP,Water Maintenance,Fire Hydrant Running Full,In Progress,BRONX
70082414,2026-08-15T19:29:13.000,2026-08-15T22:37:53.000,NYPD,Noise - Residential,Banging/Pounding,Closed,QUEENS
70077494,2026-08-15T19:29:09.000,,DPR,Animal in a Park,Dead Animal,In Progress,MANHATTAN
70073803,2026-08-15T19:29:08.000,2026-08-15T19:41:18.000,DPR,Violation of Park Rules,Obstructing Public Use,Closed,BROOKLYN
70076428,2026-08-15T19:29:07.000,,DEP,Water Maintenance,Fire Hydrant Running Full,In Progress,MANHATTAN
70079475,2026-08-15T19:29:00.000,,DOT,Street Light Condition,Street Light Out,Open,BRONX
70081362,2026-08-15T19:28:42.000,,DSNY,Dirty Condition,Dirt or Gravel,In Progress,QUEENS
70072857,2026-08-15T19:28:40.000,,DOT,Street Condition,Defective Hardware,In Progress,BROOKLYN
70074474,2026-08-15T19:28:37.000,,HPD,HEAT/HOT WATER,APARTMENT ONLY,Open,MANHATTAN
70076563,2026-08-15T19:28:36.000,2026-08-15T23:48:11.000,NYPD,Illegal Parking,Commercial Overnight Parking,Closed,BRONX
70075657,2026-08-15T19:28:34.000,,TLC,Lost Property,Bag/Wallet,In Progress,MANHATTAN
70072645,2026-08-15T19:28:32.000,2026-08-15T20:42:47.000,NYPD,Noise - Street/Sidewalk,Loud Music/Party,Closed,BRONX
70074764,2026-08-15T19:28:18.000,2026-08-15T19:40:03.000,NYPD,Noise - Park,Loud Music/Party,Closed,QUEENS
70072821,2026-08-15T19:28:05.000,2026-08-15T20:04:15.000,NYPD,Noise - Street/Sidewalk,Loud Music/Party,Closed,MANHATTAN
70072569,2026-08-15T19:27:58.000,,DEP,Sewer Maintenance,Manhole Overflow,In Progress,BROOKLYN
70074966,2026-08-15T19:27:57.000,,DSNY,Dirty Condition,Trash,In Progress,STATEN ISLAND
70079126,2026-08-15T19:27:34.000,2026-08-15T19:49:41.000,NYPD,Illegal Parking,Double Parked Blocking Traffic,Closed,BRONX
70075534,2026-08-15T19:27:26.000,2026-08-15T21:07:52.000,NYPD,Noise - Street/Sidewalk,Loud Music/Party,Closed,BROOKLYN
70073700,2026-08-15T19:27:18.000,,DSNY,Dirty Condition,Trash,In Progress,QUEENS
70079803,2026-08-15T19:27:15.000,2026-08-15T21:27:10.000,NYPD,Noise - Park,Loud Music/Party,Closed,QUEENS
70082317,2026-08-15T19:27:06.000,,NYPD,Illegal Parking,Posted Parking Sign Violation,In Progress,MANHATTAN
70078588,2026-08-15T19:26:54.000,2026-08-15T21:25:52.000,NYPD,Noise - Park,Loud Music/Party,Closed,QUEENS
70073311,2026-08-15T19:26:47.000,2026-08-15T23:17:48.000,NYPD,Abandoned Vehicle,With License Plate,Closed,QUEENS
70077956,2026-08-15T19:26:38.000,2026-08-15T20:09:05.000,NYPD,Blocked Driveway,Partial Access,Closed,BROOKLYN
70078749,2026-08-15T19:26:33.000,2026-08-15T19:48:32.000,NYPD,Noise - Park,Loud Music/Party,Closed,BRONX
70072775,2026-08-15T19:26:26.000,2026-08-16T01:04:44.000,NYPD,Blocked Driveway,No Access,Closed,BROOKLYN
70075658,2026-08-15T19:26:22.000,,TLC,Lost Property,Other,In Progress,MANHATTAN
70077774,2026-08-15T19:26:16.000,2026-08-15T21:03:32.000,NYPD,Illegal Parking,Blocked Bike Lane,Closed,BRONX
70077636,2026-08-15T19:26:14.000,2026-08-15T19:40:21.000,DPR,Violation of Park Rules,Smoking,Closed,MANHATTAN
70080949,2026-08-15T19:25:59.000,2026-08-15T21:43:44.000,NYPD,Noise - Street/Sidewalk,Loud Music/Party,Closed,MANHATTAN
70073369,2026-08-15T19:25:46.000,2026-08-15T22:37:51.000,NYPD,Noise - Residential,Loud Music/Party,Closed,QUEENS
70077534,2026-08-15T19:25:43.000,,DSNY,Dirty Condition,Trash,In Progress,BROOKLYN
70074036,2026-08-15T19:25:42.000,2026-08-15T20:51:20.000,NYPD,Illegal Parking,Blocked Sidewalk,Closed,BRONX
70072769,2026-08-15T19:25:32.000,,NYPD,Blocked Driveway,No Access,In Progress,BROOKLYN
70073323,2026-08-15T19:25:16.000,2026-08-15T22:42:50.000,NYPD,Illegal Parking,Posted Parking Sign Violation,Closed,QUEENS
70076967,2026-08-15T19:25:04.000,,HPD,WATER LEAK,HEAVY FLOW,Open,BROOKLYN
70080760,2026-08-15T19:25:00.000,,DOT,Street Light Condition,Street Light Out,Open,QUEENS
70079498,2026-08-15T19:24:59.000,,HPD,WATER LEAK,HEAVY FLOW,Open,BROOKLYN
70073110,2026-08-15T19:24:59.000,,HPD,UNSANITARY CONDITION,MOLD,Open,BROOKLYN
70075046,2026-08-15T19:24:53.000,,DOT,Street Condition,Pothole,Open,QUEENS
70073958,2026-08-15T19:24:52.000,2026-08-15T20:47:25.000,NYPD,Noise - Residential,Banging/Pounding,Closed,BRONX
70081153,2026-08-15T19:24:45.000,2026-08-15T21:15:13.000,NYPD,Noise - Vehicle,Engine Idling,Closed,QUEENS
70078331,2026-08-15T19:24:24.000,,DOHMH,Rodent,Signs of Rodents,In Progress,BROOKLYN
70073718,2026-08-15T19:24:14.000,,DSNY,Obstruction,Merchandise,In Progress,BROOKLYN
70082047,2026-08-15T19:24:09.000,2026-08-15T19:55:26.000,NYPD,Blocked Driveway,No Access,Closed,BROOKLYN
70075308,2026-08-15T19:24:06.000,2026-08-15T23:48:25.000,NYPD,Illegal Parking,Commercial Overnight Parking,Closed,BRONX
70081967,2026-08-15T19:24:03.000,2026-08-16T00:11:23.000,NYPD,Animal-Abuse,Neglected,Closed,BROOKLYN
70078001,2026-08-15T19:23:59.000,2026-08-15T19:48:59.000,NYPD,Noise - Street/Sidewalk,Loud Music/Party,Closed,BROOKLYN
70075831,2026-08-15T19:23:56.000,,DPR,Overgrown Tree/Branches,Blocking Street,In Progress,BROOKLYN
70081660,2026-08-15T19:23:49.000,2026-08-15T22:20:40.000,NYPD,Noise - Vehicle,Car/Truck Music,Closed,BRONX
70079905,2026-08-15T19:23:48.000,2026-08-15T21:14:43.000,NYPD,Noise - Street/Sidewalk,Loud Music/Party,Closed,MANHATTAN
70074156,2026-08-15T19:23:48.000,2026-08-15T23:14:55.000,NYPD,Drug Activity,Use Outside,Closed,BROOKLYN
70073942,2026-08-15T19:23:41.000,,NYPD,Noise - Street/Sidewalk,Loud Music/Party,In Progress,BRONX
70082723,2026-08-15T19:23:39.000,,DSNY,Residential Disposal Complaint,Trash or Recycling Not Secure,In Progress,BRONX
70074253,2026-08-15T19:23:36.000,2026-08-15T19:54:23.000,NYPD,Blocked Driveway,No Access,Closed,BROOKLYN
70073076,2026-08-15T19:23:14.000,,DOHMH,Food Poisoning,1 or 2,In Progress,QUEENS
70079404,2026-08-15T19:22:59.000,2026-08-15T20:12:41.000,NYPD,Illegal Parking,Blocked Hydrant,Closed,BROOKLYN
70077668,2026-08-15T19:22:45.000,2026-08-15T23:32:00.000,DEP,Water Maintenance,Fire Hydrant Running Full,Closed,MANHATTAN
70079753,2026-08-15T19:22:31.000,,NYPD,Abandoned Vehicle,With License Plate,In Progress,QUEENS
70075146,2026-08-15T19:22:14.000,,DEP,Sewer Maintenance,Catch Basin Search,In Progress,BRONX
70077371,2026-08-15T19:22:13.000,2026-08-15T20:11:06.000,NYPD,Graffiti,Police Report Not Requested,Closed,STATEN ISLAND
70078143,2026-08-15T19:22:11.000,2026-08-15T19:28:54.000,NYPD,Illegal Parking,Blocked Sidewalk,Closed,BROOKLYN
70081433,2026-08-15T19:22:03.000,2026-08-15T20:51:47.000,NYPD,Illegal Parking,Commercial Overnight Parking,Closed,QUEENS
70080805,2026-08-15T19:22:02.000,,HPD,UNSANITARY CONDITION,MOLD,Open,BROOKLYN
70079214,2026-08-15T19:21:56.000,2026-08-16T01:04:32.000,NYPD,Blocked Driveway,No Access,Closed,BROOKLYN
70073426,2026-08-15T19:21:54.000,2026-08-15T21:27:31.000,NYPD,Noise - Park,Loud Music/Party,Closed,QUEENS
70075913,2026-08-15T19:21:47.000,2026-08-15T23:06:53.000,NYPD,Blocked Driveway,No Access,Closed,QUEENS
70080384,2026-08-15T19:21:16.000,2026-08-15T19:24:47.000,NYPD,Noise - Street/Sidewalk,Loud Music/Party,Closed,BRONX
70079737,2026-08-15T19:21:15.000,2026-08-15T20:25:01.000,NYPD,Noise - Street/Sidewalk,Loud Music/Party,Closed,QUEENS
70076115,2026-08-15T19:21:15.000,2026-08-16T00:50:56.000,NYPD,Illegal Parking,Double Parked Blocking Traffic,Closed,STATEN ISLAND
70076703,2026-08-15T19:21:02.000,2026-08-15T20:52:13.000,NYPD,Noise - Residential,Loud Music/Party,Closed,BROOKLYN
70073197,2026-08-15T19:21:01.000,2026-08-15T19:21:01.000,DOB,Elevator,Elevator - Single Device On Property/No Alternate Service,Open,BRONX
70078124,2026-08-15T19:20:39.000,2026-08-15T20:13:01.000,NYPD,Illegal Parking,Blocked Hydrant,Closed,BROOKLYN
70079360,2026-08-15T19:20:17.000,2026-08-15T22:20:36.000,NYPD,Noise - Street/Sidewalk,Loud Music/Party,Closed,BROOKLYN
70073544,2026-08-15T19:20:02.000,2026-08-15T21:14:52.000,NYPD,Illegal Parking,Blocked Bike Lane,Closed,MANHATTAN
70081330,2026-08-15T19:19:58.000,,DPR,Maintenance or Facility,Structure - Indoors,In Progress,BROOKLYN
70081335,2026-08-15T19:19:54.000,,DPR,Maintenance or Facility,Hours of Operation,In Progress,MANHATTAN
70073614,2026-08-15T19:19:42.000,2026-08-15T19:55:24.000,NYPD,Illegal Parking,Double Parked Blocking Vehicle,Closed,MANHATTAN
70073567,2026-08-15T19:19:41.000,2026-08-15T22:39:58.000,NYPD,Illegal Parking,Blocked Sidewalk,Closed,MANHATTAN
70079226,2026-08-15T19:19:33.000,2026-08-15T22:07:18.000,NYPD,Noise - Vehicle,Engine Idling,Closed,BROOKLYN
70073849,2026-08-15T19:19:33.000,2026-08-15T19:20:00.000,DEP,Sewer Maintenance,Manhole Overflow,Closed,BROOKLYN
70077026,2026-08-15T19:19:32.000,,HPD,HEAT/HOT WATER,ENTIRE BUILDING,Open,BROOKLYN
70075598,2026-08-15T19:19:11.000,2026-08-15T19:26:48.000,NYPD,Illegal Parking,Posted Parking Sign Violation,Closed,BROOKLYN
70081936,2026-08-15T19:19:10.000,2026-08-15T19:49:22.000,NYPD,Noise - Residential,Loud Music/Party,Closed,BROOKLYN
70082174,2026-08-15T19:19:06.000,,HPD,UNSANITARY CONDITION,GARBAGE/RECYCLING STORAGE,Open,QUEENS
70077799,2026-08-15T19:19:06.000,2026-08-15T21:34:28.000,NYPD,Noise - Street/Sidewalk,Loud Music/Party,Closed,BRONX
70074056,2026-08-15T19:19:05.000,2026-08-15T19:58:41.000,NYPD,Noise - Street/Sidewalk,Loud Music/Party,Closed,MANHATTAN
70081676,2026-08-15T19:19:01.000,2026-08-15T19:58:40.000,NYPD,Noise - Residential,Loud Music/Party,Closed,BRONX
70078656,2026-08-15T19:19:00.000,2026-08-15T22:02:58.000,NYPD,Illegal Parking,Commercial Overnight Parking,Closed,MANHATTAN
70078548,2026-08-15T19:18:58.000,2026-08-15T21:52:56.000,NYPD,Illegal Parking,Blocked Sidewalk,Closed,QUEENS
70074315,2026-08-15T19:18:55.000,2026-08-15T20:12:57.000,NYPD,Illegal Parking,Blocked Hydrant,Closed,BROOKLYN
70073337,2026-08-15T19:18:55.000,2026-08-16T00:27:03.000,NYPD,Noise - Residential,Loud Music/Party,Closed,QUEENS
70077987,2026-08-15T19:18:20.000,,DOT,Street Condition,Plate Condition - Noisy,In Progress,BROOKLYN
70077788,2026-08-15T19:18:10.000,,NYPD,Noise - Street/Sidewalk,Loud Music/Party,In Progress,BRONX
70077072,2026-08-15T19:18:00.000,2026-08-15T19:18:00.000,DOB,Elevator,Elevator - Multiple Devices On Property,Open,BRONX
70078429,2026-08-15T19:17:50.000,,NYPD,Abandoned Vehicle,With License Plate,In Progress,QUEENS
70082481,2026-08-15T19:17:23.000,2026-08-15T19:40:26.000,NYPD,Noise - Street/Sidewalk,Loud Music/Party,Closed,QUEENS
70081542,2026-08-15T19:17:20.000,,DEP,Sewer Maintenance,Catch Basin Search,In Progress,BRONX
70079777,2026-08-15T19:17:17.000,2026-08-15T19:27:56.000,NYPD,Illegal Parking,Blocked Sidewalk,Closed,QUEENS
70076210,2026-08-15T19:16:34.000,2026-08-15T22:53:18.000,NYPD,Noise - Street/Sidewalk,Loud Music/Party,Closed,MANHATTAN
70072785,2026-08-15T19:16:28.000,2026-08-15T21:53:26.000,NYPD,Noise - Residential,Loud Music/Party,Closed,BROOKLYN
70082470,2026-08-15T19:16:19.000,2026-08-15T19:54:24.000,NYPD,Blocked Driveway,Partial Access,Closed,QUEENS
70077185,2026-08-15T19:15:49.000,,NYPD,Blocked Driveway,Partial Access,In Progress,QUEENS
70079922,2026-08-15T19:15:48.000,2026-08-15T19:19:23.000,NYPD,Noise - Street/Sidewalk,Loud Music/Party,Closed,MANHATTAN
70077976,2026-08-15T19:15:47.000,2026-08-15T21:37:48.000,NYPD,Noise - Residential,Loud Music/Party,Closed,BROOKLYN
70078480,2026-08-15T19:15:37.000,,NYPD,Traffic,Drag Racing,In Progress,QUEENS
70082374,2026-08-15T19:15:36.000,,NYPD,Illegal Parking,Blocked Hydrant,In Progress,QUEENS
70078343,2026-08-15T19:15:35.000,,DPR,Illegal Tree Damage,Unauthorized Tree Removal,In Progress,BROOKLYN
70076801,2026-08-15T19:15:26.000,2026-08-15T20:47:36.000,NYPD,Noise - Residential,Loud Talking,Closed,BROOKLYN
70073800,2026-08-15T19:15:18.000,2026-08-15T19:17:16.000,DPR,Animal in a Park,Injured Wildlife,Closed,MANHATTAN
70073577,2026-08-15T19:15:11.000,2026-08-15T20:47:35.000,NYPD,Noise - Street/Sidewalk,Loud Music/Party,Closed,MANHATTAN
70074192,2026-08-15T19:15:02.000,2026-08-15T19:44:44.000,NYPD,Noise - Vehicle,Car/Truck Music,Closed,BROOKLYN
70082340,2026-08-15T19:14:59.000,2026-08-15T21:00:30.000,NYPD,Noise - Street/Sidewalk,Loud Talking,Closed,QUEENS
70077988,2026-08-15T19:14:57.000,,DOT,Sidewalk Condition,Sidewalk Collapsed,In Progress,QUEENS
70076947,2026-08-15T19:14:37.000,,DOHMH,Indoor Air Quality,Other (Explain Below),In Progress,BRONX
70080559,2026-08-15T19:14:31.000,,DOT,Street Condition,Defective Hardware,In Progress,QUEENS
70075868,2026-08-15T19:14:26.000,2026-08-15T20:19:47.000,NYPD,Noise - Residential,Loud Talking,Closed,QUEENS
70076293,2026-08-15T19:14:08.000,,DSNY,Illegal Dumping,Removal Request,In Progress,BROOKLYN
70075932,2026-08-15T19:14:04.000,2026-08-15T21:25:51.000,NYPD,Illegal Parking,Blocked Sidewalk,Closed,QUEENS
70077817,2026-08-15T19:13:58.000,2026-08-15T19:50:03.000,NYPD,Noise - Residential,Banging/Pounding,Closed,BRONX
70073932,2026-08-15T19:13:22.000,2026-08-15T19:48:53.000,NYPD,Noise - Residential,Loud Music/Party,Closed,BRONX
70080967,2026-08-15T19:13:15.000,2026-08-15T19:17:03.000,NYPD,Encampment,N/A,Closed,MANHATTAN
70079577,2026-08-15T19:13:15.000,,HPD,FLOORING/STAIRS,FLOOR,Open,BROOKLYN
70076238,2026-08-15T19:13:15.000,,DHS,Encampment,N/A,In Progress,MANHATTAN
70082398,2026-08-15T19:13:02.000,2026-08-15T20:04:16.000,NYPD,Noise - Commercial,Loud Music/Party,Closed,QUEENS
70076705,2026-08-15T19:13:02.000,2026-08-15T19:25:29.000,NYPD,Noise - Residential,Banging/Pounding,Closed,BROOKLYN
70073262,2026-08-15T19:12:52.000,2026-08-15T19:51:13.000,NYPD,Noise - Street/Sidewalk,Loud Music/Party,Closed,BRONX
70080349,2026-08-15T19:12:38.000,2026-08-15T20:43:21.000,NYPD,Noise - Street/Sidewalk,Loud Music/Party,Closed,BRONX
70074206,2026-08-15T19:12:32.000,,NYPD,Illegal Parking,Parking Permit Improper Use,In Progress,BROOKLYN
70079068,2026-08-15T19:12:29.000,2026-08-15T19:44:44.000,NYPD,Illegal Parking,Blocked Hydrant,Closed,BRONX
70076508,2026-08-15T19:12:18.000,2026-08-15T22:55:54.000,NYPD,Noise - Vehicle,Car/Truck Music,Closed,BRONX
70080719,2026-08-15T19:11:58.000,,TLC,For Hire Vehicle Complaint,Driver Complaint - Non Passenger,In Progress,BRONX
70081878,2026-08-15T19:11:43.000,2026-08-15T20:13:51.000,NYPD,Illegal Parking,Blocked Sidewalk,Closed,BROOKLYN
70080467,2026-08-15T19:11:36.000,2026-08-15T20:11:58.000,NYPD,Noise - Residential,Banging/Pounding,Closed,BROOKLYN
70079642,2026-08-15T19:11:22.000,,DPR,Overgrown Tree/Branches,Traffic Sign or Signal Blocked,In Progress,STATEN ISLAND
70077631,2026-08-15T19:11:20.000,2026-08-15T19:35:08.000,DOHMH,Mosquitoes,Large Number of Mosquitoes,Closed,QUEENS
70075546,2026-08-15T19:11:02.000,2026-08-15T19:47:56.000,NYPD,Noise - Street/Sidewalk,Loud Talking,Closed,BROOKLYN
70080122,2026-08-15T19:11:00.000,,DOT,Traffic Signal Condition,Veh Signal Lamp,Open,BROOKLYN
70080647,2026-08-15T19:10:55.000,2026-08-15T20:01:14.000,NYPD,Noise - Residential,Loud Music/Party,Closed,BROOKLYN
70073359,2026-08-15T19:10:40.000,2026-08-15T21:35:11.000,NYPD,Noise - Street/Sidewalk,Loud Music/Party,Closed,QUEENS
70080247,2026-08-15T19:10:30.000,,DEP,Water Maintenance,Fire Hydrant Running,In Progress,MANHATTAN
70078437,2026-08-15T19:10:30.000,2026-08-15T20:42:48.000,NYPD,Noise - Residential,Loud Music/Party,Closed,QUEENS
70077829,2026-08-15T19:10:25.000,2026-08-15T19:24:05.000,NYPD,Noise - Vehicle,Car/Truck Music,Closed,BRONX
70076808,2026-08-15T19:10:24.000,2026-08-15T20:04:17.000,NYPD,Noise - Residential,Loud Music/Party,Closed,BROOKLYN
70078856,2026-08-15T19:10:17.000,,DOT,Outdoor Dining,Sidewalk Zone Blocked,In Progress,BROOKLYN
70079189,2026-08-15T19:10:10.000,2026-08-15T21:50:12.000,NYPD,Illegal Parking,Blocked Crosswalk,Closed,BROOKLYN
70073268,2026-08-15T19:10:08.000,2026-08-15T20:18:10.000,NYPD,Drug Activity,Use Indoor,Closed,QUEENS
70079452,2026-08-15T19:10:01.000,,TLC,For Hire Vehicle Complaint,Driver Complaint - Non Passenger,In Progress,MANHATTAN
70073470,2026-08-15T19:09:40.000,2026-08-15T21:25:36.000,NYPD,Noise - Street/Sidewalk,Loud Music/Party,Closed,QUEENS
70078030,2026-08-15T19:09:34.000,2026-08-15T19:35:50.000,NYPD,Blocked Driveway,No Access,Closed,BROOKLYN
70075852,2026-08-15T19:09:34.000,,NYPD,Noise - Residential,Loud Music/Party,In Progress,BROOKLYN
70081067,2026-08-15T19:09:12.000,2026-08-15T19:58:39.000,NYPD,Illegal Parking,License Plate Obscured,Closed,QUEENS
70080289,2026-08-15T19:09:11.000,2026-08-15T20:04:16.000,NYPD,Noise - Residential,Banging/Pounding,Closed,BRONX
70080638,2026-08-15T19:09:11.000,2026-08-15T19:24:17.000,NYPD,Noise - Street/Sidewalk,Loud Music/Party,Closed,BROOKLYN
70082033,2026-08-15T19:09:07.000,2026-08-15T19:26:09.000,NYPD,Illegal Parking,Posted Parking Sign Violation,Closed,BROOKLYN
70075407,2026-08-15T19:08:43.000,2026-08-15T22:03:26.000,NYPD,Noise - Residential,Loud Music/Party,Closed,BROOKLYN
70076552,2026-08-15T19:08:34.000,2026-08-15T21:41:18.000,NYPD,Noise - Commercial,Loud Music/Party,Closed,BRONX
70077348,2026-08-15T19:08:31.000,,NYPD,Noise - Residential,Loud Music/Party,In Progress,STATEN ISLAND
70080764,2026-08-15T19:08:00.000,,DOT,Street Light Condition,Street Light Out,Open,STATEN ISLAND
70081866,2026-08-15T19:07:54.000,2026-08-16T01:00:07.000,NYPD,Illegal Parking,Blocked Sidewalk,Closed,BROOKLYN
70081598,2026-08-15T19:07:47.000,,DEP,Noise,Construction,In Progress,BROOKLYN
70074202,2026-08-15T19:07:41.000,2026-08-15T19:44:52.000,NYPD,Noise - Vehicle,Engine Idling,Closed,BROOKLYN
70073425,2026-08-15T19:07:40.000,2026-08-15T19:49:52.000,NYPD,Noise - Residential,Loud Music/Party,Closed,QUEENS
70078310,2026-08-15T19:07:31.000,2026-08-15T21:26:17.000,DHS,Homeless Person Assistance,Chronic,Closed,MANHATTAN
70078527,2026-08-15T19:07:18.000,2026-08-15T19:21:33.000,NYPD,Illegal Parking,Posted Parking Sign Violation,Closed,QUEENS
70081255,2026-08-15T19:07:10.000,2026-08-15T19:20:36.000,NYPD,Noise - Commercial,Loud Music/Party,Closed,MANHATTAN
70079104,2026-08-15T19:07:09.000,2026-08-15T21:07:51.000,NYPD,Noise - Vehicle,Car/Truck Music,Closed,BRONX
70077394,2026-08-15T19:06:57.000,2026-08-15T19:41:41.000,NYPD,Noise - Street/Sidewalk,Loud Music/Party,Closed,MANHATTAN
70078433,2026-08-15T19:06:55.000,2026-08-15T21:11:11.000,NYPD,Noise - Vehicle,Car/Truck Music,Closed,QUEENS
70081204,2026-08-15T19:06:53.000,2026-08-15T22:23:37.000,NYPD,Non-Emergency Police Matter,Trespassing,Closed,STATEN ISLAND
70082215,2026-08-15T19:06:44.000,,HPD,FLOORING/STAIRS,FLOOR,Open,BRONX
70073163,2026-08-15T19:06:44.000,,HPD,FLOORING/STAIRS,FLOOR,Open,BRONX
70074891,2026-08-15T19:06:35.000,2026-08-15T20:05:26.000,NYPD,Noise - Street/Sidewalk,Loud Music/Party,Closed,MANHATTAN
70082221,2026-08-15T19:06:33.000,,HPD,ELECTRIC,POWER OUTAGE,Open,STATEN ISLAND
70079978,2026-08-15T19:06:21.000,2026-08-15T23:06:53.000,NYPD,Noise - Street/Sidewalk,Loud Music/Party,Closed,MANHATTAN
70081431,2026-08-15T19:06:02.000,2026-08-15T21:33:13.000,NYPD,Blocked Driveway,No Access,Closed,QUEENS
70077574,2026-08-15T19:06:00.000,2026-08-15T20:55:00.000,DOT,Traffic Signal Condition,Controller,Closed,QUEENS
70074751,2026-08-15T19:05:59.000,2026-08-15T22:37:48.000,NYPD,Abandoned Vehicle,With License Plate,Closed,QUEENS
70075819,2026-08-15T19:05:58.000,2026-08-15T19:05:58.000,DOB,Elevator,Elevator - Multiple Devices On Property,Open,BRONX
70073706,2026-08-15T19:05:56.000,,DSNY,Dirty Condition,Trash,In Progress,MANHATTAN
70077762,2026-08-15T19:05:54.000,2026-08-15T22:40:28.000,NYPD,Noise - Street/Sidewalk,Loud Music/Party,Closed,BRONX
70077098,2026-08-15T19:05:43.000,,DPR,Illegal Tree Damage,Branches Damaged,In Progress,QUEENS
70074833,2026-08-15T19:05:38.000,,NYPD,Noise - Residential,Banging/Pounding,In Progress,MANHATTAN
70081354,2026-08-15T19:05:30.000,,DSNY,Litter Basket Request,New Basket,In Progress,BROOKLYN
70074159,2026-08-15T19:05:26.000,2026-08-15T19:58:40.000,NYPD,Noise - Street/Sidewalk,Loud Music/Party,Closed,BROOKLYN
70076077,2026-08-15T19:05:26.000,2026-08-16T00:09:57.000,NYPD,Blocked Driveway,Partial Access,Closed,QUEENS
70078138,2026-08-15T19:05:00.000,2026-08-15T20:28:54.000,NYPD,Illegal Parking,Blocked Bike Lane,Closed,BROOKLYN
70078524,2026-08-15T19:04:57.000,,NYPD,Illegal Parking,Blocked Hydrant,In Progress,QUEENS
70078657,2026-08-15T19:04:57.000,2026-08-15T19:17:04.000,NYPD,Noise - Street/Sidewalk,Loud Music/Party,Closed,MANHATTAN
70079087,2026-08-15T19:04:56.000,2026-08-15T21:36:23.000,NYPD,Noise - Street/Sidewalk,Loud Music/Party,Closed,BRONX
70073266,2026-08-15T19:04:50.000,2026-08-15T19:40:41.000,NYPD,Noise - Residential,Loud Music/Party,Closed,BRONX
70077122,2026-08-15T19:04:45.000,2026-08-15T19:51:08.000,NYPD,Noise - Street/Sidewalk,Loud Music/Party,Closed,BRONX
70073525,2026-08-15T19:04:44.000,,NYPD,Noise - Residential,Banging/Pounding,In Progress,MANHATTAN
70081167,2026-08-15T19:04:19.000,2026-08-15T21:38:54.000,NYPD,Noise - Residential,Loud Music/Party,Closed,QUEENS
70073048,2026-08-15T19:04:17.000,,DCWP,Consumer Complaint,"Bodega, Deli, or Convenience Store",In Progress,BROOKLYN
70082272,2026-08-15T19:04:00.000,,DPR,Illegal Tree Damage,Branches Damaged,In Progress,MANHATTAN
70077688,2026-08-15T19:03:52.000,,DEP,Sewer Maintenance,Catch Basin Sunken,In Progress,QUEENS
70079225,2026-08-15T19:03:50.000,2026-08-16T00:42:53.000,NYPD,Blocked Driveway,No Access,Closed,BROOKLYN
70074193,2026-08-15T19:03:47.000,2026-08-15T19:35:51.000,NYPD,Noise - Vehicle,Car/Truck Music,Closed,BROOKLYN
70073670,2026-08-15T19:03:46.000,,DSNY,Dirty Condition,Dirt or Gravel,In Progress,STATEN ISLAND
70078299,2026-08-15T19:03:45.000,,HPD,ELECTRIC,POWER OUTAGE,Open,MANHATTAN
70076549,2026-08-15T19:03:44.000,2026-08-15T19:18:30.000,NYPD,Noise - Residential,Banging/Pounding,Closed,BRONX
70075956,2026-08-15T19:03:38.000,2026-08-15T19:20:07.000,NYPD,Illegal Parking,Blocked Hydrant,Closed,QUEENS
70080604,2026-08-15T19:03:24.000,2026-08-15T19:14:02.000,NYPD,Noise - Street/Sidewalk,Loud Music/Party,Closed,BROOKLYN
70079654,2026-08-15T19:03:10.000,2026-08-15T19:32:34.000,NYPD,Noise - Residential,Loud Music/Party,Closed,MANHATTAN
70078826,2026-08-15T19:03:07.000,,DSNY,Dirty Condition,Trash,In Progress,BROOKLYN
70075818,2026-08-15T19:02:57.000,2026-08-15T19:02:57.000,DOB,Elevator,Elevator - Multiple Devices On Property,Open,BRONX
70080872,2026-08-15T19:02:54.000,,HPD,ELECTRIC,LIGHTING,Open,BRONX
70079512,2026-08-15T19:02:54.000,,HPD,UNSANITARY CONDITION,PESTS,Open,BRONX
70078292,2026-08-15T19:02:54.000,,HPD,GENERAL,BELL/BUZZER/INTERCOM,Open,BRONX
70076992,2026-08-15T19:02:54.000,,HPD,UNSANITARY CONDITION,MOLD,Open,BRONX
70074471,2026-08-15T19:02:54.000,,HPD,HEAT/HOT WATER,ENTIRE BUILDING,Open,BRONX
70074409,2026-08-15T19:02:54.000,,HPD,WATER LEAK,DAMP SPOT,Open,BRONX
70075650,2026-08-15T19:02:47.000,,TLC,For Hire Vehicle Complaint,Driver Complaint - Non Passenger,In Progress,MANHATTAN
70079339,2026-08-15T19:02:39.000,2026-08-15T21:39:08.000,NYPD,Non-Emergency Police Matter,Trespassing,Closed,BROOKLYN
70076762,2026-08-15T19:02:38.000,,DOT,Sidewalk Condition,Defective Hardware,In Progress,QUEENS
70074641,2026-08-15T19:02:20.000,2026-08-15T19:17:40.000,NYPD,Blocked Driveway,No Access,Closed,QUEENS
70082261,2026-08-15T19:02:10.000,,DOHMH,Rodent,Rat Sighting,In Progress,QUEENS
70074332,2026-08-15T19:02:09.000,2026-08-15T19:19:55.000,NYPD,Illegal Parking,Blocked Sidewalk,Closed,BROOKLYN
70078317,2026-08-15T19:01:47.000,,DHS,Homeless Person Assistance,Non-Chronic,In Progress,BROOKLYN
70075806,2026-08-15T19:01:44.000,2026-08-15T23:05:35.000,DHS,Homeless Person Assistance,Non-Chronic,Closed,QUEENS
70079035,2026-08-15T19:01:28.000,2026-08-15T21:07:52.000,NYPD,Illegal Parking,Blocked Bike Lane,Closed,BRONX
70073973,2026-08-15T19:01:23.000,2026-08-15T19:47:55.000,NYPD,Noise - Residential,Banging/Pounding,Closed,BRONX
70073829,2026-08-15T19:01:22.000,,DEP,Water Maintenance,Fire Hydrant Running Full,In Progress,QUEENS
70081913,2026-08-15T19:01:21.000,,DOT,Street Condition,Cave-in,In Progress,BROOKLYN
70073022,2026-08-15T19:01:07.000,,TLC,For Hire Vehicle Complaint,Driver Complaint - Non Passenger,In Progress,MANHATTAN
70074917,2026-08-15T19:00:59.000,2026-08-15T23:07:53.000,NYPD,Noise - Street/Sidewalk,Loud Music/Party,Closed,MANHATTAN
70074470,2026-08-15T19:00:55.000,,HPD,HEAT/HOT WATER,ENTIRE BUILDING,Open,BRONX
70076802,2026-08-15T19:00:54.000,2026-08-15T19:49:24.000,NYPD,Noise - Residential,Loud Music/Party,Closed,BROOKLYN
70073071,2026-08-15T19:00:48.000,,DOHMH,Indoor Air Quality,Other (Explain Below),In Progress,MANHATTAN
70079301,2026-08-15T19:00:21.000,2026-08-15T19:44:43.000,NYPD,Noise - Vehicle,Car/Truck Music,Closed,BROOKLYN
70081940,2026-08-15T18:59:56.000,2026-08-15T19:19:39.000,NYPD,Illegal Parking,Commercial Overnight Parking,Closed,BROOKLYN
70078206,2026-08-15T18:59:55.000,,DOHMH,Indoor Air Quality,Chemical Vapors/Gases/Odors,In Progress,MANHATTAN
70081360,2026-08-15T18:59:54.000,,DSNY,Dirty Condition,Trash,In Progress,QUEENS
70072526,2026-08-15T18:59:54.000,,DEP,Sewer Maintenance,Catch Basin Search,In Progress,BROOKLYN
70080583,2026-08-15T18:59:49.000,2026-08-15T20:00:25.000,NYPD,Noise - Street/Sidewalk,Loud Music/Party,Closed,BROOKLYN
70073137,2026-08-15T18:59:48.000,,HPD,HEAT/HOT WATER,ENTIRE BUILDING,Open,BRONX
70073699,2026-08-15T18:59:45.000,,DSNY,Dirty Condition,Trash,In Progress,MANHATTAN
70072773,2026-08-15T18:59:32.000,2026-08-15T19:17:03.000,NYPD,Noise - Residential,Banging/Pounding,Closed,BROOKLYN
70075421,2026-08-15T18:59:29.000,2026-08-15T19:39:41.000,NYPD,Noise - Residential,Loud Music/Party,Closed,BROOKLYN
70076408,2026-08-15T18:59:25.000,2026-08-15T19:17:30.000,DPR,Violation of Park Rules,BBQ Outside Authorized Area,Closed,QUEENS
70078516,2026-08-15T18:59:08.000,2026-08-15T19:01:28.000,NYPD,Noise - Vehicle,Car/Truck Horn,Closed,QUEENS
70074347,2026-08-15T18:59:06.000,,TLC,For Hire Vehicle Complaint,Driver Complaint - Non Passenger,In Progress,MANHATTAN
70076750,2026-08-15T18:58:54.000,2026-08-15T21:11:10.000,NYPD,Noise - Residential,Loud Music/Party,Closed,BROOKLYN
70082283,2026-08-15T18:58:40.000,,DPR,Dead/Dying Tree,Planted More Than 2 Years Ago,In Progress,STATEN ISLAND
70072721,2026-08-15T18:58:30.000,2026-08-15T19:37:43.000,NYPD,Noise - Street/Sidewalk,Loud Music/Party,Closed,BRONX
70082568,2026-08-15T18:58:25.000,2026-08-15T19:58:40.000,NYPD,Illegal Parking,Posted Parking Sign Violation,Closed,MANHATTAN
70076088,2026-08-15T18:58:21.000,2026-08-15T21:07:52.000,NYPD,Noise - Residential,Loud Music/Party,Closed,QUEENS
70082077,2026-08-15T18:58:13.000,2026-08-15T20:36:39.000,NYPD,Illegal Parking,Blocked Sidewalk,Closed,BROOKLYN
70076324,2026-08-15T18:58:03.000,,DOT,Street Condition,Pothole,Open,BRONX
70074284,2026-08-15T18:57:41.000,2026-08-15T19:32:34.000,NYPD,Encampment,N/A,Closed,BROOKLYN
70073833,2026-08-15T18:57:34.000,,DEP,Water Maintenance,Fire Hydrant Defective,In Progress,MANHATTAN
70077561,2026-08-15T18:57:28.000,,DOT,Street Condition,Pothole,Open,BROOKLYN
70082727,2026-08-15T18:57:19.000,2026-08-15T19:05:10.000,DSNY,Vendor Enforcement,Non-Food Vendor,Closed,QUEENS
70080076,2026-08-15T18:57:11.000,,DSNY,Dirty Condition,Trash,In Progress,MANHATTAN
70082429,2026-08-15T18:57:11.000,2026-08-15T19:02:02.000,NYPD,Noise - Vehicle,Car/Truck Horn,Closed,QUEENS
70081091,2026-08-15T18:57:02.000,2026-08-15T19:20:09.000,NYPD,Noise - Street/Sidewalk,Loud Talking,Closed,QUEENS
70079836,2026-08-15T18:56:56.000,2026-08-15T21:19:41.000,NYPD,Blocked Driveway,No Access,Closed,QUEENS
70081511,2026-08-15T18:56:56.000,2026-08-15T18:56:56.000,DOB,General Construction/Plumbing,Building Permit - None,Open,QUEENS
70075572,2026-08-15T18:56:46.000,2026-08-15T19:36:14.000,NYPD,Noise - Street/Sidewalk,Loud Music/Party,Closed,BROOKLYN
70075465,2026-08-15T18:56:37.000,,DOT,Street Condition,Cave-in,In Progress,BRONX
70073275,2026-08-15T18:56:37.000,2026-08-15T20:20:27.000,NYPD,Noise - Commercial,Loud Music/Party,Closed,MANHATTAN
70077245,2026-08-15T18:56:36.000,,NYPD,Blocked Driveway,No Access,In Progress,QUEENS
70079146,2026-08-15T18:56:33.000,2026-08-15T19:36:54.000,NYPD,Noise - Vehicle,Car/Truck Music,Closed,BRONX
70078580,2026-08-15T18:56:33.000,2026-08-15T20:04:39.000,NYPD,Illegal Parking,Double Parked Blocking Traffic,Closed,QUEENS
70076018,2026-08-15T18:56:12.000,2026-08-15T23:49:55.000,NYPD,Abandoned Vehicle,With License Plate,Closed,QUEENS
70079957,2026-08-15T18:55:59.000,2026-08-15T21:59:10.000,NYPD,Illegal Parking,Double Parked Blocking Vehicle,Closed,MANHATTAN
70082125,2026-08-15T18:55:56.000,,DOT,Street Sign - Dangling,Do Not Enter,In Progress,QUEENS
70081077,2026-08-15T18:55:48.000,2026-08-15T19:03:13.000,NYPD,Noise - Vehicle,Car/Truck Horn,Closed,QUEENS
70076089,2026-08-15T18:55:43.000,2026-08-15T20:20:21.000,NYPD,Noise - Residential,Loud Music/Party,Closed,QUEENS
70082411,2026-08-15T18:55:22.000,2026-08-15T22:56:27.000,NYPD,Noise - Residential,Loud Music/Party,Closed,QUEENS
70082453,2026-08-15T18:55:11.000,2026-08-16T00:17:11.000,NYPD,Illegal Parking,Posted Parking Sign Violation,Closed,QUEENS
70082087,2026-08-15T18:54:56.000,,TLC,For Hire Vehicle Complaint,Driver Complaint - Non Passenger,In Progress,MANHATTAN
70077100,2026-08-15T18:54:56.000,,DPR,Damaged Tree,Branch or Limb Has Fallen Down,In Progress,QUEENS
70081904,2026-08-15T18:54:50.000,2026-08-15T19:58:40.000,NYPD,Noise - Street/Sidewalk,Loud Music/Party,Closed,BROOKLYN
70073424,2026-08-15T18:54:49.000,2026-08-15T20:18:09.000,NYPD,Noise - Residential,Loud Music/Party,Closed,QUEENS
70077074,2026-08-15T18:54:48.000,,DOHMH,Rodent,Rat Sighting,In Progress,QUEENS
70072911,2026-08-15T18:54:39.000,2026-08-15T19:21:09.000,NYPD,Illegal Parking,Blocked Sidewalk,Closed,BROOKLYN
70081695,2026-08-15T18:54:29.000,2026-08-15T19:44:43.000,NYPD,Noise - Street/Sidewalk,Loud Music/Party,Closed,BRONX
70076896,2026-08-15T18:54:25.000,,DOHMH,Smoking or Vaping,Allowed in Smoke Free Area,In Progress,MANHATTAN
70077235,2026-08-15T18:54:18.000,2026-08-15T19:02:38.000,NYPD,Noise - Vehicle,Car/Truck Horn,Closed,QUEENS
70073467,2026-08-15T18:54:06.000,,NYPD,Illegal Parking,Blocked Hydrant,In Progress,QUEENS
70078239,2026-08-15T18:53:41.000,,HPD,UNSANITARY CONDITION,GARBAGE/RECYCLING STORAGE,Open,QUEENS
70080032,2026-08-15T18:53:39.000,,DSNY,Dirty Condition,Trash,In Progress,BROOKLYN
70073255,2026-08-15T18:53:36.000,2026-08-15T23:27:36.000,NYPD,Noise - Residential,Banging/Pounding,Closed,BROOKLYN
70080394,2026-08-15T18:53:34.000,2026-08-15T20:14:24.000,NYPD,Drug Activity,Use Outside,Closed,BRONX
70080545,2026-08-15T18:53:19.000,2026-08-15T19:58:39.000,NYPD,Noise - Street/Sidewalk,Loud Music/Party,Closed,BROOKLYN
70076290,2026-08-15T18:53:03.000,,DSNY,Illegal Dumping,Removal Request,In Progress,BRONX
70074995,2026-08-15T18:53:01.000,,DSNY,Dirty Condition,Trash,In Progress,BROOKLYN
70078047,2026-08-15T18:52:59.000,2026-08-15T19:49:13.000,NYPD,Illegal Parking,Blocked Sidewalk,Closed,BROOKLYN
70075862,2026-08-15T18:52:58.000,2026-08-15T21:37:10.000,NYPD,Noise - Residential,Banging/Pounding,Closed,MANHATTAN
70074707,2026-08-15T18:52:50.000,2026-08-15T19:02:37.000,NYPD,Noise - Vehicle,Car/Truck Horn,Closed,QUEENS
70073024,2026-08-15T18:52:46.000,,TLC,For Hire Vehicle Complaint,Driver Complaint - Non Passenger,In Progress,MANHATTAN
70076744,2026-08-15T18:52:40.000,2026-08-15T19:58:39.000,NYPD,Noise - Street/Sidewalk,Loud Music/Party,Closed,BROOKLYN
70075333,2026-08-15T18:52:21.000,2026-08-16T00:35:17.000,NYPD,Illegal Parking,License Plate Obscured,Closed,BRONX
70077687,2026-08-15T18:52:16.000,,DEP,Sewer Maintenance,Flooding on Street,In Progress,BRONX
70077253,2026-08-15T18:52:12.000,2026-08-15T19:14:15.000,NYPD,Illegal Parking,Blocked Sidewalk,Closed,QUEENS
70081990,2026-08-15T18:52:03.000,2026-08-15T19:06:15.000,NYPD,Encampment,N/A,Closed,BROOKLYN
70079300,2026-08-15T18:52:03.000,2026-08-15T19:23:35.000,NYPD,Drug Activity,Use Outside,Closed,BROOKLYN
70073020,2026-08-15T18:52:02.000,,DOHMH,Food Establishment,Pet/Animal,In Progress,BROOKLYN
70082618,2026-08-15T18:52:01.000,2026-08-15T20:21:35.000,NYPD,Noise - Street/Sidewalk,Loud Talking,Closed,MANHATTAN
70074892,2026-08-15T18:51:47.000,2026-08-15T20:13:36.000,NYPD,Noise - Street/Sidewalk,Loud Music/Party,Closed,MANHATTAN
70080292,2026-08-15T18:51:41.000,2026-08-15T22:07:39.000,NYPD,Abandoned Vehicle,With License Plate,Closed,BRONX
70074348,2026-08-15T18:51:28.000,,TLC,For Hire Vehicle Complaint,Driver Complaint - Non Passenger,In Progress,MANHATTAN
70081932,2026-08-15T18:51:11.000,2026-08-15T18:55:39.000,NYPD,Noise - Street/Sidewalk,Loud Music/Party,Closed,BROOKLYN
70073186,2026-08-15T18:51:08.000,,DHS,Homeless Person Assistance,Non-Chronic,In Progress,BROOKLYN
70074016,2026-08-15T18:51:07.000,2026-08-15T19:06:14.000,NYPD,Illegal Parking,Parking Permit Improper Use,Closed,BRONX
70078845,2026-08-15T18:51:03.000,,DSNY,Illegal Posting,Poster or Sign,In Progress,QUEENS
70072847,2026-08-15T18:51:01.000,2026-08-15T19:58:39.000,NYPD,Noise - Street/Sidewalk,Loud Music/Party,Closed,BROOKLYN
70081451,2026-08-15T18:51:00.000,2026-08-15T20:40:00.000,DOT,Traffic Signal Condition,Controller,Closed,MANHATTAN
70080130,2026-08-15T18:50:55.000,2026-08-15T18:50:55.000,DOB,Emergency Response Team (ERT),After Hours Work - Illegal,Open,QUEENS
70074981,2026-08-15T18:50:52.000,,DSNY,Missed Collection,Bulky Trash,In Progress,BROOKLYN
70077365,2026-08-15T18:50:49.000,2026-08-16T01:23:22.000,NYPD,Noise - Residential,Loud Music/Party,Closed,STATEN ISLAND
70076220,2026-08-15T18:50:47.000,2026-08-15T19:27:48.000,NYPD,Noise - Residential,Loud Music/Party,Closed,BRONX
70079330,2026-08-15T18:50:44.000,2026-08-15T20:20:02.000,NYPD,Noise - Vehicle,Car/Truck Music,Closed,BROOKLYN
70074078,2026-08-15T18:50:44.000,,NYPD,Illegal Parking,Blocked Hydrant,In Progress,BROOKLYN
70081138,2026-08-15T18:50:38.000,2026-08-15T20:25:02.000,NYPD,Blocked Driveway,No Access,Closed,QUEENS
70080041,2026-08-15T18:50:32.000,,DSNY,Dead Animal,Other,In Progress,BROOKLYN
70075651,2026-08-15T18:50:27.000,,TLC,For Hire Vehicle Complaint,Driver Complaint - Non Passenger,In Progress,MANHATTAN
70075180,2026-08-15T18:50:19.000,,DEP,Water Maintenance,Fire Hydrant Running,In Progress,BROOKLYN
70080335,2026-08-15T18:50:18.000,2026-08-15T21:03:33.000,NYPD,Illegal Parking,Posted Parking Sign Violation,Closed,BRONX
70079351,2026-08-15T18:50:15.000,2026-08-15T19:09:37.000,NYPD,Illegal Parking,Double Parked Blocking Vehicle,Closed,BROOKLYN
70082056,2026-08-15T18:50:14.000,2026-08-16T00:34:00.000,NYPD,Noise - Residential,Loud Talking,Closed,MANHATTAN
70081743,2026-08-15T18:50:10.000,2026-08-15T19:17:03.000,NYPD,Illegal Parking,Blocked Sidewalk,Closed,BRONX
70081907,2026-08-15T18:50:05.000,2026-08-15T19:58:39.000,NYPD,Noise - Street/Sidewalk,Loud Music/Party,Closed,BROOKLYN
70077793,2026-08-15T18:49:57.000,2026-08-15T19:06:14.000,NYPD,Noise - Street/Sidewalk,Loud Talking,Closed,BRONX
70078604,2026-08-15T18:49:45.000,2026-08-15T21:23:54.000,NYPD,Illegal Parking,Double Parked Blocking Traffic,Closed,QUEENS
70077143,2026-08-15T18:49:35.000,2026-08-15T19:13:53.000,NYPD,Noise - Residential,Loud Music/Party,Closed,MANHATTAN
70076005,2026-08-15T18:49:18.000,,NYPD,Abandoned Vehicle,With License Plate,In Progress,QUEENS
70074899,2026-08-15T18:49:15.000,2026-08-15T20:46:36.000,NYPD,Noise - Street/Sidewalk,Loud Music/Party,Closed,MANHATTAN
70073998,2026-08-15T18:49:13.000,2026-08-15T19:02:07.000,NYPD,Noise - Residential,Loud Music/Party,Closed,BRONX
70081154,2026-08-15T18:49:12.000,2026-08-16T00:10:57.000,NYPD,Illegal Parking,Posted Parking Sign Violation,Closed,QUEENS
70079286,2026-08-15T18:49:12.000,,DOT,Street Condition,Defective Hardware,In Progress,MANHATTAN
70075446,2026-08-15T18:49:05.000,2026-08-15T19:29:30.000,NYPD,Noise - Residential,Loud Music/Party,Closed,BROOKLYN
70079454,2026-08-15T18:48:39.000,,TLC,For Hire Vehicle Complaint,Driver Complaint - Non Passenger,In Progress,MANHATTAN
70074163,2026-08-15T18:48:15.000,2026-08-15T19:58:39.000,NYPD,Noise - Street/Sidewalk,Loud Music/Party,Closed,BROOKLYN
70080415,2026-08-15T18:48:13.000,2026-08-15T19:44:44.000,NYPD,Illegal Parking,Blocked Hydrant,Closed,BRONX
70073193,2026-08-15T18:48:06.000,2026-08-15T20:56:12.000,DHS,Homeless Person Assistance,Non-Chronic,Closed,MANHATTAN
70081548,2026-08-15T18:48:02.000,,DEP,Air Quality,Vehicle Idling Odor,In Progress,MANHATTAN
70081785,2026-08-15T18:47:49.000,2026-08-15T21:08:32.000,NYPD,Drinking,In Public,Closed,BRONX
70073917,2026-08-15T18:47:30.000,2026-08-15T22:40:26.000,NYPD,Noise - Street/Sidewalk,Loud Music/Party,Closed,BRONX
70082170,2026-08-15T18:47:12.000,,HPD,UNSANITARY CONDITION,MOLD,Open,BRONX
70079106,2026-08-15T18:47:00.000,2026-08-15T19:24:13.000,NYPD,Noise - Street/Sidewalk,Loud Music/Party,Closed,BRONX
70078734,2026-08-15T18:46:59.000,2026-08-15T22:28:02.000,NYPD,Illegal Parking,Blocked Hydrant,Closed,MANHATTAN
70074779,2026-08-15T18:46:58.000,2026-08-16T00:10:58.000,NYPD,Illegal Parking,Posted Parking Sign Violation,Closed,QUEENS
70076813,2026-08-15T18:46:57.000,2026-08-15T22:28:05.000,NYPD,Illegal Parking,Blocked Sidewalk,Closed,BROOKLYN
70081365,2026-08-15T18:46:54.000,,DSNY,Dead Animal,Cat,In Progress,QUEENS
70078282,2026-08-15T18:46:54.000,,HPD,HEAT/HOT WATER,ENTIRE BUILDING,Open,MANHATTAN
70081586,2026-08-15T18:46:53.000,,DEP,Sewer Maintenance,Backup,In Progress,BRONX
70077359,2026-08-15T18:46:51.000,,NYPD,Noise - Residential,Loud Music/Party,In Progress,STATEN ISLAND
70074344,2026-08-15T18:46:40.000,,DOHMH,Food Establishment,Food Protection,In Progress,QUEENS
70075167,2026-08-15T18:46:33.000,2026-08-15T23:29:00.000,DEP,Water Maintenance,Fire Hydrant Running Full,Closed,MANHATTAN
70076471,2026-08-15T18:45:55.000,2026-08-15T20:36:40.000,NYPD,Noise - Street/Sidewalk,Loud Music/Party,Closed,BRONX
70077234,2026-08-15T18:45:46.000,2026-08-15T20:28:47.000,NYPD,Blocked Driveway,No Access,Closed,QUEENS
70077874,2026-08-15T18:45:45.000,2026-08-15T21:05:41.000,NYPD,Drinking,In Public,Closed,BRONX
70080654,2026-08-15T18:45:21.000,2026-08-15T19:32:31.000,NYPD,Panhandling,N/A,Closed,BROOKLYN
70082158,2026-08-15T18:45:11.000,,HPD,UNSANITARY CONDITION,PESTS,Open,MANHATTAN
70081930,2026-08-15T18:45:03.000,2026-08-15T19:23:22.000,NYPD,Drug Activity,Use Outside,Closed,BROOKLYN
70076006,2026-08-15T18:44:45.000,2026-08-15T18:52:33.000,NYPD,Illegal Parking,Posted Parking Sign Violation,Closed,QUEENS
70080720,2026-08-15T18:44:41.000,,TLC,For Hire Vehicle Complaint,Driver Complaint - Non Passenger,In Progress,MANHATTAN
70076001,2026-08-15T18:44:32.000,,NYPD,Illegal Parking,Blocked Bike Lane,In Progress,QUEENS
70073704,2026-08-15T18:44:30.000,,DSNY,Dirty Condition,Trash,In Progress,BRONX
70082139,2026-08-15T18:44:29.000,,HPD,WATER LEAK,SLOW LEAK,Open,BROOKLYN
70076956,2026-08-15T18:44:29.000,,HPD,DOOR/WINDOW,WINDOW FRAME,Open,BROOKLYN
70074493,2026-08-15T18:44:29.000,,HPD,ELECTRIC,OUTLET/SWITCH,Open,BROOKLYN
70073848,2026-08-15T18:43:54.000,,DEP,Water Conservation,Fire Hydrant,In Progress,BROOKLYN
70076622,2026-08-15T18:43:43.000,2026-08-15T21:05:28.000,NYPD,Drinking,In Public,Closed,BRONX
70077634,2026-08-15T18:43:42.000,2026-08-15T19:25:32.000,DPR,Violation of Park Rules,BBQ Outside Authorized Area,Closed,BROOKLYN
70074684,2026-08-15T18:43:38.000,2026-08-15T23:27:37.000,NYPD,Noise - Residential,Loud Music/Party,Closed,QUEENS
70077934,2026-08-15T18:43:24.000,2026-08-15T18:51:33.000,NYPD,Noise - Residential,Loud Music/Party,Closed,BROOKLYN
70079237,2026-08-15T18:43:19.000,2026-08-15T19:39:40.000,NYPD,Noise - Residential,Loud Music/Party,Closed,BROOKLYN
70079457,2026-08-15T18:43:09.000,,TLC,For Hire Vehicle Complaint,Driver Complaint - Non Passenger,In Progress,MANHATTAN
70077095,2026-08-15T18:43:05.000,,DPR,Damaged Tree,Branch Cracked and Will Fall,In Progress,MANHATTAN
70075182,2026-08-15T18:43:02.000,,DEP,Water Maintenance,Fire Hydrant Running,In Progress,BROOKLYN
70079089,2026-08-15T18:42:46.000,2026-08-15T19:06:14.000,NYPD,Noise - Street/Sidewalk,Loud Music/Party,Closed,BRONX
70072548,2026-08-15T18:42:21.000,,DEP,Water Maintenance,Fire Hydrant Running,In Progress,QUEENS
70078530,2026-08-15T18:42:15.000,2026-08-15T18:48:28.000,NYPD,Illegal Parking,Blocked Sidewalk,Closed,QUEENS
70081599,2026-08-15T18:42:09.000,,DEP,Noise,Construction,In Progress,MANHATTAN
70078158,2026-08-15T18:42:09.000,,TLC,For Hire Vehicle Complaint,Driver Complaint - Non Passenger,In Progress,MANHATTAN
70080440,2026-08-15T18:42:07.000,2026-08-15T19:09:37.000,NYPD,Noise - Commercial,Loud Music/Party,Closed,BROOKLYN
70079333,2026-08-15T18:42:01.000,2026-08-15T20:47:15.000,NYPD,Noise - Residential,Loud Talking,Closed,BROOKLYN
70075686,2026-08-15T18:42:00.000,,DOT,Street Light Condition,Street Light Out,Open,QUEENS
70072624,2026-08-15T18:41:57.000,2026-08-15T20:51:56.000,NYPD,Illegal Parking,Posted Parking Sign Violation,Closed,BRONX
70080907,2026-08-15T18:41:53.000,2026-08-15T18:41:53.000,DOB,Elevator,Elevator - Single Device On Property/No Alternate Service,Open,BROOKLYN
70073077,2026-08-15T18:41:41.000,,DOHMH,Food Poisoning,1 or 2,In Progress,Unspecified
70076121,2026-08-15T18:41:37.000,2026-08-15T20:09:03.000,NYPD,Noise - Street/Sidewalk,Loud Music/Party,Closed,STATEN ISLAND
70080855,2026-08-15T18:41:34.000,,HPD,HEAT/HOT WATER,APARTMENT ONLY,Open,MANHATTAN
70082022,2026-08-15T18:41:28.000,2026-08-15T19:17:57.000,NYPD,Illegal Parking,Posted Parking Sign Violation,Closed,BROOKLYN
70072829,2026-08-15T18:41:22.000,2026-08-15T19:09:49.000,NYPD,Noise - Residential,Loud Music/Party,Closed,BROOKLYN
70078504,2026-08-15T18:41:08.000,2026-08-16T00:23:28.000,NYPD,Illegal Parking,Blocked Hydrant,Closed,QUEENS
70075443,2026-08-15T18:40:59.000,2026-08-15T19:41:19.000,NYPD,Traffic,Congestion/Gridlock,Closed,MANHATTAN
70075654,2026-08-15T18:40:55.000,,TLC,For Hire Vehicle Complaint,Driver Complaint - Non Passenger,In Progress,MANHATTAN
70081008,2026-08-15T18:40:55.000,2026-08-15T21:26:00.000,NYPD,Abandoned Vehicle,With License Plate,Closed,QUEENS
70076080,2026-08-15T18:40:49.000,2026-08-15T20:44:03.000,NYPD,Blocked Driveway,No Access,Closed,QUEENS
70080597,2026-08-15T18:40:30.000,2026-08-15T22:03:03.000,NYPD,Illegal Parking,Posted Parking Sign Violation,Closed,BROOKLYN
70073846,2026-08-15T18:40:27.000,,DEP,Water Maintenance,Fire Hydrant Leaking,In Progress,MANHATTAN
70082580,2026-08-15T18:40:24.000,2026-08-15T19:59:26.000,NYPD,Noise - Residential,Loud Music/Party,Closed,MANHATTAN
70076654,2026-08-15T18:40:22.000,,NYPD,Blocked Driveway,No Access,In Progress,BROOKLYN
70081630,2026-08-15T18:40:21.000,2026-08-15T21:29:12.000,NYPD,Noise - Street/Sidewalk,Loud Music/Party,Closed,BRONX
70077905,2026-08-15T18:40:12.000,2026-08-15T18:42:51.000,NYPD,Noise - Residential,Banging/Pounding,Closed,BROOKLYN
70076551,2026-08-15T18:40:11.000,2026-08-15T18:55:33.000,NYPD,Noise - Residential,Banging/Pounding,Closed,BRONX
70075653,2026-08-15T18:39:58.000,,TLC,For Hire Vehicle Complaint,Driver Complaint - Non Passenger,In Progress,MANHATTAN
70080348,2026-08-15T18:39:51.000,2026-08-15T19:06:15.000,NYPD,Noise - Street/Sidewalk,Loud Music/Party,Closed,BRONX
70073481,2026-08-15T18:39:44.000,2026-08-15T22:32:11.000,NYPD,Illegal Parking,Blocked Crosswalk,Closed,QUEENS
70078560,2026-08-15T18:39:41.000,2026-08-15T19:48:07.000,NYPD,Illegal Parking,Double Parked Blocking Vehicle,Closed,QUEENS
70073064,2026-08-15T18:39:12.000,,DOT,Street Condition,"Rough, Pitted or Cracked Roads",In Progress,QUEENS
70075158,2026-08-15T18:39:04.000,,DEP,Water Maintenance,Fire Hydrant Running Full,In Progress,QUEENS
70075652,2026-08-15T18:39:03.000,,TLC,For Hire Vehicle Complaint,Driver Complaint - Non Passenger,In Progress,MANHATTAN
70079329,2026-08-15T18:39:01.000,2026-08-15T20:52:36.000,NYPD,Illegal Parking,Blocked Bike Lane,Closed,BROOKLYN
70082254,2026-08-15T18:38:52.000,2026-08-15T18:38:52.000,DOB,Elevator,Elevator - Multiple Devices On Property,Open,MANHATTAN
70080074,2026-08-15T18:38:37.000,,DSNY,Dirty Condition,Trash,In Progress,MANHATTAN
70076165,2026-08-15T18:37:40.000,2026-08-15T20:48:07.000,NYPD,Noise - Street/Sidewalk,Loud Music/Party,Closed,MANHATTAN
70082088,2026-08-15T18:37:35.000,,TLC,For Hire Vehicle Complaint,Driver Complaint - Non Passenger,In Progress,MANHATTAN
70082574,2026-08-15T18:37:26.000,2026-08-15T21:10:17.000,NYPD,Noise - Street/Sidewalk,Loud Music/Party,Closed,MANHATTAN
70076895,2026-08-15T18:37:16.000,2026-08-15T18:53:10.000,NYPD,Illegal Parking,Blocked Sidewalk,Closed,BROOKLYN
70075682,2026-08-15T18:37:00.000,,DOT,Street Light Condition,Street Light Out,Open,QUEENS
70074349,2026-08-15T18:36:39.000,,TLC,For Hire Vehicle Complaint,Driver Complaint - Non Passenger,In Progress,MANHATTAN
70078309,2026-08-15T18:36:37.000,2026-08-15T23:26:43.000,DHS,Homeless Person Assistance,Non-Chronic,Closed,MANHATTAN
70076057,2026-08-15T18:36:36.000,2026-08-15T20:32:02.000,NYPD,Abandoned Vehicle,With License Plate,Closed,QUEENS
70082169,2026-08-15T18:36:30.000,,HPD,UNSANITARY CONDITION,MOLD,Open,BROOKLYN
70079499,2026-08-15T18:36:30.000,,HPD,WATER LEAK,DAMP SPOT,Open,BROOKLYN
70079549,2026-08-15T18:36:30.000,,HPD,PAINT/PLASTER,WALL,Open,BROOKLYN
70080747,2026-08-15T18:36:25.000,,DOT,Sidewalk Condition,Broken Sidewalk,In Progress,MANHATTAN
70081078,2026-08-15T18:36:13.000,2026-08-15T19:02:37.000,NYPD,Noise - Vehicle,Car/Truck Horn,Closed,QUEENS
70080660,2026-08-15T18:36:12.000,2026-08-15T19:01:18.000,NYPD,Noise - Street/Sidewalk,Loud Music/Party,Closed,BROOKLYN
70081627,2026-08-15T18:36:09.000,2026-08-15T20:28:45.000,NYPD,Noise - Street/Sidewalk,Loud Talking,Closed,BRONX
70077341,2026-08-15T18:36:06.000,2026-08-15T20:44:00.000,NYPD,Illegal Parking,Blocked Hydrant,Closed,QUEENS
70072850,2026-08-15T18:36:05.000,2026-08-15T19:58:38.000,NYPD,Noise - Street/Sidewalk,Loud Music/Party,Closed,BROOKLYN
70078058,2026-08-15T18:35:44.000,2026-08-15T19:32:35.000,NYPD,Illegal Parking,Blocked Hydrant,Closed,BROOKLYN
70077176,2026-08-15T18:35:33.000,2026-08-15T21:18:54.000,NYPD,Noise - Residential,Banging/Pounding,Closed,QUEENS
70081729,2026-08-15T18:35:30.000,2026-08-15T21:54:29.000,NYPD,Blocked Driveway,No Access,Closed,BRONX
70074113,2026-08-15T18:35:30.000,2026-08-15T18:51:33.000,NYPD,Noise - Street/Sidewalk,Loud Music/Party,Closed,BROOKLYN
70079254,2026-08-15T18:35:29.000,2026-08-15T19:19:48.000,NYPD,Noise - Street/Sidewalk,Loud Music/Party,Closed,BROOKLYN
70073151,2026-08-15T18:35:26.000,,HPD,HEAT/HOT WATER,APARTMENT ONLY,Open,MANHATTAN
70075174,2026-08-15T18:35:15.000,,DEP,Water Maintenance,Fire Hydrant Running,In Progress,QUEENS
70075959,2026-08-15T18:35:15.000,,NYPD,Illegal Parking,Commercial Overnight Parking,In Progress,QUEENS
70077973,2026-08-15T18:35:10.000,2026-08-15T19:58:38.000,NYPD,Noise - Street/Sidewalk,Loud Music/Party,Closed,BROOKLYN
70072615,2026-08-15T18:34:56.000,2026-08-15T19:18:16.000,NYPD,Noise - Vehicle,Car/Truck Music,Closed,BRONX
70078754,2026-08-15T18:34:42.000,,DOT,E-Scooter,Improperly Parked or Abandoned,In Progress,QUEENS
70074331,2026-08-15T18:34:42.000,2026-08-15T20:36:39.000,NYPD,Illegal Parking,Posted Parking Sign Violation,Closed,BROOKLYN
70076208,2026-08-15T18:34:20.000,2026-08-15T18:36:23.000,NYPD,Noise - Street/Sidewalk,Loud Music/Party,Closed,MANHATTAN
70072844,2026-08-15T18:34:18.000,2026-08-15T19:58:44.000,NYPD,Noise - Street/Sidewalk,Loud Music/Party,Closed,BROOKLYN
70078351,2026-08-15T18:34:12.000,,DPR,Dead/Dying Tree,Planted More Than 2 Years Ago,In Progress,MANHATTAN
70077776,2026-08-15T18:34:11.000,2026-08-15T20:04:15.000,NYPD,Noise - Residential,Loud Music/Party,Closed,BRONX
70079349,2026-08-15T18:34:06.000,2026-08-15T19:39:41.000,NYPD,Noise - Residential,Loud Music/Party,Closed,BROOKLYN
70076786,2026-08-15T18:33:46.000,2026-08-15T22:50:51.000,NYPD,Illegal Parking,Posted Parking Sign Violation,Closed,BROOKLYN
70077490,2026-08-15T18:33:32.000,,DPR,Maintenance or Facility,Garbage or Litter,In Progress,BROOKLYN
70073841,2026-08-15T18:33:31.000,,DEP,Water Maintenance,Fire Hydrant Running,In Progress,QUEENS
70075456,2026-08-15T18:33:16.000,2026-08-15T19:58:43.000,NYPD,Noise - Street/Sidewalk,Loud Music/Party,Closed,BROOKLYN
70074067,2026-08-15T18:33:10.000,,NYPD,Illegal Parking,Blocked Hydrant,In Progress,BROOKLYN
70078986,2026-08-15T18:33:04.000,,DEP,Sewer Maintenance,Catch Basin Clogged,In Progress,BRONX
70080553,2026-08-15T18:32:54.000,,DOT,Street Condition,Line/Marking - After Repaving,In Progress,MANHATTAN
70078795,2026-08-15T18:32:51.000,,DSNY,Dead Animal,Other,In Progress,BROOKLYN
70079190,2026-08-15T18:32:41.000,2026-08-15T19:26:47.000,NYPD,Illegal Parking,Blocked Crosswalk,Closed,BROOKLYN
70082086,2026-08-15T18:32:38.000,,TLC,For Hire Vehicle Complaint,Driver Complaint - Non Passenger,In Progress,MANHATTAN
70080585,2026-08-15T18:32:27.000,2026-08-15T20:12:15.000,NYPD,Noise - Street/Sidewalk,Loud Music/Party,Closed,BROOKLYN
70082519,2026-08-15T18:32:24.000,2026-08-15T20:46:00.000,NYPD,Illegal Parking,Blocked Crosswalk,Closed,QUEENS
70076588,2026-08-15T18:32:21.000,2026-08-15T19:02:38.000,NYPD,Noise - Street/Sidewalk,Loud Talking,Closed,BRONX
70077274,2026-08-15T18:32:11.000,2026-08-15T20:04:15.000,NYPD,Illegal Parking,Blocked Hydrant,Closed,QUEENS
70077899,2026-08-15T18:31:58.000,,NYPD,Blocked Driveway,Partial Access,In Progress,BROOKLYN
70082029,2026-08-15T18:31:41.000,2026-08-15T18:39:26.000,NYPD,Illegal Parking,Posted Parking Sign Violation,Closed,BROOKLYN
70082688,2026-08-15T18:31:39.000,,DSNY,Dead Animal,Cat,In Progress,BROOKLYN
70081076,2026-08-15T18:31:36.000,2026-08-15T19:03:13.000,NYPD,Noise - Vehicle,Car/Truck Horn,Closed,QUEENS
70078003,2026-08-15T18:31:36.000,2026-08-15T18:51:32.000,NYPD,Noise - Commercial,Car/Truck Music,Closed,BROOKLYN
70081280,2026-08-15T18:31:33.000,2026-08-15T21:23:55.000,NYPD,Illegal Parking,Double Parked Blocking Vehicle,Closed,MANHATTAN
70080929,2026-08-15T18:31:24.000,,DPR,Overgrown Tree/Branches,Blocking Street,In Progress,MANHATTAN
70080269,2026-08-15T18:31:18.000,,DEP,Noise,Construction,In Progress,MANHATTAN
70074947,2026-08-15T18:31:09.000,,DPR,Maintenance or Facility,Structure - Outdoors,In Progress,MANHATTAN
70075326,2026-08-15T18:31:07.000,2026-08-15T19:13:53.000,NYPD,Noise - Residential,Loud Music/Party,Closed,BRONX
70078172,2026-08-15T18:31:03.000,,DCWP,Consumer Complaint,E-Cigarette Sales,In Progress,MANHATTAN
70077292,2026-08-15T18:30:56.000,2026-08-15T19:54:57.000,NYPD,Illegal Parking,Blocked Hydrant,Closed,QUEENS
70080512,2026-08-15T18:30:44.000,2026-08-15T20:14:11.000,NYPD,Noise - Park,Loud Music/Party,Closed,BROOKLYN
70077524,2026-08-15T18:30:37.000,,DSNY,Missed Collection,Trash,In Progress,MANHATTAN
70077952,2026-08-15T18:30:23.000,2026-08-15T19:32:34.000,NYPD,Illegal Parking,Blocked Crosswalk,Closed,BROOKLYN
70075953,2026-08-15T18:30:14.000,2026-08-15T18:55:37.000,NYPD,Blocked Driveway,No Access,Closed,QUEENS
70078157,2026-08-15T18:30:08.000,,TLC,For Hire Vehicle Complaint,Driver Complaint - Non Passenger,In Progress,MANHATTAN
70080124,2026-08-15T18:30:00.000,2026-08-15T20:25:00.000,DOT,Traffic Signal Condition,Ped Lamp,Closed,QUEENS
70078820,2026-08-15T18:29:52.000,,DSNY,Illegal Dumping,Removal Request,In Progress,BROOKLYN
70074220,2026-08-15T18:29:43.000,2026-08-15T22:03:28.000,NYPD,Illegal Parking,Posted Parking Sign Violation,Closed,BROOKLYN
70081959,2026-08-15T18:29:33.000,2026-08-15T22:50:36.000,NYPD,Illegal Parking,Posted Parking Sign Violation,Closed,BROOKLYN
70078628,2026-08-15T18:29:30.000,2026-08-15T23:31:23.000,NYPD,Noise - Residential,Loud Television,Closed,STATEN ISLAND
70080813,2026-08-15T18:29:25.000,,HPD,PLUMBING,WATER SUPPLY,Open,BROOKLYN
70079204,2026-08-15T18:29:19.000,,NYPD,Noise - Residential,Loud Music/Party,In Progress,BROOKLYN
70076456,2026-08-15T18:29:11.000,,DEP,Noise,Construction,In Progress,QUEENS
70076050,2026-08-15T18:29:08.000,2026-08-15T19:10:16.000,NYPD,Noise - Commercial,Banging/Pounding,Closed,QUEENS
70072846,2026-08-15T18:28:44.000,2026-08-15T19:58:42.000,NYPD,Noise - Street/Sidewalk,Loud Music/Party,Closed,BROOKLYN
70075675,2026-08-15T18:28:42.000,,DOT,Sidewalk Condition,Broken Sidewalk,In Progress,QUEENS
70076665,2026-08-15T18:28:11.000,2026-08-15T18:42:50.000,NYPD,Illegal Parking,Commercial Overnight Parking,Closed,BROOKLYN
70081394,2026-08-15T18:27:22.000,,DSNY,Dirty Condition,Trash,In Progress,BRONX
70073636,2026-08-15T18:27:20.000,2026-08-15T21:41:23.000,NYPD,Noise - Residential,Loud Music/Party,Closed,MANHATTAN
70076595,2026-08-15T18:27:15.000,2026-08-15T19:17:19.000,NYPD,Noise - Residential,Loud Music/Party,Closed,BRONX
70075010,2026-08-15T18:27:07.000,,DSNY,Obstruction,Merchandise,In Progress,QUEENS
70076170,2026-08-15T18:26:56.000,2026-08-15T20:36:41.000,NYPD,Noise - Street/Sidewalk,Loud Music/Party,Closed,MANHATTAN
70080930,2026-08-15T18:26:52.000,,DPR,Wood Pile Remaining,Remove Debris,In Progress,QUEENS
70081815,2026-08-15T18:26:44.000,,NYPD,Illegal Parking,Blocked Hydrant,In Progress,BROOKLYN
70073500,2026-08-15T18:26:43.000,,NYPD,Illegal Parking,Blocked Sidewalk,In Progress,STATEN ISLAND
70079529,2026-08-15T18:26:29.000,,HPD,UNSANITARY CONDITION,GARBAGE/RECYCLING STORAGE,Open,BROOKLYN
70080696,2026-08-15T18:26:13.000,2026-08-15T20:22:00.000,NYPD,Noise - Residential,Loud Television,Closed,BROOKLYN
70077909,2026-08-15T18:26:11.000,2026-08-15T18:42:50.000,NYPD,Illegal Parking,Overnight Commercial Storage,Closed,BROOKLYN
70077150,2026-08-15T18:26:04.000,2026-08-15T19:01:21.000,NYPD,Illegal Parking,Posted Parking Sign Violation,Closed,QUEENS
70075062,2026-08-15T18:26:04.000,2026-08-15T18:26:04.000,DOB,General Construction/Plumbing,Building Shaking/Vibrating/Structural Stability,Open,QUEENS
70079453,2026-08-15T18:25:56.000,,TLC,For Hire Vehicle Complaint,Driver Complaint - Non Passenger,In Progress,MANHATTAN
70072539,2026-08-15T18:25:55.000,,DEP,Water Maintenance,Fire Hydrant Running Full,In Progress,MANHATTAN
70080596,2026-08-15T18:25:53.000,2026-08-15T22:04:05.000,NYPD,Illegal Parking,Posted Parking Sign Violation,Closed,BROOKLYN
70076249,2026-08-15T18:25:52.000,,DSNY,Obstruction,Weeds or Grass,In Progress,BROOKLYN
70081310,2026-08-15T18:25:50.000,2026-08-15T18:36:20.000,NYPD,Noise - Street/Sidewalk,Loud Music/Party,Closed,MANHATTAN
70078849,2026-08-15T18:25:37.000,2026-08-15T18:35:19.000,DSNY,Vendor Enforcement,Food Vendor,Closed,MANHATTAN
70077672,2026-08-15T18:25:33.000,,DEP,Water Maintenance,Fire Hydrant Running,In Progress,MANHATTAN
70073439,2026-08-15T18:25:14.000,2026-08-15T21:52:54.000,NYPD,Bike/Roller/Skate,N/A,Closed,QUEENS
70072905,2026-08-15T18:25:12.000,2026-08-15T19:25:27.000,NYPD,Illegal Parking,Posted Parking Sign Violation,Closed,BROOKLYN
70079995,2026-08-15T18:24:59.000,2026-08-15T19:39:41.000,NYPD,Noise - Street/Sidewalk,Loud Music/Party,Closed,BRONX
70075271,2026-08-15T18:24:43.000,2026-08-15T20:51:19.000,NYPD,Illegal Parking,Blocked Sidewalk,Closed,BRONX
70074525,2026-08-15T18:24:39.000,,DOHMH,Rodent,Condition Attracting Rodents,In Progress,QUEENS
70081577,2026-08-15T18:23:29.000,2026-08-15T18:24:00.000,DEP,Water Maintenance,Fire Hydrant Leaking,Closed,BROOKLYN
70072964,2026-08-15T18:23:24.000,2026-08-15T18:42:48.000,NYPD,Noise - Residential,Loud Music/Party,Closed,BROOKLYN
70076823,2026-08-15T18:23:24.000,2026-08-15T18:56:53.000,NYPD,Illegal Parking,Double Parked Blocking Traffic,Closed,BROOKLYN
70081100,2026-08-15T18:23:20.000,2026-08-15T21:34:38.000,NYPD,Illegal Parking,Posted Parking Sign Violation,Closed,QUEENS
70076207,2026-08-15T18:22:43.000,2026-08-15T18:36:21.000,NYPD,Noise - Street/Sidewalk,Loud Music/Party,Closed,MANHATTAN
70078107,2026-08-15T18:22:41.000,2026-08-15T19:02:01.000,NYPD,Illegal Parking,Posted Parking Sign Violation,Closed,BROOKLYN
70074320,2026-08-15T18:22:12.000,2026-08-16T00:33:58.000,NYPD,Illegal Parking,Blocked Bike Lane,Closed,MANHATTAN
70074308,2026-08-15T18:22:09.000,2026-08-15T20:32:03.000,NYPD,Illegal Parking,Blocked Sidewalk,Closed,BROOKLYN
70072952,2026-08-15T18:21:23.000,2026-08-15T18:36:12.000,NYPD,Noise - Residential,Loud Music/Party,Closed,BROOKLYN
70074581,2026-08-15T18:21:09.000,2026-08-15T20:09:47.000,NYPD,Noise - Residential,Loud Talking,Closed,BRONX
70078218,2026-08-15T18:21:04.000,,HPD,WATER LEAK,HEAVY FLOW,Open,BRONX
70074543,2026-08-15T18:21:01.000,,DPR,Damaged Tree,Branch or Limb Has Fallen Down,In Progress,BROOKLYN
70080036,2026-08-15T18:20:45.000,,DSNY,Dead Animal,Squirrel,In Progress,STATEN ISLAND
70081111,2026-08-15T18:20:39.000,2026-08-15T18:59:20.000,NYPD,Noise - Park,Loud Music/Party,Closed,QUEENS
70079030,2026-08-15T18:20:39.000,,NYPD,Illegal Parking,Double Parked Blocking Vehicle,In Progress,BRONX
70077343,2026-08-15T18:20:25.000,2026-08-15T21:32:40.000,NYPD,Illegal Parking,Blocked Hydrant,Closed,QUEENS
70077058,2026-08-15T18:20:23.000,2026-08-15T22:56:33.000,DHS,Homeless Person Assistance,Non-Chronic,Closed,MANHATTAN
70073576,2026-08-15T18:20:05.000,2026-08-15T20:36:41.000,NYPD,Noise - Street/Sidewalk,Loud Music/Party,Closed,MANHATTAN
70072644,2026-08-15T18:19:54.000,2026-08-15T22:40:18.000,NYPD,Noise - Street/Sidewalk,Loud Music/Party,Closed,BRONX
70082639,2026-08-15T18:19:47.000,2026-08-15T18:36:18.000,NYPD,Noise - Street/Sidewalk,Loud Music/Party,Closed,MANHATTAN
70077507,2026-08-15T18:19:37.000,,DSNY,Dead Animal,Cat,In Progress,BRONX
70079444,2026-08-15T18:19:26.000,,DOHMH,Food Establishment,Rodents/Insects/Garbage,In Progress,MANHATTAN
70074817,2026-08-15T18:18:45.000,2026-08-16T01:36:27.000,NYPD,Illegal Parking,Blocked Hydrant,Closed,STATEN ISLAND
70075856,2026-08-15T18:18:43.000,2026-08-15T21:50:15.000,NYPD,Drug Activity,Use Indoor,Closed,MANHATTAN
70076862,2026-08-15T18:18:43.000,2026-08-15T18:19:52.000,NYPD,Illegal Parking,Posted Parking Sign Violation,Closed,BROOKLYN
70080223,2026-08-15T18:18:22.000,,DEP,Lead,Lead Kit,In Progress,QUEENS
70082015,2026-08-15T18:17:58.000,2026-08-15T20:05:04.000,NYPD,Noise - Residential,Banging/Pounding,Closed,BROOKLYN
70081074,2026-08-15T18:17:58.000,2026-08-15T19:40:22.000,NYPD,Noise - Residential,Loud Music/Party,Closed,QUEENS
70077437,2026-08-15T18:17:57.000,2026-08-15T21:36:41.000,NYPD,Noise - Residential,Loud Talking,Closed,MANHATTAN
70079287,2026-08-15T18:17:42.000,,DOT,Street Condition,Cave-in,In Progress,MANHATTAN
70080515,2026-08-15T18:17:37.000,2026-08-15T18:47:06.000,NYPD,Illegal Parking,Double Parked Blocking Traffic,Closed,BROOKLYN
70072875,2026-08-15T18:17:34.000,2026-08-15T19:27:18.000,NYPD,Encampment,N/A,Closed,BROOKLYN
70080748,2026-08-15T18:17:32.000,,DOT,Sidewalk Condition,Broken Sidewalk,In Progress,MANHATTAN
70080956,2026-08-15T18:17:27.000,2026-08-15T18:56:01.000,NYPD,Illegal Parking,Blocked Crosswalk,Closed,BRONX
70074807,2026-08-15T18:17:06.000,2026-08-15T19:47:56.000,NYPD,Non-Emergency Police Matter,Trespassing,Closed,STATEN ISLAND
70078721,2026-08-15T18:17:05.000,2026-08-15T18:36:22.000,NYPD,Noise - Street/Sidewalk,Loud Music/Party,Closed,MANHATTAN
70072726,2026-08-15T18:16:20.000,2026-08-15T18:56:16.000,NYPD,Noise - Commercial,Loud Music/Party,Closed,BRONX
70076759,2026-08-15T18:15:55.000,,DOT,Street Condition,Defective Hardware,In Progress,MANHATTAN
70074971,2026-08-15T18:15:54.000,,DSNY,Litter Basket Request,Replacement Basket,In Progress,MANHATTAN
70074710,2026-08-15T18:15:36.000,2026-08-16T01:34:27.000,NYPD,Illegal Parking,Parking Permit Improper Use,Closed,QUEENS
70079158,2026-08-15T18:15:28.000,2026-08-15T18:56:25.000,NYPD,Noise - Commercial,Loud Music/Party,Closed,BRONX
70072588,2026-08-15T18:15:21.000,2026-08-15T19:13:53.000,NYPD,Noise - Street/Sidewalk,Loud Music/Party,Closed,BRONX
70073361,2026-08-15T18:15:14.000,2026-08-15T22:15:29.000,NYPD,Noise - Residential,Loud Talking,Closed,QUEENS
70080650,2026-08-15T18:15:13.000,2026-08-15T19:35:50.000,NYPD,Noise - Commercial,Banging/Pounding,Closed,BROOKLYN
70075012,2026-08-15T18:15:09.000,,DSNY,Illegal Posting,Poster or Sign,In Progress,QUEENS
70078669,2026-08-15T18:14:58.000,2026-08-15T18:39:26.000,NYPD,Panhandling,N/A,Closed,MANHATTAN
70076092,2026-08-15T18:14:30.000,2026-08-15T18:19:47.000,NYPD,Noise - Vehicle,Car/Truck Horn,Closed,QUEENS
70072856,2026-08-15T18:14:09.000,2026-08-15T21:27:40.000,NYPD,Noise - Residential,Banging/Pounding,Closed,BROOKLYN
70082678,2026-08-15T18:14:05.000,,DSNY,Obstruction,Weeds or Grass,In Progress,BROOKLYN
70079981,2026-08-15T18:13:55.000,2026-08-15T18:36:19.000,NYPD,Noise - Street/Sidewalk,Loud Music/Party,Closed,MANHATTAN
70073653,2026-08-15T18:13:21.000,,DPR,Maintenance or Facility,Rodent Sighting,In Progress,BROOKLYN
70081546,2026-08-15T18:13:13.000,,DEP,Lead,Lead Kit,In Progress,QUEENS
70082603,2026-08-15T18:13:11.000,2026-08-15T20:53:17.000,NYPD,Noise - Street/Sidewalk,Loud Music/Party,Closed,MANHATTAN
70082642,2026-08-15T18:12:37.000,2026-08-15T18:36:25.000,NYPD,Noise - Street/Sidewalk,Loud Music/Party,Closed,MANHATTAN
70072801,2026-08-15T18:12:30.000,2026-08-15T20:37:02.000,NYPD,Noise - Residential,Loud Music/Party,Closed,BROOKLYN
70080334,2026-08-15T18:12:26.000,2026-08-15T22:14:31.000,NYPD,Blocked Driveway,No Access,Closed,BRONX
70078000,2026-08-15T18:12:24.000,2026-08-15T19:44:44.000,NYPD,Noise - Street/Sidewalk,Loud Music/Party,Closed,BROOKLYN
70076439,2026-08-15T18:11:57.000,,DEP,Water Maintenance,Fire Hydrant Running,In Progress,BROOKLYN
70082032,2026-08-15T18:11:35.000,2026-08-15T18:19:43.000,NYPD,Illegal Parking,Posted Parking Sign Violation,Closed,BROOKLYN
70074336,2026-08-15T18:11:15.000,,DOHMH,Food Establishment,Rodents/Insects/Garbage,In Progress,MANHATTAN
70078430,2026-08-15T18:11:06.000,,NYPD,Abandoned Vehicle,With License Plate,In Progress,QUEENS
70075035,2026-08-15T18:11:03.000,2026-08-15T18:42:51.000,NYPD,Illegal Parking,Double Parked Blocking Traffic,Closed,QUEENS
70080272,2026-08-15T18:10:58.000,,DEP,Noise,Boat,In Progress,STATEN ISLAND
70074325,2026-08-15T18:10:54.000,2026-08-15T18:16:50.000,NYPD,Noise - Vehicle,Car/Truck Music,Closed,BROOKLYN
70079561,2026-08-15T18:10:52.000,,HPD,HEAT/HOT WATER,ENTIRE BUILDING,Open,MANHATTAN
70079253,2026-08-15T18:10:50.000,2026-08-15T22:33:09.000,NYPD,Noise - Street/Sidewalk,Loud Music/Party,Closed,BROOKLYN
70082333,2026-08-15T18:10:45.000,2026-08-15T19:01:21.000,NYPD,Illegal Parking,Blocked Hydrant,Closed,QUEENS
70080093,2026-08-15T18:10:33.000,2026-08-15T18:35:11.000,DSNY,Vendor Enforcement,Non-Food Vendor,Closed,BROOKLYN
70078024,2026-08-15T18:10:29.000,2026-08-16T00:00:01.000,NYPD,Blocked Driveway,No Access,Closed,BROOKLYN
70079982,2026-08-15T18:10:07.000,2026-08-15T18:36:24.000,NYPD,Noise - Street/Sidewalk,Loud Music/Party,Closed,MANHATTAN
70081986,2026-08-15T18:10:05.000,2026-08-15T18:23:31.000,NYPD,Noise - Residential,Loud Music/Party,Closed,BROOKLYN
70075162,2026-08-15T18:09:44.000,,DEP,Water Maintenance,Fire Hydrant Running Full,In Progress,QUEENS
70076491,2026-08-15T18:09:36.000,2026-08-15T20:04:15.000,NYPD,Illegal Parking,Double Parked Blocking Traffic,Closed,BRONX
70082360,2026-08-15T18:09:31.000,2026-08-15T21:26:23.000,NYPD,Abandoned Vehicle,With License Plate,Closed,QUEENS
70080010,2026-08-15T18:09:23.000,,DPR,Maintenance or Facility,Graffiti or Vandalism,In Progress,BROOKLYN
70072616,2026-08-15T18:09:16.000,2026-08-15T20:42:50.000,NYPD,Noise - Vehicle,Car/Truck Music,Closed,BRONX
70077999,2026-08-15T18:09:13.000,2026-08-15T19:41:00.000,NYPD,Noise - Street/Sidewalk,Loud Music/Party,Closed,BROOKLYN
70081588,2026-08-15T18:09:03.000,,DEP,Noise,Manufacturing Business/Plant,In Progress,BRONX
70074066,2026-08-15T18:08:44.000,,NYPD,Illegal Parking,Posted Parking Sign Violation,In Progress,BROOKLYN
70082326,2026-08-15T18:08:37.000,2026-08-15T19:01:49.000,NYPD,Illegal Parking,Blocked Crosswalk,Closed,QUEENS
70079573,2026-08-15T18:08:18.000,,HPD,FLOORING/STAIRS,STAIRS,Open,BROOKLYN
70072843,2026-08-15T18:08:13.000,2026-08-15T23:11:24.000,NYPD,Noise - Vehicle,Car/Truck Music,Closed,BROOKLYN
70074844,2026-08-15T18:08:05.000,2026-08-15T20:51:18.000,NYPD,Illegal Parking,License Plate Obscured,Closed,MANHATTAN
70082208,2026-08-15T18:08:01.000,,HPD,HEAT/HOT WATER,APARTMENT ONLY,Open,BRONX
70081050,2026-08-15T18:08:00.000,,NYPD,Illegal Parking,Commercial Overnight Parking,In Progress,QUEENS
70075559,2026-08-15T18:07:53.000,2026-08-15T18:47:52.000,NYPD,Noise - Park,Loud Music/Party,Closed,BROOKLYN
70079511,2026-08-15T18:07:50.000,,HPD,UNSANITARY CONDITION,PESTS,Open,BRONX
70082219,2026-08-15T18:07:50.000,,HPD,ELECTRIC,POWER OUTAGE,Open,BRONX
70076462,2026-08-15T18:07:31.000,,DEP,Noise,Construction,In Progress,MANHATTAN
70082536,2026-08-15T18:07:28.000,2026-08-15T19:48:46.000,NYPD,Noise - Commercial,Loud Music/Party,Closed,STATEN ISLAND
70077940,2026-08-15T18:07:19.000,2026-08-15T18:36:05.000,NYPD,Urinating in Public,N/A,Closed,BROOKLYN
70073395,2026-08-15T18:07:10.000,2026-08-15T18:39:26.000,NYPD,Illegal Parking,Blocked Sidewalk,Closed,QUEENS
70081741,2026-08-15T18:06:58.000,2026-08-15T18:36:25.000,NYPD,Noise - Residential,Banging/Pounding,Closed,BRONX
70073734,2026-08-15T18:06:46.000,2026-08-15T18:47:07.000,NYPD,Illegal Parking,Blocked Hydrant,Closed,QUEENS
70073057,2026-08-15T18:06:46.000,,DOT,Curb Condition,Defacement,In Progress,QUEENS
70073505,2026-08-15T18:06:44.000,2026-08-15T21:35:23.000,NYPD,Noise - Residential,Loud Music/Party,Closed,STATEN ISLAND
70077933,2026-08-15T18:06:20.000,2026-08-15T18:26:33.000,NYPD,Noise - Street/Sidewalk,Loud Music/Party,Closed,BROOKLYN
70073741,2026-08-15T18:06:13.000,,DOT,Street Condition,Pothole,Open,QUEENS
70081578,2026-08-15T18:06:07.000,2026-08-15T18:59:00.000,DEP,Water Maintenance,Fire Hydrant Leaking,Closed,QUEENS
70073665,2026-08-15T18:06:03.000,,DSNY,Dirty Condition,Trash,In Progress,QUEENS
70082202,2026-08-15T18:06:02.000,,HPD,HEAT/HOT WATER,ENTIRE BUILDING,Open,BROOKLYN
70079139,2026-08-15T18:05:56.000,2026-08-16T00:54:33.000,NYPD,Noise - Commercial,Loud Music/Party,Closed,MANHATTAN
70080551,2026-08-15T18:05:52.000,2026-08-15T21:50:30.000,NYPD,Illegal Parking,Double Parked Blocking Vehicle,Closed,BROOKLYN
70073826,2026-08-15T18:05:46.000,,DEP,Water Maintenance,Fire Hydrant Running Full,In Progress,BRONX
70077164,2026-08-15T18:05:42.000,2026-08-15T20:36:41.000,NYPD,Noise - Residential,Loud Music/Party,Closed,QUEENS
70077717,2026-08-15T18:05:20.000,2026-08-15T18:52:26.000,NYPD,Noise - Street/Sidewalk,Loud Music/Party,Closed,BRONX
70074157,2026-08-15T18:05:19.000,2026-08-15T23:11:15.000,NYPD,Noise - Street/Sidewalk,Loud Talking,Closed,BROOKLYN
70079746,2026-08-15T18:05:15.000,2026-08-15T23:09:40.000,NYPD,Illegal Parking,Blocked Crosswalk,Closed,QUEENS
70080888,2026-08-15T18:05:12.000,,HPD,APPLIANCE,ELECTRIC/GAS RANGE,Open,BROOKLYN
70079748,2026-08-15T18:04:54.000,,NYPD,Illegal Parking,Blocked Sidewalk,In Progress,QUEENS
70079585,2026-08-15T18:04:53.000,,HPD,ELECTRIC,NO LIGHTING,Open,BRONX
70079039,2026-08-15T18:04:41.000,2026-08-16T00:53:38.000,NYPD,Noise - Residential,Loud Music/Party,Closed,BRONX
70078039,2026-08-15T18:04:30.000,2026-08-15T19:55:26.000,NYPD,Noise - Residential,Banging/Pounding,Closed,BROOKLYN
70076307,2026-08-15T18:04:23.000,2026-08-15T18:35:19.000,DSNY,Vendor Enforcement,Food Vendor,Closed,MANHATTAN
70074221,2026-08-15T18:04:19.000,2026-08-15T19:25:27.000,NYPD,Illegal Parking,Posted Parking Sign Violation,Closed,BROOKLYN
70082706,2026-08-15T18:04:10.000,,DSNY,Illegal Dumping,Removal Request,In Progress,BROOKLYN
70077992,2026-08-15T18:04:02.000,,DOT,Street Condition,Cave-in,In Progress,QUEENS
70081312,2026-08-15T18:03:58.000,2026-08-15T18:36:21.000,NYPD,Noise - Street/Sidewalk,Loud Music/Party,Closed,MANHATTAN
70080555,2026-08-15T18:03:53.000,,DOT,Street Condition,Cave-in,In Progress,BROOKLYN
70081547,2026-08-15T18:03:53.000,,DEP,Air Quality,Vehicle Idling Odor,In Progress,BROOKLYN
70081943,2026-08-15T18:03:30.000,2026-08-15T18:13:22.000,NYPD,Noise - Street/Sidewalk,Loud Music/Party,Closed,BROOKLYN
70081188,2026-08-15T18:03:29.000,2026-08-16T00:49:28.000,NYPD,Illegal Parking,Commercial Overnight Parking,Closed,STATEN ISLAND
70076356,2026-08-15T18:03:26.000,,DSNY,Graffiti,Graffiti,Open,QUEENS
70072591,2026-08-15T18:03:03.000,2026-08-15T18:23:31.000,NYPD,Noise - Residential,Loud Music/Party,Closed,BRONX
70075597,2026-08-15T18:02:55.000,2026-08-15T18:55:43.000,NYPD,Illegal Parking,Posted Parking Sign Violation,Closed,BROOKLYN
70078399,2026-08-15T18:02:51.000,2026-08-16T01:19:03.000,NYPD,Noise - Street/Sidewalk,Loud Music/Party,Closed,MANHATTAN
70080372,2026-08-15T18:02:50.000,2026-08-15T20:57:15.000,NYPD,Noise - Residential,Loud Music/Party,Closed,BRONX
70079744,2026-08-15T18:02:34.000,2026-08-15T18:16:55.000,NYPD,Illegal Parking,Blocked Hydrant,Closed,QUEENS
70076683,2026-08-15T18:02:31.000,2026-08-16T01:22:08.000,NYPD,Illegal Parking,Blocked Crosswalk,Closed,BROOKLYN
70079510,2026-08-15T18:02:28.000,,HPD,UNSANITARY CONDITION,PESTS,Open,MANHATTAN
70080803,2026-08-15T18:02:27.000,,HPD,UNSANITARY CONDITION,MOLD,Open,BROOKLYN
70078586,2026-08-15T18:02:20.000,2026-08-16T01:16:30.000,NYPD,Animal-Abuse,Neglected,Closed,QUEENS
70080669,2026-08-15T18:02:19.000,2026-08-15T19:17:05.000,NYPD,Illegal Parking,Double Parked Blocking Traffic,Closed,BROOKLYN
70079320,2026-08-15T18:02:19.000,2026-08-15T19:25:50.000,NYPD,Illegal Parking,Posted Parking Sign Violation,Closed,BROOKLYN
70074228,2026-08-15T18:02:18.000,2026-08-15T18:47:06.000,NYPD,Illegal Parking,Blocked Sidewalk,Closed,BROOKLYN
70073358,2026-08-15T18:02:03.000,2026-08-15T23:16:08.000,NYPD,Noise - Street/Sidewalk,Loud Music/Party,Closed,QUEENS
70081408,2026-08-15T18:01:54.000,,DSNY,Dirty Condition,Trash,In Progress,BROOKLYN
70077291,2026-08-15T18:01:54.000,2026-08-15T19:47:56.000,NYPD,Illegal Parking,Posted Parking Sign Violation,Closed,QUEENS
70081918,2026-08-15T18:01:44.000,,DOT,Street Condition,Cave-in,In Progress,QUEENS
70073796,2026-08-15T18:01:35.000,2026-08-15T18:01:35.000,DOB,General Construction/Plumbing,Building Permit - None,Open,BROOKLYN
70079376,2026-08-15T18:01:10.000,2026-08-15T18:02:38.000,NYPD,Noise - Residential,Loud Music/Party,Closed,BROOKLYN
70077498,2026-08-15T18:01:06.000,,DSNY,Residential Disposal Complaint,Waste Not Separated,In Progress,MANHATTAN
70073903,2026-08-15T18:01:02.000,2026-08-15T20:51:53.000,NYPD,Illegal Parking,Posted Parking Sign Violation,Closed,BRONX
70080231,2026-08-15T18:00:44.000,,DEP,Water Maintenance,Fire Hydrant Running Full,In Progress,MANHATTAN
70081316,2026-08-15T18:00:21.000,2026-08-15T18:36:25.000,NYPD,Noise - Street/Sidewalk,Loud Music/Party,Closed,MANHATTAN
70081643,2026-08-15T18:00:02.000,2026-08-15T20:42:45.000,NYPD,Noise - Street/Sidewalk,Loud Music/Party,Closed,BRONX
70075976,2026-08-15T17:59:57.000,2026-08-15T20:32:26.000,NYPD,Noise - Residential,Loud Music/Party,Closed,QUEENS
70078286,2026-08-15T17:59:46.000,,HPD,GENERAL,JANITOR/SUPER,Open,BROOKLYN
70076218,2026-08-15T17:59:38.000,2026-08-15T19:17:34.000,NYPD,Noise - Residential,Loud Music/Party,Closed,BRONX
70082127,2026-08-15T17:59:29.000,,DOHMH,Standing Water,Container - Over 5 Gallons,In Progress,BROOKLYN
70074281,2026-08-15T17:59:19.000,2026-08-15T22:20:35.000,NYPD,Illegal Parking,Blocked Sidewalk,Closed,BROOKLYN
70076246,2026-08-15T17:59:16.000,,DSNY,Dumpster Complaint,Overflowing dumpster,In Progress,QUEENS
70075150,2026-08-15T17:58:44.000,,DEP,Lead,Lead Kit,In Progress,QUEENS
70077884,2026-08-15T17:58:22.000,,NYPD,Noise - Street/Sidewalk,Loud Talking,In Progress,BROOKLYN
70080593,2026-08-15T17:58:15.000,2026-08-15T19:26:26.000,NYPD,Illegal Parking,Posted Parking Sign Violation,Closed,BROOKLYN
70079774,2026-08-15T17:58:10.000,2026-08-15T18:23:31.000,NYPD,Noise - Residential,Banging/Pounding,Closed,QUEENS
70082065,2026-08-15T17:58:07.000,2026-08-15T18:23:30.000,NYPD,Blocked Driveway,No Access,Closed,BROOKLYN
70075575,2026-08-15T17:58:04.000,2026-08-15T18:00:53.000,NYPD,Noise - Street/Sidewalk,Loud Music/Party,Closed,BROOKLYN
70081893,2026-08-15T17:57:49.000,2026-08-15T19:10:37.000,NYPD,Noise - Residential,Banging/Pounding,Closed,BROOKLYN
70079292,2026-08-15T17:57:48.000,,DOT,Street Condition,Cave-in,In Progress,QUEENS
70080075,2026-08-15T17:57:48.000,,DSNY,Dirty Condition,Trash,In Progress,QUEENS
70079775,2026-08-15T17:57:27.000,2026-08-15T18:55:43.000,NYPD,Illegal Parking,Posted Parking Sign Violation,Closed,QUEENS
70081965,2026-08-15T17:57:10.000,2026-08-15T17:59:46.000,NYPD,Illegal Parking,Blocked Sidewalk,Closed,BROOKLYN
70077256,2026-08-15T17:57:08.000,2026-08-15T20:42:43.000,NYPD,Bike/Roller/Skate,N/A,Closed,QUEENS
70081645,2026-08-15T17:57:03.000,2026-08-15T19:48:38.000,NYPD,Noise - Residential,Banging/Pounding,Closed,BRONX
70080014,2026-08-15T17:56:42.000,,DPR,Maintenance or Facility,Structure - Outdoors,In Progress,MANHATTAN
70081422,2026-08-15T17:56:10.000,,DSNY,Residential Disposal Complaint,Trash or Recycling Not Secure,In Progress,BROOKLYN
70076336,2026-08-15T17:56:00.000,2026-08-15T20:00:00.000,DOT,Traffic Signal Condition,Controller,Closed,MANHATTAN
70079249,2026-08-15T17:55:58.000,2026-08-16T00:58:36.000,NYPD,Illegal Parking,Commercial Overnight Parking,Closed,BROOKLYN
70082593,2026-08-15T17:55:47.000,2026-08-15T19:17:04.000,NYPD,Noise - Street/Sidewalk,Loud Music/Party,Closed,MANHATTAN
70076233,2026-08-15T17:55:41.000,,DPR,Maintenance or Facility,Rodent Sighting,In Progress,MANHATTAN
70078648,2026-08-15T17:55:21.000,2026-08-15T18:58:16.000,NYPD,Noise - Residential,Loud Television,Closed,MANHATTAN
70082605,2026-08-15T17:55:14.000,2026-08-15T18:26:50.000,NYPD,Noise - Street/Sidewalk,Loud Music/Party,Closed,MANHATTAN
70081543,2026-08-15T17:54:45.000,,DEP,Lead,Lead Kit,In Progress,QUEENS
70080078,2026-08-15T17:54:32.000,,DSNY,Dirty Condition,Trash,In Progress,BRONX
70076776,2026-08-15T17:54:29.000,,NYPD,Illegal Parking,Posted Parking Sign Violation,In Progress,BROOKLYN
70081267,2026-08-15T17:54:12.000,2026-08-15T20:48:01.000,NYPD,Noise - Street/Sidewalk,Loud Music/Party,Closed,MANHATTAN
70075647,2026-08-15T17:54:05.000,,DOHMH,Food Establishment,Odor,In Progress,QUEENS
70077076,2026-08-15T17:54:03.000,,DOHMH,Rodent,Rat Sighting,In Progress,BROOKLYN
70075210,2026-08-15T17:53:57.000,,DOT,Highway Condition,High Grass,In Progress,QUEENS
70080825,2026-08-15T17:53:44.000,,HPD,PAINT/PLASTER,WALL,Open,BROOKLYN
70078228,2026-08-15T17:53:44.000,,HPD,UNSANITARY CONDITION,PESTS,Open,BROOKLYN
70078266,2026-08-15T17:53:44.000,,HPD,PAINT/PLASTER,CEILING,Open,BROOKLYN
70078265,2026-08-15T17:53:44.000,,HPD,PAINT/PLASTER,WALL,Open,BROOKLYN
70073079,2026-08-15T17:53:44.000,,HPD,APPLIANCE,REFRIGERATOR,Open,BROOKLYN
70080769,2026-08-15T17:53:31.000,,DOT,Street Condition,"Rough, Pitted or Cracked Roads",In Progress,QUEENS
70082287,2026-08-15T17:53:28.000,2026-08-15T21:41:45.000,NYPD,Noise - Residential,Loud Music/Party,Closed,BROOKLYN
70082349,2026-08-15T17:53:23.000,2026-08-15T20:32:00.000,NYPD,Noise - Residential,Loud Music/Party,Closed,QUEENS
70081061,2026-08-15T17:53:12.000,2026-08-15T22:37:55.000,NYPD,Noise - Residential,Loud Music/Party,Closed,QUEENS
70072449,2026-08-15T17:52:49.000,,DOT,Street Condition,Pothole,Open,BROOKLYN
70082168,2026-08-15T17:52:41.000,,HPD,UNSANITARY CONDITION,MOLD,Open,MANHATTAN
70082189,2026-08-15T17:52:41.000,,HPD,PLUMBING,BASIN/SINK,Open,MANHATTAN
70080827,2026-08-15T17:52:41.000,,HPD,PAINT/PLASTER,WALL,Open,MANHATTAN
70078274,2026-08-15T17:52:41.000,,HPD,PAINT/PLASTER,CEILING,Open,MANHATTAN
70074422,2026-08-15T17:52:41.000,,HPD,UNSANITARY CONDITION,PESTS,Open,MANHATTAN
70075723,2026-08-15T17:52:41.000,,HPD,UNSANITARY CONDITION,PESTS,Open,MANHATTAN
70073084,2026-08-15T17:52:41.000,,HPD,WATER LEAK,HEAVY FLOW,Open,MANHATTAN
70073169,2026-08-15T17:52:41.000,,HPD,FLOORING/STAIRS,FLOOR,Open,MANHATTAN
70079670,2026-08-15T17:52:32.000,2026-08-15T21:14:41.000,NYPD,Noise - Residential,Loud Music/Party,Closed,QUEENS
70082520,2026-08-15T17:52:29.000,2026-08-15T18:04:08.000,NYPD,Illegal Parking,Blocked Crosswalk,Closed,QUEENS
70073201,2026-08-15T17:52:25.000,,DOT,Sidewalk Condition,Pedestrian Ramp Defective,In Progress,BRONX
70081313,2026-08-15T17:52:23.000,2026-08-15T18:36:23.000,NYPD,Noise - Street/Sidewalk,Loud Music/Party,Closed,MANHATTAN
70082281,2026-08-15T17:52:21.000,,DPR,Damaged Tree,Branch Cracked and Will Fall,In Progress,QUEENS
70072609,2026-08-15T17:52:15.000,2026-08-15T20:13:16.000,NYPD,Illegal Parking,Blocked Hydrant,Closed,BRONX
70075335,2026-08-15T17:51:52.000,2026-08-15T18:29:51.000,NYPD,Noise - Street/Sidewalk,Loud Music/Party,Closed,BRONX
70080077,2026-08-15T17:51:42.000,,DSNY,Dirty Condition,Trash,In Progress,MANHATTAN
70075013,2026-08-15T17:51:36.000,,DSNY,Illegal Posting,Poster or Sign,In Progress,QUEENS
70081761,2026-08-15T17:51:32.000,2026-08-15T19:02:43.000,NYPD,Noise - Residential,Loud Music/Party,Closed,BRONX
70074514,2026-08-15T17:51:12.000,2026-08-15T21:32:18.000,DHS,Homeless Person Assistance,Non-Chronic,Closed,MANHATTAN
70081552,2026-08-15T17:51:11.000,2026-08-15T17:51:00.000,DEP,Water Maintenance,Water Main Break,Closed,STATEN ISLAND
70082089,2026-08-15T17:51:07.000,,TLC,Taxi Complaint,Driver Complaint - Non Passenger,In Progress,MANHATTAN
70076430,2026-08-15T17:51:05.000,,DEP,Water Maintenance,Fire Hydrant Running Full,In Progress,BRONX
70077984,2026-08-15T17:50:41.000,,DOT,Street Condition,Cave-in,In Progress,BROOKLYN
70077003,2026-08-15T17:50:40.000,,HPD,PLUMBING,WATER SUPPLY,Open,BROOKLYN
70082375,2026-08-15T17:50:38.000,,NYPD,Blocked Driveway,No Access,In Progress,QUEENS
70077338,2026-08-15T17:50:34.000,2026-08-15T18:04:09.000,NYPD,Illegal Parking,Blocked Sidewalk,Closed,QUEENS
70080410,2026-08-15T17:50:33.000,2026-08-15T19:17:04.000,NYPD,Illegal Parking,Posted Parking Sign Violation,Closed,BRONX
70079663,2026-08-15T17:50:29.000,2026-08-15T19:35:50.000,NYPD,Encampment,N/A,Closed,BRONX
70076955,2026-08-15T17:50:29.000,,HPD,DOOR/WINDOW,WINDOW FRAME,Open,MANHATTAN
70080290,2026-08-15T17:50:26.000,2026-08-15T18:42:48.000,NYPD,Noise - Residential,Banging/Pounding,Closed,BRONX
70077054,2026-08-15T17:50:25.000,,DHS,Homeless Person Assistance,Non-Chronic,In Progress,MANHATTAN
70080069,2026-08-15T17:50:23.000,,DSNY,Illegal Dumping,Removal Request,In Progress,BROOKLYN
70079673,2026-08-15T17:50:15.000,2026-08-15T18:01:08.000,NYPD,Bike/Roller/Skate,N/A,Closed,MANHATTAN
70082497,2026-08-15T17:50:15.000,2026-08-15T20:45:04.000,NYPD,Blocked Driveway,No Access,Closed,QUEENS
70077686,2026-08-15T17:50:12.000,2026-08-15T17:50:00.000,DEP,Sewer Maintenance,Manhole Overflow,Closed,BROOKLYN
70081719,2026-08-15T17:50:06.000,2026-08-15T21:14:41.000,NYPD,Noise - Street/Sidewalk,Loud Music/Party,Closed,BRONX
70076629,2026-08-15T17:50:05.000,2026-08-15T19:13:54.000,NYPD,Blocked Driveway,Partial Access,Closed,BROOKLYN
70073073,2026-08-15T17:49:55.000,,DOHMH,Indoor Air Quality,Chemical Vapors/Gases/Odors,In Progress,QUEENS
70079319,2026-08-15T17:49:47.000,2026-08-15T19:26:06.000,NYPD,Illegal Parking,Posted Parking Sign Violation,Closed,BROOKLYN
70078819,2026-08-15T17:49:40.000,,DSNY,Illegal Dumping,Removal Request,In Progress,QUEENS
70079845,2026-08-15T17:49:39.000,2026-08-15T18:13:22.000,NYPD,Noise - Residential,Loud Music/Party,Closed,QUEENS
70080966,2026-08-15T17:49:32.000,2026-08-15T18:01:07.000,NYPD,Bike/Roller/Skate,N/A,Closed,MANHATTAN
70076095,2026-08-15T17:49:04.000,2026-08-15T18:04:09.000,NYPD,Illegal Parking,Double Parked Blocking Traffic,Closed,QUEENS
70073528,2026-08-15T17:49:03.000,2026-08-15T18:07:10.000,NYPD,Encampment,N/A,Closed,MANHATTAN
70075503,2026-08-15T17:48:55.000,2026-08-15T18:29:52.000,NYPD,Noise - Residential,Loud Music/Party,Closed,BROOKLYN
70072656,2026-08-15T17:48:18.000,2026-08-15T18:51:32.000,NYPD,Animal-Abuse,Other (complaint details),Closed,BRONX
70075627,2026-08-15T17:47:55.000,2026-08-15T17:49:02.000,NYPD,Noise - Residential,Banging/Pounding,Closed,BROOKLYN
70073999,2026-08-15T17:47:45.000,2026-08-15T18:07:09.000,NYPD,Noise - Residential,Loud Music/Party,Closed,BRONX
70077943,2026-08-15T17:47:44.000,2026-08-15T22:40:42.000,NYPD,Noise - Residential,Banging/Pounding,Closed,BROOKLYN
70076837,2026-08-15T17:47:42.000,2026-08-15T18:00:08.000,NYPD,Noise - Street/Sidewalk,Loud Music/Party,Closed,BROOKLYN
70073884,2026-08-15T17:47:37.000,2026-08-15T18:23:31.000,NYPD,Noise - Residential,Loud Music/Party,Closed,BRONX
70074880,2026-08-15T17:46:47.000,2026-08-15T21:34:10.000,NYPD,Drug Activity,Use Outside,Closed,MANHATTAN
70080416,2026-08-15T17:46:36.000,2026-08-15T19:35:48.000,NYPD,Illegal Parking,Blocked Hydrant,Closed,BRONX
70079172,2026-08-15T17:46:32.000,2026-08-15T19:24:12.000,NYPD,Noise - Street/Sidewalk,Loud Music/Party,Closed,BRONX
70073319,2026-08-15T17:46:04.000,2026-08-15T22:03:13.000,NYPD,Noise - Residential,Banging/Pounding,Closed,QUEENS
70077318,2026-08-15T17:45:58.000,,NYPD,Illegal Parking,Blocked Hydrant,In Progress,QUEENS
70082636,2026-08-15T17:45:57.000,2026-08-15T18:36:17.000,NYPD,Noise - Street/Sidewalk,Loud Music/Party,Closed,MANHATTAN
70080091,2026-08-15T17:45:56.000,2026-08-15T18:05:14.000,DSNY,Vendor Enforcement,Non-Food Vendor,Closed,MANHATTAN
70080459,2026-08-15T17:45:47.000,,NYPD,Blocked Driveway,Partial Access,In Progress,BROOKLYN
70077059,2026-08-15T17:45:42.000,,DHS,Homeless Person Assistance,Non-Chronic,In Progress,BROOKLYN
70079671,2026-08-15T17:45:37.000,2026-08-15T20:31:58.000,NYPD,Noise - Residential,Loud Music/Party,Closed,QUEENS
70074631,2026-08-15T17:45:33.000,,NYPD,Blocked Driveway,No Access,In Progress,QUEENS
70072681,2026-08-15T17:45:26.000,2026-08-15T20:06:02.000,NYPD,Illegal Parking,Double Parked Blocking Traffic,Closed,BRONX
70078050,2026-08-15T17:45:09.000,2026-08-15T18:23:32.000,NYPD,Noise - Residential,Loud Music/Party,Closed,BROOKLYN
70076633,2026-08-15T17:44:46.000,,NYPD,Noise - Street/Sidewalk,Loud Talking,In Progress,BROOKLYN
70079230,2026-08-15T17:44:38.000,2026-08-15T19:01:47.000,NYPD,Abandoned Vehicle,With License Plate,Closed,BROOKLYN
70080236,2026-08-15T17:44:36.000,,DEP,Water Maintenance,Fire Hydrant Running Full,In Progress,BROOKLYN
70073959,2026-08-15T17:44:26.000,2026-08-15T20:52:27.000,NYPD,Blocked Driveway,No Access,Closed,BRONX
70075951,2026-08-15T17:44:13.000,2026-08-15T18:29:53.000,NYPD,Noise - Residential,Loud Music/Party,Closed,QUEENS
70077942,2026-08-15T17:44:00.000,2026-08-15T18:39:26.000,NYPD,Noise - Street/Sidewalk,Loud Music/Party,Closed,BROOKLYN
70075439,2026-08-15T17:43:20.000,2026-08-15T22:17:23.000,NYPD,Blocked Driveway,Partial Access,Closed,BROOKLYN
70078458,2026-08-15T17:43:09.000,2026-08-15T19:47:56.000,NYPD,Noise - Residential,Loud Music/Party,Closed,QUEENS
70079716,2026-08-15T17:43:06.000,2026-08-15T22:27:56.000,NYPD,Blocked Driveway,Partial Access,Closed,QUEENS
70079780,2026-08-15T17:43:05.000,2026-08-15T18:47:05.000,NYPD,Illegal Parking,Blocked Hydrant,Closed,QUEENS
70076812,2026-08-15T17:43:05.000,2026-08-15T22:27:57.000,NYPD,Illegal Parking,Posted Parking Sign Violation,Closed,BROOKLYN
70076713,2026-08-15T17:42:57.000,,NYPD,Illegal Parking,Double Parked Blocking Vehicle,In Progress,BROOKLYN
70076685,2026-08-15T17:42:27.000,2026-08-15T22:07:21.000,NYPD,Noise - Street/Sidewalk,Loud Talking,Closed,BROOKLYN
70081977,2026-08-15T17:42:19.000,2026-08-15T17:55:04.000,NYPD,Illegal Parking,Blocked Bike Lane,Closed,BROOKLYN
70079402,2026-08-15T17:42:14.000,2026-08-15T18:19:47.000,NYPD,Illegal Parking,Blocked Sidewalk,Closed,BROOKLYN
70077173,2026-08-15T17:42:10.000,2026-08-15T21:37:20.000,NYPD,Noise - Street/Sidewalk,Loud Music/Party,Closed,QUEENS
70078724,2026-08-15T17:41:10.000,2026-08-15T18:36:26.000,NYPD,Noise - Street/Sidewalk,Loud Music/Party,Closed,MANHATTAN
70078090,2026-08-15T17:41:09.000,2026-08-15T18:32:54.000,NYPD,Blocked Driveway,No Access,Closed,BROOKLYN
70077782,2026-08-15T17:41:07.000,2026-08-15T17:55:04.000,NYPD,Illegal Parking,Blocked Sidewalk,Closed,BRONX
70079983,2026-08-15T17:41:04.000,2026-08-15T18:23:31.000,NYPD,Noise - Street/Sidewalk,Loud Music/Party,Closed,MANHATTAN
70076126,2026-08-15T17:41:01.000,,NYPD,Encampment,N/A,In Progress,MANHATTAN
70077079,2026-08-15T17:41:00.000,,DOHMH,Rodent,Rat Sighting,In Progress,STATEN ISLAND
70078976,2026-08-15T17:40:53.000,,DEP,Water Maintenance,Fire Hydrant Running,In Progress,BRONX
70080197,2026-08-15T17:40:35.000,2026-08-15T18:14:11.000,DPR,Violation of Park Rules,Obstructing Public Use,Closed,STATEN ISLAND
70082344,2026-08-15T17:40:22.000,2026-08-15T20:32:00.000,NYPD,Noise - Residential,Loud Music/Party,Closed,QUEENS
70079448,2026-08-15T17:40:08.000,,DOHMH,Food Establishment,Letter Grading,In Progress,BROOKLYN
70080176,2026-08-15T17:40:04.000,2026-08-15T17:40:04.000,DOB,Building/Use,Illegal Conversion Of Residential Building/Space,Open,BROOKLYN
70077625,2026-08-15T17:40:04.000,2026-08-15T17:40:04.000,DOB,Building/Use,Illegal Conversion Of Residential Building/Space,Open,QUEENS
70080558,2026-08-15T17:39:57.000,,DOT,Sidewalk Condition,Blocked - Construction,In Progress,BROOKLYN
70079702,2026-08-15T17:39:55.000,2026-08-15T18:10:17.000,NYPD,Blocked Driveway,No Access,Closed,QUEENS
70082345,2026-08-15T17:39:51.000,2026-08-15T19:06:16.000,NYPD,Noise - Residential,Loud Music/Party,Closed,QUEENS
70081214,2026-08-15T17:39:42.000,2026-08-15T18:07:14.000,NYPD,Encampment,N/A,Closed,MANHATTAN
70077694,2026-08-15T17:39:33.000,,DEP,Sewer Maintenance,Catch Basin Clogged,In Progress,QUEENS
70075224,2026-08-15T17:39:29.000,2026-08-15T19:59:34.000,NYPD,Noise - Residential,Loud Music/Party,Closed,BRONX
70075536,2026-08-15T17:39:15.000,2026-08-15T19:35:52.000,NYPD,Noise - Street/Sidewalk,Loud Music/Party,Closed,BROOKLYN
70077501,2026-08-15T17:39:12.000,,DSNY,Obstruction,Weeds or Grass,In Progress,QUEENS
70081241,2026-08-15T17:39:08.000,2026-08-15T18:32:55.000,NYPD,Noise - Street/Sidewalk,Loud Music/Party,Closed,MANHATTAN
70079873,2026-08-15T17:39:01.000,,NYPD,Noise - Residential,Loud Music/Party,In Progress,STATEN ISLAND
70075613,2026-08-15T17:38:50.000,,NYPD,Encampment,N/A,In Progress,MANHATTAN
70075560,2026-08-15T17:38:46.000,2026-08-15T18:55:38.000,NYPD,Non-Emergency Police Matter,Trespassing,Closed,BROOKLYN
70081556,2026-08-15T17:38:42.000,,DEP,Water Maintenance,Fire Hydrant Running Full,In Progress,BRONX
70074663,2026-08-15T17:38:39.000,2026-08-15T19:17:42.000,NYPD,Noise - Residential,Loud Music/Party,Closed,QUEENS
70079698,2026-08-15T17:38:38.000,2026-08-15T20:32:00.000,NYPD,Noise - Residential,Loud Music/Party,Closed,QUEENS
70081905,2026-08-15T17:38:29.000,2026-08-15T19:35:50.000,NYPD,Noise - Street/Sidewalk,Loud Music/Party,Closed,BROOKLYN
70082348,2026-08-15T17:38:19.000,2026-08-15T21:23:55.000,NYPD,Noise - Residential,Loud Music/Party,Closed,QUEENS
70073339,2026-08-15T17:38:14.000,2026-08-15T23:01:33.000,NYPD,Noise - Residential,Banging/Pounding,Closed,QUEENS
70073090,2026-08-15T17:38:12.000,,HPD,UNSANITARY CONDITION,PESTS,Open,MANHATTAN
70079456,2026-08-15T17:38:06.000,,TLC,For Hire Vehicle Complaint,Driver Complaint - Non Passenger,In Progress,MANHATTAN
70073293,2026-08-15T17:37:55.000,,NYPD,Abandoned Vehicle,With License Plate,In Progress,QUEENS
70072863,2026-08-15T17:37:55.000,,DOT,Street Condition,Defective Hardware,In Progress,MANHATTAN
70075272,2026-08-15T17:37:35.000,2026-08-15T18:04:08.000,NYPD,Illegal Parking,Blocked Hydrant,Closed,BRONX
70080436,2026-08-15T17:37:30.000,2026-08-15T18:39:26.000,NYPD,Illegal Parking,Blocked Sidewalk,Closed,MANHATTAN
70080894,2026-08-15T17:37:23.000,,DHS,Homeless Person Assistance,Chronic,In Progress,BROOKLYN
70079266,2026-08-15T17:37:14.000,2026-08-15T19:14:02.000,NYPD,Blocked Driveway,No Access,Closed,BROOKLYN
70074718,2026-08-15T17:37:08.000,2026-08-15T18:01:07.000,NYPD,Illegal Parking,Blocked Sidewalk,Closed,QUEENS
70075866,2026-08-15T17:37:06.000,2026-08-15T18:55:53.000,NYPD,Noise - Residential,Banging/Pounding,Closed,BRONX
70080186,2026-08-15T17:37:03.000,2026-08-15T17:37:03.000,DOB,Building/Use,Illegal Conversion Of Residential Building/Space,Open,QUEENS
70080133,2026-08-15T17:37:03.000,2026-08-15T17:37:03.000,DOB,Special Projects Inspection Team (SPIT),Illegal Hotel Rooms In Residential Building,Open,QUEENS
70073025,2026-08-15T17:36:54.000,,TLC,For Hire Vehicle Complaint,Driver Complaint - Non Passenger,In Progress,MANHATTAN
70075254,2026-08-15T17:36:51.000,2026-08-15T23:19:59.000,NYPD,Noise - Residential,Loud Music/Party,Closed,BRONX
70073056,2026-08-15T17:36:50.000,,DOT,Curb Condition,Defacement,In Progress,QUEENS
70080741,2026-08-15T17:36:15.000,,DCWP,Consumer Complaint,Tobacco Sales,In Progress,QUEENS
70080009,2026-08-15T17:36:13.000,,DPR,Maintenance or Facility,Rodent Sighting,In Progress,BROOKLYN
70079889,2026-08-15T17:36:13.000,2026-08-15T18:01:06.000,NYPD,Panhandling,N/A,Closed,MANHATTAN
70074050,2026-08-15T17:36:04.000,2026-08-15T21:05:13.000,NYPD,Drinking,In Public,Closed,BRONX
70079091,2026-08-15T17:35:46.000,2026-08-15T19:44:43.000,NYPD,Noise - Street/Sidewalk,Loud Music/Party,Closed,BRONX
70075369,2026-08-15T17:35:43.000,2026-08-15T20:04:16.000,NYPD,Noise - Street/Sidewalk,Loud Music/Party,Closed,BROOKLYN
70074139,2026-08-15T17:35:41.000,2026-08-15T18:53:55.000,NYPD,Noise - Street/Sidewalk,Loud Music/Party,Closed,MANHATTAN
70081442,2026-08-15T17:35:24.000,,DOT,Street Condition,Pothole,Open,QUEENS
70081712,2026-08-15T17:35:19.000,2026-08-15T21:07:53.000,NYPD,Non-Emergency Police Matter,Other (complaint details),Closed,BRONX
70072748,2026-08-15T17:35:04.000,2026-08-15T18:36:05.000,NYPD,Illegal Parking,Blocked Sidewalk,Closed,MANHATTAN
70078632,2026-08-15T17:35:02.000,2026-08-15T19:47:11.000,NYPD,Illegal Parking,Blocked Sidewalk,Closed,STATEN ISLAND
70082301,2026-08-15T17:34:43.000,2026-08-15T18:10:12.000,NYPD,Noise - Residential,Loud Music/Party,Closed,BRONX
70073300,2026-08-15T17:34:33.000,2026-08-15T20:28:45.000,NYPD,Noise - Residential,Loud Music/Party,Closed,QUEENS
70079853,2026-08-15T17:34:19.000,2026-08-15T17:35:18.000,NYPD,Noise - Vehicle,Car/Truck Horn,Closed,QUEENS
70076118,2026-08-15T17:34:16.000,,NYPD,Illegal Parking,Blocked Sidewalk,In Progress,STATEN ISLAND
70075021,2026-08-15T17:34:16.000,2026-08-15T18:05:14.000,DSNY,Vendor Enforcement,Non-Food Vendor,Closed,BRONX
70079729,2026-08-15T17:34:12.000,2026-08-15T19:47:56.000,NYPD,Noise - Residential,Loud Music/Party,Closed,QUEENS
70072986,2026-08-15T17:34:03.000,2026-08-15T17:52:03.000,NYPD,Blocked Driveway,Partial Access,Closed,BROOKLYN
70081505,2026-08-15T17:34:02.000,2026-08-15T17:34:02.000,DOB,Building/Use,Illegal Conversion Of Residential Building/Space,Open,QUEENS
70075363,2026-08-15T17:34:02.000,2026-08-15T21:04:51.000,NYPD,Drinking,In Public,Closed,BRONX
70078915,2026-08-15T17:34:02.000,2026-08-15T17:34:02.000,DOB,Building/Use,Illegal Conversion Of Residential Building/Space,Open,BROOKLYN
70073477,2026-08-15T17:33:39.000,2026-08-16T00:27:13.000,NYPD,Illegal Parking,Double Parked Blocking Vehicle,Closed,QUEENS
70082607,2026-08-15T17:33:24.000,2026-08-15T20:32:00.000,NYPD,Non-Emergency Police Matter,Other (complaint details),Closed,MANHATTAN
70073189,2026-08-15T17:33:24.000,2026-08-15T22:38:30.000,DHS,Homeless Person Assistance,Non-Chronic,Closed,MANHATTAN
70080554,2026-08-15T17:33:21.000,,DOT,Street Condition,Cave-in,In Progress,BRONX
70075291,2026-08-15T17:33:05.000,2026-08-15T22:41:40.000,NYPD,Blocked Driveway,Partial Access,Closed,BRONX
70077392,2026-08-15T17:33:00.000,2026-08-15T20:31:58.000,NYPD,Urinating in Public,N/A,Closed,MANHATTAN
70074919,2026-08-15T17:32:51.000,2026-08-15T18:36:18.000,NYPD,Noise - Street/Sidewalk,Loud Music/Party,Closed,MANHATTAN
70082074,2026-08-15T17:32:42.000,2026-08-15T20:36:41.000,NYPD,Blocked Driveway,Partial Access,Closed,BROOKLYN
70074535,2026-08-15T17:32:40.000,,DPR,Wood Pile Remaining,Remove Debris,In Progress,BROOKLYN
70082494,2026-08-15T17:32:30.000,2026-08-15T20:04:18.000,NYPD,Blocked Driveway,No Access,Closed,QUEENS
70073837,2026-08-15T17:32:30.000,,DEP,Water Maintenance,Fire Hydrant Running,In Progress,BRONX
70080718,2026-08-15T17:32:21.000,,TLC,For Hire Vehicle Complaint,Driver Complaint - Non Passenger,In Progress,MANHATTAN
70081000,2026-08-15T17:32:20.000,2026-08-15T20:28:45.000,NYPD,Noise - Residential,Loud Music/Party,Closed,QUEENS
70075391,2026-08-15T17:32:17.000,,NYPD,Blocked Driveway,Partial Access,In Progress,BROOKLYN
70079322,2026-08-15T17:32:16.000,2026-08-16T01:28:54.000,NYPD,Illegal Parking,Blocked Hydrant,Closed,BROOKLYN
70080797,2026-08-15T17:32:16.000,,HPD,UNSANITARY CONDITION,PESTS,Open,BRONX
70080801,2026-08-15T17:32:16.000,,HPD,UNSANITARY CONDITION,MOLD,Open,BRONX
70073162,2026-08-15T17:32:16.000,,HPD,GENERAL,BELL/BUZZER/INTERCOM,Open,BRONX
70080881,2026-08-15T17:32:14.000,,HPD,DOOR/WINDOW,DOOR,Open,BROOKLYN
70075788,2026-08-15T17:32:14.000,,HPD,GENERAL,BELL/BUZZER/INTERCOM,Open,BROOKLYN
70073112,2026-08-15T17:32:14.000,,HPD,UNSANITARY CONDITION,GARBAGE/RECYCLING STORAGE,Open,BROOKLYN
70078968,2026-08-15T17:32:07.000,,DEP,Water Maintenance,Leak,In Progress,BROOKLYN
70073725,2026-08-15T17:31:59.000,2026-08-15T18:05:14.000,DSNY,Vendor Enforcement,Non-Food Vendor,Closed,BRONX
70078596,2026-08-15T17:31:46.000,2026-08-15T18:29:52.000,NYPD,Non-Emergency Police Matter,Other (complaint details),Closed,QUEENS
70080492,2026-08-15T17:31:43.000,2026-08-15T17:44:45.000,NYPD,Noise - Residential,Loud Music/Party,Closed,BROOKLYN
70079979,2026-08-15T17:31:40.000,2026-08-15T18:36:08.000,NYPD,Noise - Street/Sidewalk,Loud Music/Party,Closed,MANHATTAN
70074638,2026-08-15T17:31:28.000,2026-08-15T19:06:16.000,NYPD,Noise - Residential,Loud Music/Party,Closed,QUEENS
70073690,2026-08-15T17:31:20.000,,DSNY,Litter Basket Request,New Basket,In Progress,MANHATTAN
70074194,2026-08-15T17:30:57.000,2026-08-15T20:10:29.000,NYPD,Noise - Street/Sidewalk,Loud Music/Party,Closed,BROOKLYN
70076646,2026-08-15T17:30:55.000,2026-08-15T19:09:37.000,NYPD,Illegal Parking,Blocked Sidewalk,Closed,BROOKLYN
70075211,2026-08-15T17:30:53.000,,EDC,Noise - Helicopter,Other,In Progress,MANHATTAN
70081333,2026-08-15T17:30:50.000,,DPR,Maintenance or Facility,Structure - Outdoors,In Progress,MANHATTAN
70081544,2026-08-15T17:30:43.000,,DEP,Lead,Lead Kit,In Progress,MANHATTAN
70081773,2026-08-15T17:30:42.000,2026-08-15T21:57:37.000,NYPD,Illegal Parking,Parking Permit Improper Use,Closed,BRONX
70080057,2026-08-15T17:30:39.000,,DSNY,Missed Collection,Recycling - Paper,In Progress,MANHATTAN
70073703,2026-08-15T17:30:21.000,,DSNY,Dirty Condition,Trash,In Progress,MANHATTAN
70082640,2026-08-15T17:30:19.000,2026-08-15T18:36:21.000,NYPD,Noise - Street/Sidewalk,Loud Music/Party,Closed,MANHATTAN
70072676,2026-08-15T17:30:11.000,2026-08-15T19:44:44.000,NYPD,Noise - Residential,Loud Music/Party,Closed,BRONX
70079451,2026-08-15T17:30:10.000,,TLC,For Hire Vehicle Complaint,Driver Complaint - Non Passenger,In Progress,MANHATTAN
70074918,2026-08-15T17:30:00.000,2026-08-15T18:23:32.000,NYPD,Noise - Street/Sidewalk,Loud Music/Party,Closed,MANHATTAN
70081228,2026-08-15T17:29:58.000,2026-08-15T17:34:06.000,NYPD,Encampment,N/A,Closed,MANHATTAN
70078774,2026-08-15T17:29:58.000,,DHS,Encampment,N/A,In Progress,MANHATTAN
70078525,2026-08-15T17:29:44.000,2026-08-15T17:48:01.000,NYPD,Abandoned Vehicle,With License Plate,Closed,QUEENS
70076172,2026-08-15T17:29:33.000,2026-08-15T20:28:44.000,NYPD,Noise - Street/Sidewalk,Loud Talking,Closed,MANHATTAN
70080665,2026-08-15T17:28:57.000,2026-08-15T17:30:53.000,NYPD,Illegal Parking,Posted Parking Sign Violation,Closed,BROOKLYN
70074619,2026-08-15T17:28:56.000,2026-08-15T20:09:28.000,NYPD,Noise - Street/Sidewalk,Loud Music/Party,Closed,QUEENS
70078489,2026-08-15T17:28:50.000,2026-08-15T20:04:16.000,NYPD,Noise - Residential,Loud Music/Party,Closed,QUEENS
70074079,2026-08-15T17:28:36.000,,NYPD,Blocked Driveway,No Access,In Progress,BROOKLYN
70077795,2026-08-15T17:28:24.000,2026-08-15T20:43:58.000,NYPD,Noise - Street/Sidewalk,Loud Music/Party,Closed,BRONX
70080008,2026-08-15T17:28:06.000,,DPR,Maintenance or Facility,Unsecured Facility,In Progress,BROOKLYN
70073784,2026-08-15T17:28:01.000,2026-08-15T17:28:01.000,DOB,Building/Use,Illegal Conversion Of Residential Building/Space,Open,BROOKLYN
70075672,2026-08-15T17:28:01.000,,DCWP,Consumer Complaint,"Bodega, Deli, or Convenience Store",In Progress,BRONX
70081504,2026-08-15T17:28:00.000,2026-08-15T17:28:00.000,DOB,Building/Use,Illegal Conversion Of Residential Building/Space,Open,QUEENS
70077624,2026-08-15T17:28:00.000,2026-08-15T17:28:00.000,DOB,Building/Use,Illegal Conversion Of Residential Building/Space,Open,QUEENS
70082252,2026-08-15T17:27:59.000,2026-08-15T17:27:59.000,DOB,Elevator,Elevator - Single Device On Property/No Alternate Service,Open,BRONX
70075185,2026-08-15T17:27:19.000,,DEP,Water Conservation,Fire Hydrant,In Progress,BROOKLYN
70072979,2026-08-15T17:27:13.000,2026-08-15T19:48:12.000,NYPD,Illegal Parking,Blocked Sidewalk,Closed,BROOKLYN
70081628,2026-08-15T17:26:59.000,2026-08-15T20:31:59.000,NYPD,Noise - Street/Sidewalk,Loud Music/Party,Closed,BRONX
70078728,2026-08-15T17:26:54.000,2026-08-15T18:36:27.000,NYPD,Noise - Street/Sidewalk,Loud Music/Party,Closed,MANHATTAN
70082641,2026-08-15T17:26:49.000,2026-08-15T18:23:33.000,NYPD,Noise - Street/Sidewalk,Loud Music/Party,Closed,MANHATTAN
70078507,2026-08-15T17:26:37.000,2026-08-15T19:23:56.000,NYPD,Illegal Parking,License Plate Obscured,Closed,QUEENS
70073027,2026-08-15T17:26:17.000,,TLC,Lost Property,Jewelry,In Progress,MANHATTAN
70077480,2026-08-15T17:26:05.000,2026-08-15T18:32:54.000,NYPD,Noise - Street/Sidewalk,Loud Music/Party,Closed,BRONX
70081983,2026-08-15T17:25:56.000,2026-08-15T17:36:35.000,NYPD,Noise - Street/Sidewalk,Loud Music/Party,Closed,BROOKLYN
70081314,2026-08-15T17:25:56.000,2026-08-15T18:36:03.000,NYPD,Noise - Street/Sidewalk,Loud Music/Party,Closed,MANHATTAN
70079432,2026-08-15T17:25:46.000,2026-08-15T20:09:03.000,NYPD,Noise - Commercial,Loud Music/Party,Closed,BROOKLYN
70073179,2026-08-15T17:25:43.000,,HPD,DOOR/WINDOW,DOOR,Open,BROOKLYN
70076971,2026-08-15T17:25:43.000,,HPD,WATER LEAK,DAMP SPOT,Open,BROOKLYN
70078294,2026-08-15T17:25:43.000,,HPD,FLOORING/STAIRS,FLOOR,Open,BROOKLYN
70077473,2026-08-15T17:25:28.000,2026-08-15T18:36:12.000,NYPD,Noise - Street/Sidewalk,Loud Music/Party,Closed,MANHATTAN
70075302,2026-08-15T17:25:24.000,2026-08-15T19:36:33.000,NYPD,Blocked Driveway,Partial Access,Closed,BRONX
70074568,2026-08-15T17:25:21.000,2026-08-15T18:42:52.000,NYPD,Noise - Street/Sidewalk,Loud Music/Party,Closed,BROOKLYN
70081611,2026-08-15T17:24:58.000,,EDC,Noise - Helicopter,Other,In Progress,MANHATTAN
70072489,2026-08-15T17:24:58.000,2026-08-15T17:24:58.000,DOB,Real Time Enforcement,Work Without A Permit - Occupied Multiple Dwelling,Open,MANHATTAN
70082109,2026-08-15T17:24:50.000,,DCWP,Consumer Complaint,Debt Collection Agency,In Progress,Unspecified
70076860,2026-08-15T17:24:47.000,2026-08-15T19:10:51.000,NYPD,Illegal Parking,Posted Parking Sign Violation,Closed,BROOKLYN
70077178,2026-08-15T17:24:13.000,2026-08-15T21:55:55.000,NYPD,Panhandling,N/A,Closed,QUEENS
70079210,2026-08-15T17:24:10.000,2026-08-15T17:27:44.000,NYPD,Noise - Residential,Banging/Pounding,Closed,BROOKLYN
70076211,2026-08-15T17:24:08.000,2026-08-15T18:23:31.000,NYPD,Noise - Street/Sidewalk,Loud Music/Party,Closed,MANHATTAN
70075939,2026-08-15T17:24:05.000,2026-08-15T19:49:15.000,NYPD,Noise - Street/Sidewalk,Loud Talking,Closed,QUEENS
70076935,2026-08-15T17:24:00.000,,DOT,Street Light Condition,Street Light Out,Open,MANHATTAN
70073634,2026-08-15T17:24:00.000,2026-08-15T18:36:23.000,NYPD,Noise - Street/Sidewalk,Loud Music/Party,Closed,MANHATTAN
70082685,2026-08-15T17:23:44.000,,DSNY,Dirty Condition,Trash,In Progress,MANHATTAN
70081137,2026-08-15T17:23:40.000,2026-08-15T20:28:46.000,NYPD,Blocked Driveway,No Access,Closed,QUEENS
70074997,2026-08-15T17:23:34.000,,DSNY,Dirty Condition,Trash,In Progress,QUEENS
70080783,2026-08-15T17:23:33.000,,HPD,PLUMBING,TOILET,Open,BROOKLYN
70077177,2026-08-15T17:23:31.000,2026-08-15T22:33:58.000,NYPD,Noise - Residential,Banging/Pounding,Closed,QUEENS
70079196,2026-08-15T17:23:21.000,,NYPD,Abandoned Vehicle,With License Plate,In Progress,BROOKLYN
70079580,2026-08-15T17:23:08.000,,HPD,ELECTRIC,OUTLET/SWITCH,Open,BROOKLYN
70079478,2026-08-15T17:23:00.000,,DOT,Street Light Condition,Street Light Out,Open,BRONX
70073240,2026-08-15T17:22:45.000,,DPR,Damaged Tree,Branch or Limb Has Fallen Down,In Progress,QUEENS
70073867,2026-08-15T17:22:45.000,,DEP,Noise,Dog,In Progress,BROOKLYN
70075221,2026-08-15T17:22:36.000,2026-08-15T19:54:23.000,NYPD,Noise - Street/Sidewalk,Loud Music/Party,Closed,BRONX
70077985,2026-08-15T17:22:35.000,,DOT,Street Condition,Defective Hardware,In Progress,MANHATTAN
70077325,2026-08-15T17:22:33.000,2026-08-15T21:14:41.000,NYPD,Noise - Residential,Loud Television,Closed,QUEENS
70074467,2026-08-15T17:22:33.000,,HPD,HEAT/HOT WATER,ENTIRE BUILDING,Open,BROOKLYN
70077161,2026-08-15T17:22:29.000,,NYPD,Blocked Driveway,Partial Access,In Progress,QUEENS
70079652,2026-08-15T17:22:28.000,2026-08-15T18:52:05.000,NYPD,Noise - Street/Sidewalk,Loud Music/Party,Closed,BROOKLYN
70076051,2026-08-15T17:21:53.000,2026-08-15T18:07:10.000,NYPD,Noise - Commercial,Banging/Pounding,Closed,QUEENS
70081649,2026-08-15T17:21:50.000,2026-08-15T20:42:52.000,NYPD,Illegal Parking,Double Parked Blocking Vehicle,Closed,BRONX
70075595,2026-08-15T17:21:19.000,2026-08-15T17:41:51.000,NYPD,Illegal Parking,Posted Parking Sign Violation,Closed,BROOKLYN
70081792,2026-08-15T17:21:16.000,2026-08-15T19:02:49.000,NYPD,Illegal Parking,Blocked Crosswalk,Closed,BROOKLYN
70078620,2026-08-15T17:21:03.000,2026-08-15T21:35:23.000,NYPD,Noise - Residential,Loud Music/Party,Closed,STATEN ISLAND
70076280,2026-08-15T17:20:49.000,,DSNY,Missed Collection,Bulky Trash,In Progress,BROOKLYN
70072837,2026-08-15T17:20:37.000,2026-08-15T19:13:53.000,NYPD,Illegal Parking,Posted Parking Sign Violation,Closed,BROOKLYN
70078631,2026-08-15T17:20:30.000,2026-08-15T17:52:03.000,NYPD,Noise - Residential,Loud Music/Party,Closed,STATEN ISLAND
70077267,2026-08-15T17:20:29.000,2026-08-15T19:09:53.000,NYPD,Noise - Street/Sidewalk,Loud Music/Party,Closed,QUEENS
70080599,2026-08-15T17:20:22.000,2026-08-15T17:41:44.000,NYPD,Panhandling,N/A,Closed,BROOKLYN
70074921,2026-08-15T17:20:21.000,2026-08-15T22:14:29.000,NYPD,Noise - Street/Sidewalk,Loud Music/Party,Closed,MANHATTAN
70075924,2026-08-15T17:20:18.000,2026-08-15T19:44:43.000,NYPD,Noise - Street/Sidewalk,Loud Music/Party,Closed,QUEENS
70078803,2026-08-15T17:20:11.000,,DSNY,Missed Collection,Recycling - Paper/Metal/Glass/Rigid Plastic,In Progress,BROOKLYN
70074492,2026-08-15T17:20:08.000,,HPD,ELECTRIC,OUTLET/SWITCH,Open,BRONX
70078301,2026-08-15T17:20:08.000,,HPD,DOOR/WINDOW,WINDOW FRAME,Open,BRONX
70076958,2026-08-15T17:20:08.000,,HPD,PAINT/PLASTER,CABINET,Open,BRONX
70077890,2026-08-15T17:20:02.000,,NYPD,Illegal Parking,Blocked Bike Lane,In Progress,BROOKLYN
70073562,2026-08-15T17:19:49.000,2026-08-15T19:01:17.000,NYPD,Noise - Street/Sidewalk,Loud Music/Party,Closed,MANHATTAN
70077722,2026-08-15T17:19:45.000,2026-08-15T19:54:24.000,NYPD,Noise - Street/Sidewalk,Loud Music/Party,Closed,BRONX
70080200,2026-08-15T17:19:44.000,2026-08-15T17:38:15.000,DPR,Violation of Park Rules,Obstructing Public Use,Closed,MANHATTAN
70080450,2026-08-15T17:19:42.000,2026-08-15T22:17:12.000,NYPD,Abandoned Vehicle,With License Plate,Closed,BROOKLYN
70081311,2026-08-15T17:19:35.000,2026-08-15T18:36:22.000,NYPD,Noise - Street/Sidewalk,Loud Music/Party,Closed,MANHATTAN
70077108,2026-08-15T17:19:35.000,,NYPD,Noise - Residential,Banging/Pounding,In Progress,BROOKLYN
70077259,2026-08-15T17:19:32.000,,NYPD,Illegal Parking,Commercial Overnight Parking,In Progress,QUEENS
70080698,2026-08-15T17:19:31.000,2026-08-15T18:33:58.000,NYPD,Illegal Parking,Blocked Sidewalk,Closed,BROOKLYN
70075934,2026-08-15T17:19:31.000,,NYPD,Illegal Parking,License Plate Obscured,In Progress,QUEENS
70080969,2026-08-15T17:19:30.000,2026-08-15T18:01:07.000,NYPD,Encampment,N/A,Closed,MANHATTAN
70078789,2026-08-15T17:19:08.000,,DSNY,Dead Animal,Cat,In Progress,STATEN ISLAND
70081439,2026-08-15T17:19:06.000,2026-08-15T17:19:06.000,DOT,Street Condition,Pothole,Closed,MANHATTAN
70073045,2026-08-15T17:18:57.000,2026-08-15T17:18:57.000,DOB,Building/Use,No Certificate Of Occupancy/Illegal/Contrary To CO,Open,STATEN ISLAND
70080633,2026-08-15T17:18:51.000,2026-08-15T19:40:18.000,NYPD,Noise - Street/Sidewalk,Loud Music/Party,Closed,BROOKLYN
70073930,2026-08-15T17:18:46.000,2026-08-15T18:07:09.000,NYPD,Noise - Residential,Loud Talking,Closed,BRONX
70079361,2026-08-15T17:18:35.000,2026-08-15T17:59:35.000,NYPD,Noise - Street/Sidewalk,Loud Music/Party,Closed,BROOKLYN
70081853,2026-08-15T17:18:19.000,2026-08-15T17:30:46.000,NYPD,Noise - Street/Sidewalk,Loud Music/Party,Closed,BROOKLYN
70076300,2026-08-15T17:18:06.000,,DSNY,Dirty Condition,Trash,In Progress,MANHATTAN
70078486,2026-08-15T17:17:57.000,2026-08-15T21:41:43.000,NYPD,Noise - Street/Sidewalk,Loud Talking,Closed,QUEENS
70075034,2026-08-15T17:17:53.000,2026-08-15T17:38:24.000,NYPD,Blocked Driveway,No Access,Closed,QUEENS
70077684,2026-08-15T17:17:48.000,,DEP,Water Conservation,Fire Hydrant,In Progress,QUEENS
70080848,2026-08-15T17:17:25.000,,HPD,HEAT/HOT WATER,ENTIRE BUILDING,Open,MANHATTAN
70077503,2026-08-15T17:17:23.000,,DSNY,Dirty Condition,Trash,In Progress,BROOKLYN
70081441,2026-08-15T17:17:18.000,,DOT,Street Condition,Pothole,Open,QUEENS
70074227,2026-08-15T17:17:11.000,2026-08-15T17:52:03.000,NYPD,Illegal Parking,Blocked Sidewalk,Closed,BROOKLYN
70082401,2026-08-15T17:16:26.000,2026-08-16T01:16:33.000,NYPD,Bike/Roller/Skate,N/A,Closed,QUEENS
70081555,2026-08-15T17:16:23.000,2026-08-15T17:18:00.000,DEP,Water Maintenance,Leak,Closed,QUEENS
70076028,2026-08-15T17:16:12.000,2026-08-16T01:16:07.000,NYPD,Illegal Parking,Posted Parking Sign Violation,Closed,QUEENS
70082001,2026-08-15T17:16:00.000,2026-08-15T18:01:15.000,NYPD,Noise - Street/Sidewalk,Loud Music/Party,Closed,BROOKLYN
70072963,2026-08-15T17:15:25.000,2026-08-15T18:01:07.000,NYPD,Noise - Residential,Loud Music/Party,Closed,BROOKLYN
70078204,2026-08-15T17:15:12.000,,DOHMH,Standing Water,Other - Explain Below,In Progress,BROOKLYN
70079866,2026-08-15T17:15:05.000,2026-08-15T19:59:14.000,NYPD,Illegal Parking,Posted Parking Sign Violation,Closed,STATEN ISLAND
70074283,2026-08-15T17:15:00.000,2026-08-15T17:34:31.000,NYPD,Illegal Parking,Blocked Crosswalk,Closed,BROOKLYN
70077567,2026-08-15T17:14:46.000,,DOT,Street Condition,Pothole,Open,QUEENS
70082310,2026-08-15T17:14:42.000,2026-08-15T20:18:11.000,NYPD,Noise - Street/Sidewalk,Loud Music/Party,Closed,QUEENS
70077539,2026-08-15T17:14:30.000,,DSNY,Dirty Condition,Trash,In Progress,MANHATTAN
70079747,2026-08-15T17:14:30.000,,NYPD,Illegal Parking,Blocked Sidewalk,In Progress,QUEENS
70074127,2026-08-15T17:14:29.000,2026-08-15T17:22:31.000,NYPD,Noise - Vehicle,Engine Idling,Closed,BROOKLYN
70080013,2026-08-15T17:14:07.000,,DPR,Maintenance or Facility,Structure - Outdoors,In Progress,MANHATTAN
70079977,2026-08-15T17:14:05.000,2026-08-15T18:36:26.000,NYPD,Noise - Street/Sidewalk,Loud Music/Party,Closed,MANHATTAN
70081826,2026-08-15T17:14:02.000,2026-08-15T17:15:51.000,NYPD,Noise - Residential,Banging/Pounding,Closed,BROOKLYN
70077566,2026-08-15T17:13:31.000,,DOT,Street Condition,Pothole,Open,QUEENS
70079383,2026-08-15T17:13:22.000,2026-08-15T18:01:06.000,NYPD,Noise - Residential,Loud Music/Party,Closed,BROOKLYN
70082571,2026-08-15T17:13:18.000,2026-08-15T20:19:57.000,NYPD,Illegal Parking,License Plate Obscured,Closed,MANHATTAN
70078514,2026-08-15T17:13:16.000,2026-08-15T20:05:34.000,NYPD,Blocked Driveway,Partial Access,Closed,QUEENS
70080017,2026-08-15T17:12:57.000,,DPR,Maintenance or Facility,Garbage or Litter,In Progress,MANHATTAN
70074926,2026-08-15T17:12:50.000,2026-08-15T18:36:22.000,NYPD,Noise - Street/Sidewalk,Loud Music/Party,Closed,MANHATTAN
70082735,2026-08-15T17:12:41.000,,DSNY,Residential Disposal Complaint,Trash or Recycling Not Secure,In Progress,QUEENS
70078570,2026-08-15T17:12:37.000,2026-08-15T19:17:05.000,NYPD,Noise - Vehicle,Car/Truck Music,Closed,QUEENS
70074240,2026-08-15T17:12:32.000,2026-08-15T17:36:38.000,NYPD,Noise - Residential,Loud Music/Party,Closed,BROOKLYN
70077635,2026-08-15T17:12:20.000,2026-08-15T17:43:25.000,DPR,Violation of Park Rules,BBQ Outside Authorized Area,Closed,BRONX
70076008,2026-08-15T17:12:12.000,2026-08-15T17:35:03.000,NYPD,Illegal Parking,Blocked Sidewalk,Closed,QUEENS
70077678,2026-08-15T17:11:57.000,2026-08-15T17:23:00.000,DEP,Water Maintenance,Fire Hydrant Running,Closed,QUEENS
70081317,2026-08-15T17:11:28.000,2026-08-15T18:36:16.000,NYPD,Noise - Street/Sidewalk,Loud Music/Party,Closed,MANHATTAN
70078823,2026-08-15T17:11:25.000,,DSNY,Illegal Dumping,Removal Request,In Progress,MANHATTAN
70077891,2026-08-15T17:11:24.000,,NYPD,Abandoned Vehicle,With License Plate,In Progress,BROOKLYN
70081114,2026-08-15T17:11:23.000,2026-08-15T17:34:07.000,NYPD,Illegal Parking,Blocked Crosswalk,Closed,QUEENS
70078247,2026-08-15T17:11:21.000,,HPD,PLUMBING,WATER SUPPLY,Open,BRONX
70072968,2026-08-15T17:11:20.000,2026-08-15T18:01:06.000,NYPD,Noise - Residential,Loud Music/Party,Closed,BROOKLYN
70077706,2026-08-15T17:11:17.000,,DEP,Noise,Construction,In Progress,MANHATTAN
70079631,2026-08-15T17:11:07.000,,DPR,Overgrown Tree/Branches,Dead Branches in Tree,In Progress,BROOKLYN
70075759,2026-08-15T17:11:07.000,,HPD,PLUMBING,BATHTUB/SHOWER,Open,BRONX
70073265,2026-08-15T17:11:05.000,2026-08-15T18:10:17.000,NYPD,Noise - Residential,Banging/Pounding,Closed,BRONX
70075163,2026-08-15T17:11:03.000,,DEP,Water Maintenance,Fire Hydrant Running Full,In Progress,BRONX
70078195,2026-08-15T17:11:00.000,,DOT,Street Light Condition,Street Light Out,Open,BROOKLYN
70076281,2026-08-15T17:10:59.000,,DSNY,Missed Collection,Bulky Trash,In Progress,BROOKLYN
70079637,2026-08-15T17:10:14.000,,DPR,Root/Sewer/Sidewalk Condition,Trees and Sidewalks Program,In Progress,QUEENS
70072555,2026-08-15T17:10:06.000,,DEP,Water Maintenance,Fire Hydrant Leaking,In Progress,STATEN ISLAND
70077096,2026-08-15T17:10:00.000,,DPR,Overgrown Tree/Branches,Hitting Power Lines,In Progress,QUEENS
70079614,2026-08-15T17:09:55.000,2026-08-15T17:09:55.000,DOB,Elevator,Elevator - Multiple Devices On Property,Open,BROOKLYN
70080173,2026-08-15T17:09:55.000,2026-08-15T17:09:55.000,DOB,Real Time Enforcement,Work Without A Permit - Occupied Multiple Dwelling,Open,BROOKLYN
70077679,2026-08-15T17:09:54.000,2026-08-15T17:10:00.000,DEP,Water Maintenance,Fire Hydrant Running,Closed,BROOKLYN
70079025,2026-08-15T17:09:45.000,2026-08-15T20:04:15.000,NYPD,Illegal Parking,Parking Permit Improper Use,Closed,BRONX
70072766,2026-08-15T17:09:38.000,,NYPD,Illegal Parking,Blocked Hydrant,In Progress,BROOKLYN
70075389,2026-08-15T17:09:31.000,,NYPD,Illegal Parking,Detached Trailer,In Progress,BROOKLYN
70079841,2026-08-15T17:09:24.000,2026-08-15T18:20:30.000,NYPD,Illegal Parking,Parking Permit Improper Use,Closed,QUEENS
70078279,2026-08-15T17:08:50.000,,HPD,HEAT/HOT WATER,ENTIRE BUILDING,Open,QUEENS
70075891,2026-08-15T17:08:40.000,2026-08-15T17:30:43.000,NYPD,Illegal Parking,Blocked Hydrant,Closed,QUEENS
70078100,2026-08-15T17:08:27.000,2026-08-15T18:36:00.000,NYPD,Panhandling,N/A,Closed,BROOKLYN
70073326,2026-08-15T17:08:20.000,2026-08-15T22:34:24.000,NYPD,Illegal Parking,Blocked Hydrant,Closed,QUEENS
70077249,2026-08-15T17:08:12.000,2026-08-15T18:01:07.000,NYPD,Noise - Street/Sidewalk,Loud Music/Party,Closed,QUEENS
70079598,2026-08-15T17:07:58.000,2026-08-15T18:16:53.000,DHS,Homeless Person Assistance,Non-Chronic,Closed,QUEENS
70082669,2026-08-15T17:07:37.000,,DOT,Highway Condition,Graffiti - Highway,In Progress,STATEN ISLAND
70077303,2026-08-15T17:07:31.000,2026-08-15T19:09:37.000,NYPD,Noise - Residential,Banging/Pounding,Closed,QUEENS
70073204,2026-08-15T17:07:31.000,,DOHMH,Rodent,Rat Sighting,In Progress,BROOKLYN
70078932,2026-08-15T17:07:21.000,2026-08-15T17:35:08.000,DOHMH,Mosquitoes,Large Number of Mosquitoes,Closed,BROOKLYN
70077179,2026-08-15T17:06:59.000,2026-08-15T17:35:42.000,NYPD,Blocked Driveway,No Access,Closed,QUEENS
70073795,2026-08-15T17:06:54.000,2026-08-15T17:06:54.000,DOB,General Construction/Plumbing,Building Permit - None,Open,BROOKLYN
70074233,2026-08-15T17:06:46.000,2026-08-15T19:32:35.000,NYPD,Noise - Residential,Loud Music/Party,Closed,BROOKLYN
70079763,2026-08-15T17:06:45.000,2026-08-15T23:28:11.000,NYPD,Illegal Parking,Posted Parking Sign Violation,Closed,QUEENS
70076070,2026-08-15T17:06:28.000,2026-08-15T20:18:12.000,NYPD,Blocked Driveway,No Access,Closed,QUEENS
70073230,2026-08-15T17:06:11.000,,DPR,Overgrown Tree/Branches,Hitting Power Lines,In Progress,QUEENS
70080469,2026-08-15T17:05:27.000,2026-08-15T17:55:05.000,NYPD,Noise - Residential,Banging/Pounding,Closed,BROOKLYN
70075037,2026-08-15T17:05:20.000,2026-08-15T17:30:45.000,NYPD,Illegal Parking,Blocked Hydrant,Closed,QUEENS
70082579,2026-08-15T17:05:15.000,2026-08-15T18:51:32.000,NYPD,Noise - Residential,Loud Talking,Closed,MANHATTAN
70077520,2026-08-15T17:05:08.000,,DSNY,Dirty Condition,Broken Glass,In Progress,MANHATTAN
70073701,2026-08-15T17:04:54.000,,DSNY,Dirty Condition,Trash,In Progress,BROOKLYN
70073630,2026-08-15T17:04:35.000,2026-08-15T22:21:28.000,NYPD,Noise - Street/Sidewalk,Loud Music/Party,Closed,MANHATTAN
70079726,2026-08-15T17:04:26.000,2026-08-15T19:06:35.000,NYPD,Noise - Street/Sidewalk,Loud Music/Party,Closed,QUEENS
70078772,2026-08-15T17:04:11.000,,DOT,Bridge Condition,"Dirt, Debris, Litter Complaint",In Progress,BROOKLYN
70081339,2026-08-15T17:03:58.000,,DOT,Highway Condition,Graffiti - Highway,In Progress,STATEN ISLAND
70080221,2026-08-15T17:03:57.000,,DEP,Lead,Lead Kit,In Progress,BROOKLYN
70080994,2026-08-15T17:03:42.000,2026-08-15T19:06:16.000,NYPD,Noise - Residential,Loud Music/Party,Closed,QUEENS
70080928,2026-08-15T17:03:20.000,,DPR,Overgrown Tree/Branches,Dead Branches in Tree,In Progress,MANHATTAN
70073284,2026-08-15T17:03:16.000,2026-08-15T17:47:32.000,NYPD,Illegal Parking,Blocked Hydrant,Closed,QUEENS
70080717,2026-08-15T17:02:57.000,,TLC,For Hire Vehicle Complaint,Driver Complaint - Non Passenger,In Progress,MANHATTAN
70075664,2026-08-15T17:02:50.000,,DOT,Curb Condition,Broken Curb,In Progress,BROOKLYN
70072622,2026-08-15T17:02:49.000,2026-08-15T19:18:59.000,NYPD,Noise - Commercial,Loud Music/Party,Closed,BRONX
70074179,2026-08-15T17:02:27.000,,DOT,Street Condition,Failed Street Repair,In Progress,QUEENS
70078320,2026-08-15T17:02:10.000,2026-08-15T17:58:37.000,DHS,Homeless Person Assistance,Non-Chronic,Closed,MANHATTAN
70073883,2026-08-15T17:01:43.000,2026-08-15T18:10:21.000,NYPD,Noise - Residential,Loud Music/Party,Closed,BRONX
70077421,2026-08-15T17:01:11.000,2026-08-15T19:50:01.000,NYPD,Illegal Parking,Double Parked Blocking Vehicle,Closed,MANHATTAN
70082280,2026-08-15T17:00:53.000,,DPR,Damaged Tree,Branch Cracked and Will Fall,In Progress,QUEENS
70079724,2026-08-15T17:00:34.000,2026-08-15T19:09:37.000,NYPD,Noise - Street/Sidewalk,Loud Talking,Closed,QUEENS
70080556,2026-08-15T17:00:30.000,,DOT,Street Condition,Cave-in,In Progress,BROOKLYN
70076760,2026-08-15T17:00:16.000,,DOT,Street Condition,Cave-in,In Progress,MANHATTAN
70081825,2026-08-15T17:00:04.000,2026-08-15T17:02:57.000,NYPD,Noise - Residential,Banging/Pounding,Closed,BROOKLYN
70081413,2026-08-15T16:59:56.000,,DSNY,Residential Disposal Complaint,Trash or Recycling Not Secure,In Progress,BROOKLYN
70076440,2026-08-15T16:59:48.000,2026-08-15T17:39:00.000,DEP,Water Maintenance,Fire Hydrant Running,Closed,QUEENS
70072537,2026-08-15T16:59:48.000,,DEP,Water Maintenance,Fire Hydrant Running Full,In Progress,BRONX
70074487,2026-08-15T16:59:28.000,,HPD,FLOORING/STAIRS,FLOOR,Open,BROOKLYN
70078654,2026-08-15T16:59:20.000,2026-08-15T20:36:39.000,NYPD,Noise - Residential,Loud Music/Party,Closed,MANHATTAN
70074583,2026-08-15T16:59:15.000,2026-08-15T19:51:22.000,NYPD,Illegal Parking,Blocked Hydrant,Closed,BRONX
70072576,2026-08-15T16:59:14.000,,DEP,Noise,Construction,In Progress,BROOKLYN
70073161,2026-08-15T16:59:06.000,,HPD,GENERAL,BELL/BUZZER/INTERCOM,Open,BROOKLYN
70079980,2026-08-15T16:59:04.000,2026-08-15T23:01:48.000,NYPD,Noise - Street/Sidewalk,Loud Music/Party,Closed,MANHATTAN
70076557,2026-08-15T16:59:03.000,2026-08-15T20:57:09.000,NYPD,Noise - Residential,Loud Music/Party,Closed,BRONX
70073579,2026-08-15T16:58:55.000,2026-08-15T17:19:19.000,NYPD,Noise - Street/Sidewalk,Loud Music/Party,Closed,MANHATTAN
70082271,2026-08-15T16:58:53.000,,DPR,Damaged Tree,Branch or Limb Has Fallen Down,In Progress,BROOKLYN
70082073,2026-08-15T16:58:48.000,2026-08-15T20:13:26.000,NYPD,Noise - Commercial,Loud Music/Party,Closed,BROOKLYN
70077681,2026-08-15T16:58:37.000,2026-08-15T18:58:00.000,DEP,Water Maintenance,Fire Hydrant Running,Closed,QUEENS
70073031,2026-08-15T16:58:34.000,,TLC,Lost Property,Other,In Progress,MANHATTAN
70075812,2026-08-15T16:58:32.000,2026-08-15T20:05:03.000,DHS,Homeless Person Assistance,Non-Chronic,Closed,BROOKLYN
70074151,2026-08-15T16:58:28.000,2026-08-15T19:24:20.000,NYPD,Illegal Parking,Double Parked Blocking Traffic,Closed,BROOKLYN
70079791,2026-08-15T16:58:21.000,2026-08-15T20:21:24.000,NYPD,Illegal Parking,Posted Parking Sign Violation,Closed,QUEENS
70074104,2026-08-15T16:58:19.000,2026-08-16T01:22:11.000,NYPD,Blocked Driveway,No Access,Closed,BROOKLYN
70076441,2026-08-15T16:58:16.000,2026-08-15T23:31:00.000,DEP,Water Maintenance,Fire Hydrant Running,Closed,MANHATTAN
70076579,2026-08-15T16:58:15.000,2026-08-15T17:30:46.000,NYPD,Blocked Driveway,No Access,Closed,BRONX
70074366,2026-08-15T16:57:53.000,2026-08-15T16:57:53.000,DOB,General Construction/Plumbing,Curb Cut/Driveway/Carport - Illegal,Open,BROOKLYN
70075039,2026-08-15T16:57:29.000,,DOT,Street Condition,Pothole,Open,BRONX
70081558,2026-08-15T16:57:28.000,,DEP,Water Maintenance,Fire Hydrant Running Full,In Progress,QUEENS
70076779,2026-08-15T16:57:14.000,2026-08-15T17:22:31.000,NYPD,Noise - Residential,Loud Music/Party,Closed,BROOKLYN
70075270,2026-08-15T16:56:52.000,2026-08-15T17:41:44.000,NYPD,Illegal Parking,Commercial Overnight Parking,Closed,BRONX
70080609,2026-08-15T16:56:36.000,2026-08-15T17:36:26.000,NYPD,Noise - Residential,Loud Music/Party,Closed,BROOKLYN
70079600,2026-08-15T16:56:20.000,2026-08-15T22:17:27.000,DHS,Homeless Person Assistance,Non-Chronic,Closed,BROOKLYN
70075567,2026-08-15T16:56:09.000,2026-08-15T21:28:10.000,NYPD,Noise - Street/Sidewalk,Loud Music/Party,Closed,BROOKLYN
70076722,2026-08-15T16:56:06.000,2026-08-15T17:44:48.000,NYPD,Illegal Parking,Parking Permit Improper Use,Closed,BROOKLYN
70081453,2026-08-15T16:56:00.000,2026-08-15T18:40:00.000,DOT,Traffic Signal Condition,Veh Signal Head,Closed,STATEN ISLAND
70078874,2026-08-15T16:56:00.000,2026-08-15T18:00:00.000,DOT,Traffic Signal Condition,Controller,Closed,QUEENS
70082499,2026-08-15T16:55:53.000,2026-08-15T20:36:42.000,NYPD,Traffic,Drag Racing,Closed,QUEENS
70076727,2026-08-15T16:55:42.000,2026-08-15T18:17:41.000,NYPD,Illegal Parking,Blocked Bike Lane,Closed,MANHATTAN
70081018,2026-08-15T16:55:41.000,2026-08-15T20:51:21.000,NYPD,Panhandling,N/A,Closed,QUEENS
70081750,2026-08-15T16:55:23.000,2026-08-16T00:49:15.000,NYPD,Noise - Commercial,Loud Music/Party,Closed,MANHATTAN
70082248,2026-08-15T16:54:52.000,2026-08-15T16:54:52.000,DOB,Elevator,Elevator - Single Device On Property/No Alternate Service,Open,MANHATTAN
70076547,2026-08-15T16:54:24.000,2026-08-15T18:43:31.000,NYPD,Noise - Residential,Loud Music/Party,Closed,BRONX
70082606,2026-08-15T16:54:16.000,2026-08-15T17:15:51.000,NYPD,Noise - Residential,Loud Talking,Closed,MANHATTAN
70074226,2026-08-15T16:53:25.000,2026-08-15T17:30:46.000,NYPD,Panhandling,N/A,Closed,BROOKLYN
70077826,2026-08-15T16:53:16.000,2026-08-15T20:42:42.000,NYPD,Illegal Parking,Blocked Hydrant,Closed,BRONX
70079245,2026-08-15T16:53:08.000,,NYPD,Abandoned Vehicle,With License Plate,In Progress,BROOKLYN
70075782,2026-08-15T16:53:06.000,,HPD,HEAT/HOT WATER,APARTMENT ONLY,Open,BRONX
70075473,2026-08-15T16:53:02.000,,DOT,Street Condition,Failed Street Repair,In Progress,QUEENS
70077676,2026-08-15T16:52:44.000,,DEP,Water Maintenance,Fire Hydrant Running,In Progress,QUEENS
70080819,2026-08-15T16:52:34.000,,HPD,PLUMBING,BATHTUB/SHOWER,Open,BRONX
70080880,2026-08-15T16:52:34.000,,HPD,DOOR/WINDOW,DOOR,Open,BRONX
70082233,2026-08-15T16:52:34.000,,HPD,APPLIANCE,ELECTRIC/GAS RANGE,Open,BRONX
70075796,2026-08-15T16:52:34.000,,HPD,ELECTRIC,OUTLET/SWITCH,Open,BRONX
70078288,2026-08-15T16:52:34.000,,HPD,GENERAL,CABINET,Open,BRONX
70076953,2026-08-15T16:52:34.000,,HPD,APPLIANCE,REFRIGERATOR,Open,BRONX
70076975,2026-08-15T16:52:34.000,,HPD,UNSANITARY CONDITION,PESTS,Open,BRONX
70077208,2026-08-15T16:52:32.000,2026-08-15T23:17:34.000,NYPD,Abandoned Vehicle,With License Plate,Closed,QUEENS
70077811,2026-08-15T16:52:30.000,2026-08-15T17:38:43.000,NYPD,Noise - Street/Sidewalk,Loud Music/Party,Closed,BRONX
70079801,2026-08-15T16:52:05.000,2026-08-15T19:44:55.000,NYPD,Noise - Residential,Banging/Pounding,Closed,QUEENS
70079854,2026-08-15T16:51:52.000,2026-08-15T18:10:12.000,NYPD,Illegal Parking,Double Parked Blocking Vehicle,Closed,QUEENS
70078161,2026-08-15T16:51:45.000,,TLC,Lost Property,Other,In Progress,MANHATTAN
70078016,2026-08-15T16:51:25.000,2026-08-15T17:22:31.000,NYPD,Noise - Street/Sidewalk,Loud Music/Party,Closed,BROOKLYN
70073116,2026-08-15T16:50:56.000,,HPD,UNSANITARY CONDITION,GARBAGE/RECYCLING STORAGE,Open,BROOKLYN
70074884,2026-08-15T16:50:14.000,2026-08-15T16:59:44.000,NYPD,Illegal Parking,Parking Permit Improper Use,Closed,MANHATTAN
70073118,2026-08-15T16:50:05.000,,HPD,PLUMBING,WATER SUPPLY,Open,MANHATTAN
70074282,2026-08-15T16:49:49.000,2026-08-15T17:37:47.000,NYPD,Illegal Parking,Blocked Crosswalk,Closed,BROOKLYN
70074567,2026-08-15T16:49:33.000,2026-08-15T19:01:17.000,NYPD,Noise - Street/Sidewalk,Loud Music/Party,Closed,BROOKLYN
70080364,2026-08-15T16:49:25.000,2026-08-15T20:32:01.000,NYPD,Illegal Parking,Blocked Crosswalk,Closed,BRONX
70073657,2026-08-15T16:49:09.000,,DPR,Maintenance or Facility,Grass/Weeds,In Progress,MANHATTAN
70077192,2026-08-15T16:48:50.000,2026-08-15T18:58:15.000,NYPD,Noise - Residential,Loud Music/Party,Closed,QUEENS
70072572,2026-08-15T16:48:50.000,,DEP,Noise,Dog,In Progress,BROOKLYN
70081540,2026-08-15T16:48:39.000,,DEP,Sewer Maintenance,Catch Basin Search,In Progress,BRONX
70078650,2026-08-15T16:48:33.000,2026-08-15T17:01:52.000,NYPD,Illegal Parking,Blocked Sidewalk,Closed,MANHATTAN
70073499,2026-08-15T16:48:23.000,,NYPD,Illegal Parking,Double Parked Blocking Vehicle,In Progress,STATEN ISLAND
70080081,2026-08-15T16:48:10.000,,DSNY,Dirty Condition,Trash,In Progress,MANHATTAN
70078549,2026-08-15T16:48:02.000,2026-08-15T20:33:01.000,NYPD,Illegal Parking,Blocked Hydrant,Closed,QUEENS
70075594,2026-08-15T16:47:59.000,2026-08-15T18:36:00.000,NYPD,Panhandling,N/A,Closed,BROOKLYN
70075036,2026-08-15T16:47:52.000,2026-08-15T17:36:00.000,NYPD,Illegal Parking,Blocked Sidewalk,Closed,QUEENS
70073321,2026-08-15T16:47:45.000,2026-08-15T22:29:58.000,NYPD,Blocked Driveway,Partial Access,Closed,QUEENS
70080107,2026-08-15T16:47:36.000,2026-08-15T16:47:36.000,DOT,Street Condition,Pothole,Closed,BROOKLYN
70078676,2026-08-15T16:47:36.000,2026-08-15T19:01:17.000,NYPD,Illegal Parking,Blocked Bike Lane,Closed,MANHATTAN
70078732,2026-08-15T16:47:19.000,2026-08-15T21:40:49.000,NYPD,Illegal Parking,Blocked Hydrant,Closed,MANHATTAN
70077182,2026-08-15T16:46:34.000,,NYPD,Non-Emergency Police Matter,Other (complaint details),In Progress,QUEENS
70075353,2026-08-15T16:46:29.000,2026-08-15T21:56:42.000,NYPD,Drug Activity,Use Outside,Closed,BRONX
70077550,2026-08-15T16:46:23.000,,DSNY,Residential Disposal Complaint,Waste Left in Front of Other Residence,In Progress,BROOKLYN
70079827,2026-08-15T16:46:12.000,2026-08-16T00:17:54.000,NYPD,Blocked Driveway,No Access,Closed,QUEENS
70074091,2026-08-15T16:45:44.000,2026-08-15T17:22:31.000,NYPD,Illegal Parking,Blocked Hydrant,Closed,BROOKLYN
70081827,2026-08-15T16:45:34.000,2026-08-15T17:23:08.000,NYPD,Blocked Driveway,No Access,Closed,BROOKLYN
70082422,2026-08-15T16:45:33.000,2026-08-15T22:33:15.000,NYPD,Illegal Parking,Blocked Sidewalk,Closed,QUEENS
70075827,2026-08-15T16:45:24.000,,DPR,Wood Pile Remaining,Remove Debris,In Progress,BROOKLYN
70073839,2026-08-15T16:45:20.000,,DEP,Water Maintenance,Fire Hydrant Running,In Progress,BRONX
70082680,2026-08-15T16:45:14.000,,DSNY,Obstruction,Weeds or Grass,In Progress,MANHATTAN
70080632,2026-08-15T16:44:59.000,2026-08-15T18:02:08.000,NYPD,Noise - Street/Sidewalk,Loud Music/Party,Closed,BROOKLYN
70073065,2026-08-15T16:44:51.000,,DOT,Street Condition,"Rough, Pitted or Cracked Roads",In Progress,STATEN ISLAND
70082235,2026-08-15T16:44:42.000,,HPD,APPLIANCE,ELECTRIC/GAS RANGE,Open,BRONX
70077049,2026-08-15T16:44:42.000,,HPD,DOOR/WINDOW,DOOR,Open,BRONX
70074312,2026-08-15T16:44:38.000,2026-08-15T17:37:50.000,NYPD,Illegal Parking,Blocked Sidewalk,Closed,BROOKLYN
70082743,2026-08-15T16:44:23.000,2026-08-15T17:19:29.000,NYPD,Abandoned Vehicle,With License Plate,Closed,QUEENS
70077041,2026-08-15T16:44:07.000,,HPD,ELECTRIC,POWER OUTAGE,Open,BROOKLYN
70074528,2026-08-15T16:43:41.000,,DOHMH,Rodent,Rat Sighting,In Progress,BROOKLYN
70080923,2026-08-15T16:43:29.000,,DPR,Overgrown Tree/Branches,Dead Branches in Tree,In Progress,BROOKLYN
70078209,2026-08-15T16:43:11.000,,DOHMH,Food Poisoning,1 or 2,In Progress,MANHATTAN
70078594,2026-08-15T16:42:59.000,2026-08-15T20:25:02.000,NYPD,Illegal Parking,Blocked Hydrant,Closed,QUEENS
70074082,2026-08-15T16:42:54.000,2026-08-15T16:57:08.000,NYPD,Noise - Residential,Banging/Pounding,Closed,BROOKLYN
70074612,2026-08-15T16:42:36.000,2026-08-15T17:26:21.000,NYPD,Illegal Parking,Posted Parking Sign Violation,Closed,QUEENS
70072545,2026-08-15T16:42:30.000,,DEP,Water Maintenance,Fire Hydrant Running,In Progress,QUEENS
70080366,2026-08-15T16:42:22.000,2026-08-15T17:22:31.000,NYPD,Noise - Street/Sidewalk,Loud Talking,Closed,BRONX
70076323,2026-08-15T16:42:21.000,,DOT,Street Condition,Pothole,Open,BRONX
70080347,2026-08-15T16:42:16.000,2026-08-15T18:43:55.000,NYPD,Noise - Vehicle,Car/Truck Music,Closed,BRONX
70081963,2026-08-15T16:42:13.000,2026-08-15T17:11:20.000,NYPD,Illegal Parking,Blocked Sidewalk,Closed,BROOKLYN
70077980,2026-08-15T16:42:13.000,2026-08-15T23:11:36.000,NYPD,Noise - Vehicle,Car/Truck Horn,Closed,BROOKLYN
70073727,2026-08-15T16:42:11.000,,DOT,Street Sign - Damaged,St Name - Attached to Pole,In Progress,BRONX
70080672,2026-08-15T16:41:35.000,2026-08-15T17:44:45.000,NYPD,Illegal Parking,Blocked Bike Lane,Closed,BROOKLYN
70081412,2026-08-15T16:41:32.000,,DSNY,Lot Condition,Trash,In Progress,STATEN ISLAND
70078048,2026-08-15T16:41:07.000,2026-08-15T17:15:50.000,NYPD,Illegal Parking,Blocked Hydrant,Closed,BROOKLYN
70081207,2026-08-15T16:40:54.000,2026-08-15T18:51:11.000,NYPD,Illegal Parking,Commercial Overnight Parking,Closed,STATEN ISLAND
70082451,2026-08-15T16:40:21.000,2026-08-15T23:42:59.000,NYPD,Blocked Driveway,Partial Access,Closed,QUEENS
70073979,2026-08-15T16:40:12.000,2026-08-15T20:57:31.000,NYPD,Illegal Parking,Double Parked Blocking Vehicle,Closed,BRONX
70076259,2026-08-15T16:40:06.000,,DSNY,Dead Animal,Other,In Progress,BROOKLYN
70080034,2026-08-15T16:39:47.000,,DSNY,Dirty Condition,Trash,In Progress,STATEN ISLAND
70076113,2026-08-15T16:39:38.000,2026-08-15T21:40:21.000,NYPD,Noise - Residential,Banging/Pounding,Closed,STATEN ISLAND
70075840,2026-08-15T16:39:15.000,,DPR,Overgrown Tree/Branches,Blocking Street,In Progress,QUEENS
70080972,2026-08-15T16:39:00.000,2026-08-15T17:28:16.000,NYPD,Illegal Parking,Parking Permit Improper Use,Closed,QUEENS
70073722,2026-08-15T16:38:53.000,,DSNY,Dirty Condition,Dog Waste,In Progress,BROOKLYN
70081521,2026-08-15T16:38:30.000,2026-08-15T18:09:40.000,DPR,Violation of Park Rules,BBQ Outside Authorized Area,Closed,QUEENS
70079851,2026-08-15T16:37:50.000,2026-08-15T17:34:28.000,NYPD,Noise - Vehicle,Car/Truck Horn,Closed,QUEENS
70075552,2026-08-15T16:37:48.000,2026-08-15T16:46:36.000,NYPD,Noise - Residential,Loud Music/Party,Closed,BROOKLYN
70078832,2026-08-15T16:37:44.000,,DSNY,Dirty Condition,Trash,In Progress,BRONX
70077024,2026-08-15T16:37:40.000,,HPD,HEAT/HOT WATER,ENTIRE BUILDING,Open,MANHATTAN
70076861,2026-08-15T16:37:27.000,2026-08-15T17:37:24.000,NYPD,Illegal Parking,Posted Parking Sign Violation,Closed,BROOKLYN
70077321,2026-08-15T16:37:02.000,2026-08-15T20:42:44.000,NYPD,Noise - Street/Sidewalk,Loud Music/Party,Closed,QUEENS
70077655,2026-08-15T16:36:58.000,,DEP,Water Maintenance,Fire Hydrant Running Full,In Progress,MANHATTAN
70077901,2026-08-15T16:36:52.000,2026-08-15T16:56:53.000,NYPD,Noise - Residential,Loud Music/Party,Closed,BROOKLYN
70073198,2026-08-15T16:36:42.000,2026-08-15T16:36:42.000,DOB,Elevator,Elevator - Single Device On Property/No Alternate Service,Open,BROOKLYN
70076444,2026-08-15T16:36:15.000,2026-08-15T17:27:00.000,DEP,Water Maintenance,Fire Hydrant Leaking,Closed,QUEENS
70078056,2026-08-15T16:36:11.000,2026-08-15T16:56:43.000,NYPD,Blocked Driveway,No Access,Closed,BROOKLYN
70072675,2026-08-15T16:35:46.000,2026-08-15T18:43:41.000,NYPD,Noise - Residential,Loud Music/Party,Closed,BRONX
70073902,2026-08-15T16:35:44.000,2026-08-15T21:03:50.000,NYPD,Blocked Driveway,Partial Access,Closed,BRONX
70074652,2026-08-15T16:35:42.000,2026-08-15T21:38:08.000,NYPD,Noise - Residential,Banging/Pounding,Closed,QUEENS
70074629,2026-08-15T16:35:15.000,,NYPD,Illegal Parking,Blocked Sidewalk,In Progress,QUEENS
70074609,2026-08-15T16:35:10.000,2026-08-15T17:41:44.000,NYPD,Noise - Residential,Loud Music/Party,Closed,QUEENS
70081414,2026-08-15T16:35:08.000,,DSNY,Illegal Posting,Poster or Sign,In Progress,BROOKLYN
70079165,2026-08-15T16:35:07.000,2026-08-15T20:42:43.000,NYPD,Illegal Parking,Blocked Hydrant,Closed,BRONX
70078408,2026-08-15T16:35:01.000,2026-08-15T17:19:19.000,NYPD,Noise - Commercial,Loud Music/Party,Closed,MANHATTAN
70073714,2026-08-15T16:34:59.000,,DSNY,Lot Condition,Trash,In Progress,BRONX
70075725,2026-08-15T16:34:55.000,,HPD,UNSANITARY CONDITION,PESTS,Open,QUEENS
70075496,2026-08-15T16:34:44.000,2026-08-15T20:00:57.000,NYPD,Noise - Commercial,Loud Music/Party,Closed,BROOKLYN
70081409,2026-08-15T16:34:36.000,,DSNY,Dirty Condition,Trash,In Progress,BRONX
70082179,2026-08-15T16:34:22.000,,HPD,PLUMBING,WATER SUPPLY,Open,MANHATTAN
70080850,2026-08-15T16:34:05.000,,HPD,HEAT/HOT WATER,ENTIRE BUILDING,Open,BRONX
70075711,2026-08-15T16:34:05.000,,HPD,SAFETY,FIRE ESCAPE,Open,BRONX
70080889,2026-08-15T16:34:04.000,,HPD,APPLIANCE,ELECTRIC/GAS RANGE,Open,BRONX
70073181,2026-08-15T16:34:04.000,,HPD,APPLIANCE,ELECTRIC/GAS RANGE,Open,BRONX
70078199,2026-08-15T16:34:00.000,,DOT,Street Light Condition,Fixture/Luminaire Hanging,Open,BROOKLYN
70073394,2026-08-15T16:33:49.000,2026-08-15T17:34:05.000,NYPD,Illegal Parking,Posted Parking Sign Violation,Closed,QUEENS
70074723,2026-08-15T16:33:47.000,2026-08-15T20:18:11.000,NYPD,Illegal Parking,Blocked Crosswalk,Closed,QUEENS
70078380,2026-08-15T16:33:40.000,2026-08-15T20:04:17.000,NYPD,Noise - Street/Sidewalk,Loud Music/Party,Closed,BRONX
70077497,2026-08-15T16:33:31.000,,DPR,Maintenance or Facility,Graffiti or Vandalism,In Progress,QUEENS
70081296,2026-08-15T16:33:30.000,2026-08-15T17:34:36.000,NYPD,Illegal Parking,Blocked Hydrant,Closed,MANHATTAN
70074654,2026-08-15T16:33:19.000,2026-08-15T17:35:12.000,NYPD,Illegal Parking,Blocked Sidewalk,Closed,QUEENS
70080244,2026-08-15T16:33:13.000,2026-08-15T16:44:00.000,DEP,Water Maintenance,Fire Hydrant Running Full,Closed,QUEENS
70074512,2026-08-15T16:33:09.000,2026-08-15T18:01:38.000,DHS,Homeless Person Assistance,Non-Chronic,Closed,MANHATTAN
70080982,2026-08-15T16:33:00.000,2026-08-15T17:29:30.000,NYPD,Illegal Parking,Blocked Hydrant,Closed,QUEENS
70077436,2026-08-15T16:32:51.000,2026-08-15T20:18:09.000,NYPD,Illegal Parking,Parking Permit Improper Use,Closed,MANHATTAN
70079817,2026-08-15T16:32:35.000,2026-08-15T22:00:47.000,NYPD,Noise - Residential,Loud Talking,Closed,QUEENS
70075295,2026-08-15T16:32:28.000,2026-08-15T17:34:23.000,NYPD,Noise - Residential,Loud Music/Party,Closed,BRONX
70077089,2026-08-15T16:32:27.000,,DPR,Root/Sewer/Sidewalk Condition,Trees and Sidewalks Program,In Progress,BROOKLYN
70077492,2026-08-15T16:32:08.000,,DPR,Maintenance or Facility,Structure - Outdoors,In Progress,MANHATTAN
70076560,2026-08-15T16:32:01.000,2026-08-15T17:27:44.000,NYPD,Blocked Driveway,Partial Access,Closed,BRONX
70073652,2026-08-15T16:31:59.000,,DPR,Maintenance or Facility,Rodent Sighting,In Progress,BROOKLYN
70074686,2026-08-15T16:31:56.000,2026-08-15T20:04:16.000,NYPD,Noise - Residential,Loud Music/Party,Closed,QUEENS
70080201,2026-08-15T16:31:46.000,2026-08-15T18:16:08.000,DPR,Violation of Park Rules,Obstructing Public Use,Closed,MANHATTAN
70078850,2026-08-15T16:31:38.000,2026-08-15T17:05:12.000,DSNY,Vendor Enforcement,Food Vendor,Closed,QUEENS
70079551,2026-08-15T16:31:30.000,,HPD,PAINT/PLASTER,CEILING,Open,BRONX
70076959,2026-08-15T16:31:30.000,,HPD,PLUMBING,STEAM PIPE/RISER,Open,BRONX
70073462,2026-08-15T16:31:13.000,2026-08-15T18:55:45.000,NYPD,Illegal Parking,Posted Parking Sign Violation,Closed,QUEENS
70072930,2026-08-15T16:31:03.000,2026-08-15T17:12:46.000,NYPD,Noise - Residential,Loud Music/Party,Closed,BROOKLYN
70075065,2026-08-15T16:30:58.000,,DSNY,Graffiti,Graffiti,Open,QUEENS
70073091,2026-08-15T16:30:54.000,,HPD,UNSANITARY CONDITION,PESTS,Open,QUEENS
70073107,2026-08-15T16:30:54.000,,HPD,UNSANITARY CONDITION,MOLD,Open,QUEENS
70079278,2026-08-15T16:30:45.000,2026-08-15T20:09:04.000,NYPD,Noise - Residential,Banging/Pounding,Closed,BROOKLYN
70081646,2026-08-15T16:30:45.000,2026-08-15T19:18:01.000,NYPD,Noise - Commercial,Loud Music/Party,Closed,BRONX
70080804,2026-08-15T16:30:27.000,,HPD,UNSANITARY CONDITION,MOLD,Open,QUEENS
70076302,2026-08-15T16:30:24.000,,DSNY,Dirty Condition,Trash,In Progress,BRONX
70075362,2026-08-15T16:30:13.000,2026-08-15T21:57:14.000,NYPD,Noise - Commercial,Loud Music/Party,Closed,BRONX
70081240,2026-08-15T16:30:05.000,2026-08-15T18:55:56.000,NYPD,Noise - Vehicle,Car/Truck Music,Closed,MANHATTAN
70077248,2026-08-15T16:29:37.000,2026-08-15T17:34:06.000,NYPD,Illegal Parking,Blocked Bike Lane,Closed,QUEENS
70079133,2026-08-15T16:29:31.000,2026-08-15T18:51:33.000,NYPD,Noise - Commercial,Loud Music/Party,Closed,BRONX
70082117,2026-08-15T16:29:00.000,,DOT,Street Light Condition,Street Light Out,Open,QUEENS
70076478,2026-08-15T16:28:53.000,2026-08-15T19:44:43.000,NYPD,Blocked Driveway,No Access,Closed,BRONX
70079812,2026-08-15T16:28:52.000,2026-08-15T21:18:54.000,NYPD,Illegal Parking,Posted Parking Sign Violation,Closed,QUEENS
70082709,2026-08-15T16:28:52.000,,DSNY,Illegal Dumping,Removal Request,In Progress,BROOKLYN
70077403,2026-08-15T16:28:41.000,2026-08-15T18:55:43.000,NYPD,Illegal Parking,Blocked Hydrant,Closed,MANHATTAN
70080018,2026-08-15T16:28:26.000,,DPR,Maintenance or Facility,Garbage or Litter,In Progress,MANHATTAN
70080728,2026-08-15T16:28:22.000,,TLC,Taxi Complaint,Driver Complaint - Passenger,In Progress,MANHATTAN
70075026,2026-08-15T16:28:18.000,,DOT,Outdoor Dining,Sidewalk Zone Blocked,In Progress,MANHATTAN
70079015,2026-08-15T16:28:16.000,,EDC,Noise - Helicopter,Other,In Progress,MANHATTAN
70081273,2026-08-15T16:28:13.000,2026-08-15T22:01:15.000,NYPD,Illegal Parking,License Plate Obscured,Closed,MANHATTAN
70075549,2026-08-15T16:28:03.000,2026-08-15T16:42:54.000,NYPD,Noise - Street/Sidewalk,Loud Music/Party,Closed,BROOKLYN
70072535,2026-08-15T16:27:48.000,,DEP,Air Quality,Asbestos Disturbance,In Progress,BROOKLYN
70081026,2026-08-15T16:27:44.000,2026-08-15T17:09:24.000,NYPD,Abandoned Vehicle,With License Plate,Closed,QUEENS
70075127,2026-08-15T16:27:40.000,2026-08-15T17:01:21.000,DPR,Violation of Park Rules,Unlicensed Vendors,Closed,MANHATTAN
70073882,2026-08-15T16:27:38.000,2026-08-15T17:30:45.000,NYPD,Noise - Street/Sidewalk,Loud Music/Party,Closed,BRONX
70082673,2026-08-15T16:27:37.000,,DPR,Maintenance or Facility,Recreation Center,In Progress,QUEENS
70073446,2026-08-15T16:27:18.000,2026-08-15T19:17:04.000,NYPD,Noise - Vehicle,Car/Truck Music,Closed,QUEENS
70082266,2026-08-15T16:27:15.000,,DPR,Damaged Tree,Branch or Limb Has Fallen Down,In Progress,BRONX
70075847,2026-08-15T16:26:31.000,2026-08-15T21:42:27.000,NYPD,Noise - Residential,Loud Music/Party,Closed,BROOKLYN
70079776,2026-08-15T16:26:24.000,2026-08-15T17:34:06.000,NYPD,Illegal Parking,Posted Parking Sign Violation,Closed,QUEENS
70074775,2026-08-15T16:26:01.000,2026-08-15T20:25:11.000,NYPD,Noise - Commercial,Loud Music/Party,Closed,QUEENS
70079291,2026-08-15T16:25:49.000,,DOT,Street Condition,Cave-in,In Progress,QUEENS
70080240,2026-08-15T16:25:47.000,,DEP,Water Maintenance,Fire Hydrant Defective,In Progress,BROOKLYN
70073324,2026-08-15T16:25:32.000,2026-08-15T17:35:28.000,NYPD,Illegal Parking,Blocked Sidewalk,Closed,QUEENS
70077527,2026-08-15T16:25:06.000,,DSNY,Missed Collection,Bulky Trash,In Progress,QUEENS
70080922,2026-08-15T16:25:00.000,,DPR,Overgrown Tree/Branches,Dead Branches in Tree,In Progress,BROOKLYN
70080818,2026-08-15T16:25:00.000,,HPD,PLUMBING,BATHTUB/SHOWER,Open,MANHATTAN
70080549,2026-08-15T16:24:59.000,2026-08-15T20:25:10.000,NYPD,Noise - Residential,Loud Music/Party,Closed,BROOKLYN
70075710,2026-08-15T16:24:52.000,2026-08-15T17:58:41.000,HPD,PLUMBING,WATER SUPPLY,Closed,BRONX
70077886,2026-08-15T16:24:37.000,,NYPD,Noise - Residential,Loud Television,In Progress,BROOKLYN
70077023,2026-08-15T16:24:37.000,,HPD,HEAT/HOT WATER,ENTIRE BUILDING,Open,BROOKLYN
70080810,2026-08-15T16:24:33.000,,HPD,UNSANITARY CONDITION,GARBAGE/RECYCLING STORAGE,Open,MANHATTAN
70073893,2026-08-15T16:24:30.000,2026-08-15T19:39:40.000,NYPD,Blocked Driveway,No Access,Closed,BRONX
70079004,2026-08-15T16:24:22.000,,DEP,Noise,Ice Cream Truck,In Progress,MANHATTAN
70072971,2026-08-15T16:23:59.000,2026-08-15T17:30:52.000,NYPD,Illegal Parking,Posted Parking Sign Violation,Closed,BROOKLYN
70082318,2026-08-15T16:23:54.000,2026-08-15T17:34:05.000,NYPD,Noise - Commercial,Loud Music/Party,Closed,MANHATTAN
70075701,2026-08-15T16:23:42.000,,DOHMH,Indoor Air Quality,Human Feces,In Progress,BROOKLYN
70074647,2026-08-15T16:23:39.000,2026-08-15T22:09:57.000,NYPD,Abandoned Vehicle,With License Plate,Closed,QUEENS
70081386,2026-08-15T16:23:32.000,,DSNY,Illegal Dumping,Removal Request,In Progress,QUEENS
70079968,2026-08-15T16:23:30.000,2026-08-15T17:34:45.000,NYPD,Illegal Parking,Overnight Commercial Storage,Closed,MANHATTAN
70082012,2026-08-15T16:23:18.000,2026-08-15T21:27:52.000,NYPD,Noise - Residential,Loud Music/Party,Closed,BROOKLYN
70080261,2026-08-15T16:23:05.000,,DEP,Sewer Maintenance,Backup,In Progress,BROOKLYN
70074716,2026-08-15T16:22:47.000,2026-08-15T17:34:07.000,NYPD,Illegal Parking,Blocked Bike Lane,Closed,QUEENS
70082569,2026-08-15T16:22:39.000,2026-08-15T17:02:20.000,NYPD,Illegal Parking,Blocked Hydrant,Closed,MANHATTAN
70081168,2026-08-15T16:22:35.000,2026-08-15T16:46:44.000,NYPD,Noise - Residential,Loud Music/Party,Closed,QUEENS
70080021,2026-08-15T16:22:17.000,,DPR,Animal in a Park,Dead Animal,In Progress,QUEENS
70076651,2026-08-15T16:22:08.000,,NYPD,Illegal Parking,Blocked Hydrant,In Progress,BROOKLYN
70072904,2026-08-15T16:22:06.000,2026-08-15T17:15:48.000,NYPD,Illegal Parking,Posted Parking Sign Violation,Closed,BROOKLYN
70075933,2026-08-15T16:21:56.000,2026-08-15T17:35:12.000,NYPD,Illegal Parking,Blocked Sidewalk,Closed,QUEENS
70074357,2026-08-15T16:21:38.000,,TLC,Taxi Complaint,Driver Complaint - Passenger,In Progress,QUEENS
70079640,2026-08-15T16:21:23.000,,DPR,Dead/Dying Tree,Planted More Than 2 Years Ago,In Progress,QUEENS
70072890,2026-08-15T16:21:21.000,2026-08-15T22:46:58.000,NYPD,Illegal Parking,License Plate Obscured,Closed,BROOKLYN
70077537,2026-08-15T16:21:16.000,,DSNY,Dirty Condition,Trash,In Progress,BROOKLYN
70082057,2026-08-15T16:21:11.000,2026-08-16T00:53:50.000,NYPD,Noise - Residential,Loud Music/Party,Closed,MANHATTAN
70074350,2026-08-15T16:20:45.000,,TLC,Taxi Complaint,Driver Complaint - Passenger,In Progress,MANHATTAN
70075480,2026-08-15T16:20:40.000,,DOT,Sidewalk Condition,Blocked - Construction,In Progress,QUEENS
70080898,2026-08-15T16:20:37.000,2026-08-15T18:25:43.000,DHS,Homeless Person Assistance,Non-Chronic,Closed,MANHATTAN
70075007,2026-08-15T16:20:37.000,,DSNY,Dirty Condition,Trash,In Progress,MANHATTAN
70074201,2026-08-15T16:20:33.000,2026-08-15T19:44:44.000,NYPD,Noise - Commercial,Loud Music/Party,Closed,BROOKLYN
70075930,2026-08-15T16:19:41.000,2026-08-15T17:34:32.000,NYPD,Blocked Driveway,No Access,Closed,QUEENS
70074372,2026-08-15T16:19:23.000,,DCWP,Consumer Complaint,Storage Warehouse,In Progress,BRONX
70077322,2026-08-15T16:19:19.000,2026-08-16T00:39:33.000,NYPD,Noise - Residential,Banging/Pounding,Closed,QUEENS
70079895,2026-08-15T16:19:07.000,2026-08-15T16:35:37.000,NYPD,Noise - Street/Sidewalk,Loud Music/Party,Closed,MANHATTAN
70080996,2026-08-15T16:19:06.000,2026-08-15T19:13:57.000,NYPD,Noise - Residential,Loud Music/Party,Closed,QUEENS
70078769,2026-08-15T16:18:46.000,,DPR,Maintenance or Facility,Grass/Weeds,In Progress,QUEENS
70082093,2026-08-15T16:18:38.000,,TLC,Green Taxi Complaint,Driver Complaint - Passenger,In Progress,MANHATTAN
70078571,2026-08-15T16:18:30.000,2026-08-15T19:25:15.000,NYPD,Noise - Street/Sidewalk,Loud Music/Party,Closed,QUEENS
70078558,2026-08-15T16:18:28.000,2026-08-15T19:36:21.000,NYPD,Blocked Driveway,No Access,Closed,QUEENS
70079264,2026-08-15T16:18:23.000,2026-08-15T19:20:26.000,NYPD,Noise - Residential,Banging/Pounding,Closed,BROOKLYN
70075733,2026-08-15T16:18:17.000,,HPD,UNSANITARY CONDITION,PESTS,Open,BROOKLYN
70077012,2026-08-15T16:18:17.000,,HPD,PLUMBING,RADIATOR,Open,BROOKLYN
70075783,2026-08-15T16:18:17.000,,HPD,HEAT/HOT WATER,APARTMENT ONLY,Open,BROOKLYN
70075724,2026-08-15T16:18:17.000,,HPD,UNSANITARY CONDITION,PESTS,Open,BROOKLYN
70074717,2026-08-15T16:18:07.000,2026-08-15T17:34:19.000,NYPD,Illegal Parking,Posted Parking Sign Violation,Closed,QUEENS
70080067,2026-08-15T16:18:05.000,,DSNY,Illegal Dumping,Removal Request,In Progress,MANHATTAN
70082132,2026-08-15T16:17:46.000,,DOHMH,Food Poisoning,3 or More,In Progress,QUEENS
70077441,2026-08-15T16:17:38.000,2026-08-15T21:32:40.000,NYPD,Illegal Parking,Double Parked Blocking Traffic,Closed,MANHATTAN
70075397,2026-08-15T16:17:35.000,2026-08-15T17:22:32.000,NYPD,Illegal Parking,Blocked Hydrant,Closed,BROOKLYN
70073828,2026-08-15T16:17:24.000,,DEP,Water Maintenance,Fire Hydrant Running Full,In Progress,STATEN ISLAND
70081024,2026-08-15T16:17:18.000,,NYPD,Illegal Parking,Blocked Sidewalk,In Progress,QUEENS
70076925,2026-08-15T16:17:10.000,,DOT,Sidewalk Condition,Sidewalk Violation,In Progress,QUEENS
70080679,2026-08-15T16:16:50.000,2026-08-15T16:39:53.000,NYPD,Illegal Parking,Blocked Sidewalk,Closed,BROOKLYN
70080092,2026-08-15T16:16:33.000,2026-08-15T16:35:11.000,DSNY,Vendor Enforcement,Non-Food Vendor,Closed,MANHATTAN
70079043,2026-08-15T16:16:32.000,2026-08-15T19:17:53.000,NYPD,Noise - Commercial,Loud Music/Party,Closed,BRONX
70077974,2026-08-15T16:16:14.000,2026-08-15T21:11:11.000,NYPD,Noise - Residential,Loud Music/Party,Closed,BROOKLYN
70077145,2026-08-15T16:15:59.000,2026-08-15T17:27:57.000,NYPD,Illegal Parking,Parking Permit Improper Use,Closed,QUEENS
70073150,2026-08-15T16:15:57.000,,HPD,HEAT/HOT WATER,APARTMENT ONLY,Open,BROOKLYN
70077790,2026-08-15T16:15:37.000,2026-08-15T18:43:42.000,NYPD,Noise - Vehicle,Car/Truck Music,Closed,BRONX
70074633,2026-08-15T16:15:24.000,2026-08-15T19:13:54.000,NYPD,Noise - Residential,Loud Music/Party,Closed,QUEENS
70073663,2026-08-15T16:15:15.000,,DSNY,Obstruction,Weeds or Grass,In Progress,BRONX
70075268,2026-08-15T16:14:59.000,2026-08-15T20:48:18.000,NYPD,Illegal Parking,Posted Parking Sign Violation,Closed,BRONX
70080408,2026-08-15T16:14:45.000,2026-08-15T20:57:10.000,NYPD,Noise - Park,Loud Music/Party,Closed,BRONX
70075038,2026-08-15T16:14:38.000,,DOT,Street Condition,Pothole,Open,BRONX
70073052,2026-08-15T16:14:29.000,,DOT,Sidewalk Condition,Broken Sidewalk,In Progress,QUEENS
70081946,2026-08-15T16:14:25.000,2026-08-15T17:23:23.000,NYPD,Noise - Street/Sidewalk,Loud Music/Party,Closed,BROOKLYN
70077028,2026-08-15T16:14:19.000,,HPD,GENERAL,VENTILATION SYSTEM,Open,BRONX
70078249,2026-08-15T16:14:19.000,,HPD,PLUMBING,WATER SUPPLY,Open,BRONX
70080792,2026-08-15T16:14:18.000,,HPD,UNSANITARY CONDITION,PESTS,Open,BRONX
70077039,2026-08-15T16:14:18.000,,HPD,ELEVATOR,MAINTENANCE,Open,BRONX
70075732,2026-08-15T16:14:18.000,,HPD,UNSANITARY CONDITION,PESTS,Open,BRONX
70075789,2026-08-15T16:14:18.000,,HPD,GENERAL,BELL/BUZZER/INTERCOM,Open,BRONX
70078277,2026-08-15T16:14:18.000,,HPD,OUTSIDE BUILDING,PAVEMENT,Open,BRONX
70074496,2026-08-15T16:14:18.000,,HPD,DOOR/WINDOW,DOOR FRAME,Open,BRONX
70082463,2026-08-15T16:14:06.000,2026-08-15T19:24:29.000,NYPD,Noise - Street/Sidewalk,Loud Music/Party,Closed,QUEENS
70077146,2026-08-15T16:14:04.000,2026-08-15T16:45:51.000,NYPD,Illegal Parking,Parking Permit Improper Use,Closed,QUEENS
70076174,2026-08-15T16:13:43.000,2026-08-15T21:32:40.000,NYPD,Illegal Parking,Double Parked Blocking Traffic,Closed,MANHATTAN
70080992,2026-08-15T16:13:31.000,2026-08-15T17:02:44.000,NYPD,Noise - Street/Sidewalk,Loud Talking,Closed,QUEENS
70082085,2026-08-15T16:13:23.000,,TLC,Green Taxi Report,Driver Report - Passenger,In Progress,MANHATTAN
70079686,2026-08-15T16:13:08.000,2026-08-15T17:30:45.000,NYPD,Illegal Parking,Posted Parking Sign Violation,Closed,QUEENS
70079710,2026-08-15T16:13:06.000,2026-08-15T20:33:06.000,NYPD,Illegal Parking,Blocked Hydrant,Closed,QUEENS
70072909,2026-08-15T16:12:59.000,2026-08-15T17:30:53.000,NYPD,Illegal Parking,Posted Parking Sign Violation,Closed,BROOKLYN
70076537,2026-08-15T16:12:56.000,2026-08-15T18:43:57.000,NYPD,Noise - Vehicle,Car/Truck Music,Closed,BRONX
70081857,2026-08-15T16:12:40.000,2026-08-15T17:02:45.000,NYPD,Noise - Residential,Loud Music/Party,Closed,BROOKLYN
70080704,2026-08-15T16:12:37.000,2026-08-15T16:12:37.000,DOB,Electrical,Electrical Wiring Defective/Exposed,Open,STATEN ISLAND
70081707,2026-08-15T16:12:32.000,2026-08-15T19:36:32.000,NYPD,Blocked Driveway,No Access,Closed,BRONX
70081294,2026-08-15T16:12:31.000,2026-08-15T17:09:24.000,NYPD,Noise - Residential,Loud Music/Party,Closed,MANHATTAN
70078103,2026-08-15T16:12:26.000,2026-08-15T18:19:43.000,NYPD,Illegal Parking,Posted Parking Sign Violation,Closed,BROOKLYN
70076902,2026-08-15T16:12:19.000,,DOHMH,Food Establishment,Pet/Animal,In Progress,MANHATTAN
70073081,2026-08-15T16:12:19.000,,HPD,DOOR/WINDOW,DOOR,Open,BROOKLYN
70075802,2026-08-15T16:12:19.000,,HPD,DOOR/WINDOW,DOOR,Open,BROOKLYN
70075251,2026-08-15T16:12:11.000,2026-08-15T23:10:32.000,NYPD,Noise - Street/Sidewalk,Loud Music/Party,Closed,BRONX
70072587,2026-08-15T16:12:03.000,2026-08-15T17:19:18.000,NYPD,Illegal Parking,Parking Permit Improper Use,Closed,BRONX
70078207,2026-08-15T16:12:00.000,,DOHMH,Food Poisoning,1 or 2,In Progress,QUEENS
70079679,2026-08-15T16:11:59.000,2026-08-15T17:27:20.000,NYPD,Illegal Parking,Parking Permit Improper Use,Closed,QUEENS
70080691,2026-08-15T16:11:51.000,2026-08-15T17:22:35.000,NYPD,Illegal Parking,Blocked Sidewalk,Closed,BROOKLYN
70079135,2026-08-15T16:11:17.000,2026-08-15T20:05:11.000,NYPD,Illegal Parking,Blocked Crosswalk,Closed,MANHATTAN
70081381,2026-08-15T16:11:04.000,,DSNY,Illegal Dumping,Removal Request,In Progress,BROOKLYN
70077682,2026-08-15T16:10:56.000,,DEP,Water Maintenance,Fire Hydrant Leaking,In Progress,QUEENS
70080776,2026-08-15T16:10:52.000,,DOHMH,Indoor Air Quality,Ventilation,In Progress,BROOKLYN
70080235,2026-08-15T16:10:40.000,,DEP,Water Maintenance,Fire Hydrant Running Full,In Progress,BROOKLYN
70078547,2026-08-15T16:10:18.000,2026-08-15T19:54:25.000,NYPD,Illegal Parking,Blocked Sidewalk,Closed,QUEENS
70074371,2026-08-15T16:10:09.000,,DCWP,Consumer Complaint,Department Store or Megastore,In Progress,QUEENS
70079086,2026-08-15T16:10:07.000,2026-08-15T20:19:32.000,NYPD,Noise - Street/Sidewalk,Loud Music/Party,Closed,BRONX
70081706,2026-08-15T16:10:05.000,2026-08-15T21:29:01.000,NYPD,Noise - Commercial,Loud Music/Party,Closed,BRONX
70080924,2026-08-15T16:10:02.000,,DPR,Illegal Tree Damage,Trunk Damaged,In Progress,BROOKLYN
70082728,2026-08-15T16:09:22.000,2026-08-15T16:35:11.000,DSNY,Vendor Enforcement,Non-Food Vendor,Closed,BRONX
70074523,2026-08-15T16:09:09.000,2026-08-15T16:09:09.000,DOB,Elevator,Elevator - Multiple Devices On Property,Open,QUEENS
70079811,2026-08-15T16:08:58.000,2026-08-15T19:32:33.000,NYPD,Noise - Vehicle,Car/Truck Horn,Closed,QUEENS
70078303,2026-08-15T16:08:44.000,,HPD,DOOR/WINDOW,DOOR,Open,BROOKLYN
70075591,2026-08-15T16:08:17.000,2026-08-15T17:41:45.000,NYPD,Illegal Parking,Blocked Bike Lane,Closed,BROOKLYN
70077743,2026-08-15T16:07:40.000,2026-08-15T19:47:56.000,NYPD,Noise - Residential,Banging/Pounding,Closed,BRONX
70078481,2026-08-15T16:07:37.000,,NYPD,Illegal Parking,Posted Parking Sign Violation,In Progress,QUEENS
70080190,2026-08-15T16:07:36.000,2026-08-15T16:35:07.000,DOHMH,Mosquitoes,Large Number of Mosquitoes,Closed,STATEN ISLAND
70082311,2026-08-15T16:07:21.000,2026-08-15T20:05:29.000,NYPD,Noise - Street/Sidewalk,Loud Music/Party,Closed,QUEENS
70079923,2026-08-15T16:07:20.000,2026-08-15T17:02:45.000,NYPD,Noise - Street/Sidewalk,Loud Music/Party,Closed,MANHATTAN
70079680,2026-08-15T16:06:51.000,2026-08-15T17:27:04.000,NYPD,Illegal Parking,Parking Permit Improper Use,Closed,QUEENS
70081426,2026-08-15T16:06:49.000,,DOT,Outdoor Dining,Sidewalk Zone Blocked,In Progress,MANHATTAN
70079231,2026-08-15T16:06:48.000,2026-08-15T16:42:54.000,NYPD,Noise - Street/Sidewalk,Loud Music/Party,Closed,BROOKLYN
70074747,2026-08-15T16:06:43.000,2026-08-15T19:39:41.000,NYPD,Blocked Driveway,No Access,Closed,QUEENS
70081681,2026-08-15T16:06:40.000,2026-08-15T18:19:44.000,NYPD,Illegal Parking,Overnight Commercial Storage,Closed,BRONX
70080084,2026-08-15T16:06:29.000,,DSNY,Dirty Condition,Trash,In Progress,BROOKLYN
70075016,2026-08-15T16:06:26.000,2026-08-15T16:35:14.000,DSNY,Vendor Enforcement,Food Vendor,Closed,BROOKLYN
70081870,2026-08-15T16:06:21.000,2026-08-15T16:42:33.000,NYPD,Abandoned Vehicle,With License Plate,Closed,BROOKLYN
70078267,2026-08-15T16:06:17.000,,HPD,PAINT/PLASTER,CEILING,Open,MANHATTAN
70081941,2026-08-15T16:06:14.000,2026-08-15T18:29:53.000,NYPD,Illegal Parking,Blocked Hydrant,Closed,BROOKLYN
70074134,2026-08-15T16:06:08.000,2026-08-15T19:50:03.000,NYPD,Blocked Driveway,No Access,Closed,BROOKLYN
70072468,2026-08-15T16:06:08.000,2026-08-15T16:06:08.000,DOB,Building/Use,Illegal. Commercial Use In Resident Zone,Open,QUEENS
70077728,2026-08-15T16:06:03.000,2026-08-15T19:13:54.000,NYPD,Blocked Driveway,No Access,Closed,BRONX
70079589,2026-08-15T16:06:00.000,,HPD,DOOR/WINDOW,WINDOW FRAME,Open,QUEENS
70079584,2026-08-15T16:06:00.000,,HPD,ELECTRIC,NO LIGHTING,Open,QUEENS
70075792,2026-08-15T16:06:00.000,,HPD,FLOORING/STAIRS,FLOOR,Open,QUEENS
70075754,2026-08-15T16:06:00.000,,HPD,PLUMBING,TOILET,Open,QUEENS
70078213,2026-08-15T16:06:00.000,,HPD,PAINT/PLASTER,CABINET,Open,QUEENS
70075751,2026-08-15T16:05:55.000,,HPD,PLUMBING,WATER SUPPLY,Open,MANHATTAN
70080876,2026-08-15T16:05:32.000,,HPD,DOOR/WINDOW,DOOR,Open,BROOKLYN
70075708,2026-08-15T16:05:32.000,,HPD,ELEVATOR,MAINTENANCE,Open,BROOKLYN
70079425,2026-08-15T16:05:20.000,2026-08-15T16:59:44.000,NYPD,Illegal Parking,Blocked Hydrant,Closed,BROOKLYN
70076709,2026-08-15T16:05:12.000,2026-08-15T17:09:24.000,NYPD,Blocked Driveway,Partial Access,Closed,BROOKLYN
70079484,2026-08-15T16:05:09.000,,DOHMH,Illegal Animal Kept as Pet,Other,In Progress,MANHATTAN
70072771,2026-08-15T16:05:07.000,2026-08-15T19:17:04.000,NYPD,Noise - Residential,Loud Music/Party,Closed,BROOKLYN
70074243,2026-08-15T16:05:03.000,2026-08-15T16:56:43.000,NYPD,Blocked Driveway,No Access,Closed,BROOKLYN
70075288,2026-08-15T16:04:36.000,2026-08-15T20:45:41.000,NYPD,Noise - Street/Sidewalk,Loud Music/Party,Closed,BRONX
70078671,2026-08-15T16:04:21.000,2026-08-15T19:20:26.000,NYPD,Noise - Street/Sidewalk,Loud Music/Party,Closed,MANHATTAN
70082455,2026-08-15T16:04:20.000,2026-08-15T23:35:39.000,NYPD,Illegal Parking,Blocked Hydrant,Closed,QUEENS
70082100,2026-08-15T16:04:05.000,,TLC,Taxi Complaint,Driver Complaint - Passenger,In Progress,MANHATTAN
70073075,2026-08-15T16:03:35.000,,DOHMH,Indoor Air Quality,Chemical Vapors/Gases/Odors,In Progress,MANHATTAN
70078871,2026-08-15T16:03:09.000,,DOT,Street Condition,Pothole,Open,QUEENS
70076721,2026-08-15T16:03:06.000,2026-08-15T16:14:10.000,NYPD,Illegal Parking,Blocked Hydrant,Closed,BROOKLYN
70074511,2026-08-15T16:03:05.000,,DHS,Homeless Person Assistance,Non-Chronic,In Progress,MANHATTAN
70077627,2026-08-15T16:02:59.000,2026-08-15T16:02:59.000,DOB,General Construction/Plumbing,Building Permit - None,Open,BRONX
70074552,2026-08-15T16:02:47.000,,DPR,Damaged Tree,Tree Leaning/Uprooted,In Progress,QUEENS
70079560,2026-08-15T16:02:42.000,,HPD,HEAT/HOT WATER,ENTIRE BUILDING,Open,MANHATTAN
70080921,2026-08-15T16:02:35.000,,DPR,Overgrown Tree/Branches,Dead Branches in Tree,In Progress,BROOKLYN
70082275,2026-08-15T16:02:06.000,,DPR,Overgrown Tree/Branches,Hitting Building,In Progress,QUEENS
70081788,2026-08-15T16:01:48.000,2026-08-15T16:17:56.000,NYPD,Panhandling,N/A,Closed,MANHATTAN
70079084,2026-08-15T16:01:46.000,2026-08-15T18:43:54.000,NYPD,Noise - Vehicle,Car/Truck Music,Closed,BRONX
70079789,2026-08-15T16:01:22.000,2026-08-15T21:45:56.000,NYPD,Blocked Driveway,Partial Access,Closed,QUEENS
70080199,2026-08-15T16:01:18.000,2026-08-15T16:15:32.000,DPR,Violation of Park Rules,Obstructing Public Use,Closed,BRONX
70074590,2026-08-15T16:00:53.000,2026-08-15T20:05:40.000,NYPD,Noise - Street/Sidewalk,Loud Music/Party,Closed,QUEENS
70074387,2026-08-15T16:00:42.000,,DOT,Street Sign - Missing,Other/Unknown,In Progress,STATEN ISLAND
70081189,2026-08-15T16:00:16.000,2026-08-16T00:50:07.000,NYPD,Illegal Parking,Blocked Sidewalk,Closed,STATEN ISLAND
70075579,2026-08-15T16:00:15.000,2026-08-15T18:20:05.000,NYPD,Noise - Residential,Loud Music/Party,Closed,BROOKLYN
70079542,2026-08-15T16:00:02.000,,HPD,PLUMBING,BASIN/SINK,Open,MANHATTAN
70080824,2026-08-15T16:00:02.000,,HPD,PAINT/PLASTER,WALL,Open,MANHATTAN
70077036,2026-08-15T16:00:02.000,,HPD,FLOORING/STAIRS,FLOOR,Open,MANHATTAN
70075817,2026-08-15T15:59:58.000,2026-08-15T15:59:58.000,DOB,Elevator,Elevator - Multiple Devices On Property,Open,MANHATTAN
70078930,2026-08-15T15:59:58.000,2026-08-15T15:59:58.000,DOB,General Construction/Plumbing,Building Permit - None,Open,BROOKLYN
70075098,2026-08-15T15:59:58.000,2026-08-15T15:59:58.000,DOB,Building/Use,Illegal Conversion Of Residential Building/Space,Open,BROOKLYN
70075466,2026-08-15T15:59:49.000,,DOT,Sidewalk Condition,Blocked - Construction,In Progress,BRONX
70082262,2026-08-15T15:59:47.000,,DOHMH,Rodent,Rat Sighting,In Progress,BRONX
70078255,2026-08-15T15:59:45.000,,HPD,PLUMBING,BATHTUB/SHOWER,Open,MANHATTAN
70078252,2026-08-15T15:59:45.000,,HPD,PLUMBING,BATHTUB/SHOWER,Open,MANHATTAN
70078943,2026-08-15T15:59:20.000,2026-08-15T16:15:28.000,DPR,Violation of Park Rules,Obstructing Public Use,Closed,BRONX
70072852,2026-08-15T15:59:18.000,2026-08-15T19:23:46.000,NYPD,Noise - Residential,Loud Music/Party,Closed,BROOKLYN
70078939,2026-08-15T15:59:03.000,2026-08-15T16:13:37.000,DPR,Animal in a Park,Injured Wildlife,Closed,MANHATTAN
70081604,2026-08-15T15:58:49.000,,DEP,Noise,Jackhammer,In Progress,MANHATTAN
70079723,2026-08-15T15:58:46.000,2026-08-15T17:02:45.000,NYPD,Abandoned Vehicle,With License Plate,Closed,QUEENS
70079685,2026-08-15T15:58:39.000,2026-08-15T16:42:19.000,NYPD,Noise - Residential,Loud Music/Party,Closed,QUEENS
70077414,2026-08-15T15:58:34.000,2026-08-15T17:05:59.000,NYPD,Illegal Parking,Blocked Crosswalk,Closed,MANHATTAN
70076438,2026-08-15T15:58:33.000,,DEP,Water Maintenance,Fire Hydrant Running,In Progress,BRONX
70078861,2026-08-15T15:58:28.000,2026-08-15T17:15:51.000,NYPD,Blocked Driveway,No Access,Closed,QUEENS
70078352,2026-08-15T15:58:14.000,,DPR,Damaged Tree,Tree Alive - in Poor Condition,In Progress,MANHATTAN
70075485,2026-08-15T15:57:56.000,,NYPD,Noise - Street/Sidewalk,Loud Talking,In Progress,BROOKLYN
70078094,2026-08-15T15:57:54.000,2026-08-15T18:13:23.000,NYPD,Illegal Parking,Blocked Crosswalk,Closed,BROOKLYN
70073298,2026-08-15T15:57:38.000,2026-08-15T19:13:57.000,NYPD,Noise - Residential,Loud Music/Party,Closed,QUEENS
70080072,2026-08-15T15:57:35.000,,DSNY,Illegal Dumping,Removal Request,In Progress,MANHATTAN
70079342,2026-08-15T15:57:29.000,2026-08-15T17:47:55.000,NYPD,Noise - Street/Sidewalk,Loud Music/Party,Closed,BROOKLYN
70077086,2026-08-15T15:57:17.000,,DPR,Damaged Tree,Tree Alive - in Poor Condition,In Progress,BRONX
70080697,2026-08-15T15:57:12.000,2026-08-15T17:11:22.000,NYPD,Illegal Parking,Blocked Sidewalk,Closed,BROOKLYN
70077578,2026-08-15T15:57:00.000,2026-08-15T16:50:00.000,DOT,Traffic Signal Condition,Vehicle Signal,Closed,QUEENS
70077510,2026-08-15T15:56:56.000,,DSNY,Dirty Condition,Debris from Car Accident,In Progress,BROOKLYN
70074024,2026-08-15T15:56:54.000,2026-08-15T19:36:22.000,NYPD,Noise - Street/Sidewalk,Loud Music/Party,Closed,BRONX
70079201,2026-08-15T15:56:47.000,2026-08-15T19:40:08.000,NYPD,Illegal Parking,Posted Parking Sign Violation,Closed,BROOKLYN
70080470,2026-08-15T15:56:44.000,2026-08-15T20:12:19.000,NYPD,Blocked Driveway,No Access,Closed,BROOKLYN
70074500,2026-08-15T15:56:22.000,,HPD,DOOR/WINDOW,DOOR,Open,MANHATTAN
70075209,2026-08-15T15:56:20.000,,DOT,Highway Condition,High Grass,In Progress,QUEENS
70077305,2026-08-15T15:56:16.000,2026-08-15T20:32:00.000,NYPD,Illegal Parking,Parking Permit Improper Use,Closed,QUEENS
70076976,2026-08-15T15:56:10.000,,HPD,UNSANITARY CONDITION,PESTS,Open,BRONX
70082182,2026-08-15T15:56:08.000,,HPD,PLUMBING,TOILET,Open,QUEENS
70075170,2026-08-15T15:55:36.000,2026-08-15T16:33:00.000,DEP,Water Maintenance,Fire Hydrant Running Full,Closed,BRONX
70078765,2026-08-15T15:55:10.000,,DPR,Maintenance or Facility,Garbage or Litter,In Progress,MANHATTAN
70082319,2026-08-15T15:55:06.000,2026-08-15T17:34:05.000,NYPD,Noise - Commercial,Loud Music/Party,Closed,MANHATTAN
70082320,2026-08-15T15:55:00.000,2026-08-15T20:42:51.000,NYPD,Illegal Parking,Posted Parking Sign Violation,Closed,MANHATTAN
70080063,2026-08-15T15:54:50.000,,DSNY,Missed Collection,Bulky Recycling,In Progress,QUEENS
70074724,2026-08-15T15:54:42.000,,NYPD,Blocked Driveway,No Access,In Progress,QUEENS
70082343,2026-08-15T15:54:28.000,2026-08-15T19:13:57.000,NYPD,Noise - Residential,Loud Music/Party,Closed,QUEENS
70078464,2026-08-15T15:54:26.000,2026-08-15T16:46:35.000,NYPD,Blocked Driveway,No Access,Closed,QUEENS
70082347,2026-08-15T15:54:23.000,2026-08-15T19:06:15.000,NYPD,Noise - Residential,Loud Music/Party,Closed,QUEENS
70077882,2026-08-15T15:54:22.000,2026-08-15T18:58:00.000,NYPD,Illegal Parking,Posted Parking Sign Violation,Closed,BROOKLYN
70074645,2026-08-15T15:54:22.000,2026-08-15T21:20:29.000,NYPD,Illegal Parking,Blocked Hydrant,Closed,QUEENS
70073968,2026-08-15T15:54:01.000,2026-08-15T16:20:58.000,NYPD,Noise - Residential,Loud Music/Party,Closed,BRONX
70075667,2026-08-15T15:53:57.000,2026-08-15T15:53:57.000,DOB,General Construction/Plumbing,Vent/Exhaust - Illegal/Improper,Open,BROOKLYN
70077080,2026-08-15T15:53:53.000,,DOHMH,Rodent,Condition Attracting Rodents,In Progress,STATEN ISLAND
70078412,2026-08-15T15:53:34.000,2026-08-15T16:44:26.000,NYPD,Illegal Parking,Blocked Crosswalk,Closed,QUEENS
70079385,2026-08-15T15:53:17.000,2026-08-15T17:41:44.000,NYPD,Illegal Parking,Posted Parking Sign Violation,Closed,BROOKLYN
70075714,2026-08-15T15:53:15.000,,HPD,WATER LEAK,SLOW LEAK,Open,MANHATTAN
70073960,2026-08-15T15:52:55.000,2026-08-15T18:44:02.000,NYPD,Illegal Parking,Posted Parking Sign Violation,Closed,BRONX
70079595,2026-08-15T15:52:50.000,,HPD,DOOR/WINDOW,DOOR,Open,MANHATTAN
70074352,2026-08-15T15:52:32.000,,TLC,For Hire Vehicle Complaint,Driver Complaint - Passenger,In Progress,MANHATTAN
70078105,2026-08-15T15:52:13.000,2026-08-15T18:07:09.000,NYPD,Illegal Parking,Posted Parking Sign Violation,Closed,BROOKLYN
70080064,2026-08-15T15:52:11.000,,DSNY,Litter Basket Request,New Basket,In Progress,QUEENS
70072717,2026-08-15T15:52:11.000,2026-08-15T17:47:46.000,NYPD,Noise - Street/Sidewalk,Loud Music/Party,Closed,BRONX
70082690,2026-08-15T15:51:32.000,,DSNY,Obstruction,Cone,In Progress,STATEN ISLAND
70080016,2026-08-15T15:50:43.000,,DPR,Maintenance or Facility,Garbage or Litter,In Progress,MANHATTAN
70074646,2026-08-15T15:50:37.000,2026-08-15T17:58:05.000,NYPD,Illegal Parking,Blocked Hydrant,Closed,QUEENS
70080918,2026-08-15T15:50:36.000,,DPR,Root/Sewer/Sidewalk Condition,Trees and Sidewalks Program,In Progress,BROOKLYN
70080802,2026-08-15T15:50:22.000,,HPD,UNSANITARY CONDITION,MOLD,Open,BRONX
70080870,2026-08-15T15:50:22.000,,HPD,ELECTRIC,OUTLET/SWITCH,Open,BRONX
70080828,2026-08-15T15:50:22.000,,HPD,PAINT/PLASTER,WALL,Open,BRONX
70082154,2026-08-15T15:50:22.000,,HPD,UNSANITARY CONDITION,PESTS,Open,BRONX
70079548,2026-08-15T15:50:22.000,,HPD,PAINT/PLASTER,WALL,Open,BRONX
70079110,2026-08-15T15:50:22.000,2026-08-15T16:09:54.000,NYPD,Noise - Residential,Banging/Pounding,Closed,BRONX
70082278,2026-08-15T15:50:18.000,,DPR,Dead/Dying Tree,Planted More Than 2 Years Ago,In Progress,QUEENS
70077671,2026-08-15T15:50:18.000,,DEP,Water Maintenance,Fire Hydrant Running,In Progress,MANHATTAN
70080849,2026-08-15T15:50:13.000,,HPD,HEAT/HOT WATER,ENTIRE BUILDING,Open,BROOKLYN
70078345,2026-08-15T15:50:12.000,,DPR,Dead/Dying Tree,Planted Less Than 2 Years Ago,In Progress,BROOKLYN
70079696,2026-08-15T15:50:11.000,2026-08-15T19:13:57.000,NYPD,Noise - Residential,Loud Music/Party,Closed,QUEENS
70080791,2026-08-15T15:50:01.000,,HPD,UNSANITARY CONDITION,PESTS,Open,BRONX
70080917,2026-08-15T15:49:59.000,,DPR,Root/Sewer/Sidewalk Condition,Trees and Sidewalks Program,In Progress,BROOKLYN
70074537,2026-08-15T15:49:59.000,,DPR,Root/Sewer/Sidewalk Condition,Trees and Sidewalks Program,In Progress,BROOKLYN
70076403,2026-08-15T15:49:59.000,,DPR,Root/Sewer/Sidewalk Condition,Trees and Sidewalks Program,In Progress,Unspecified
70073667,2026-08-15T15:49:43.000,,DSNY,Dirty Condition,Trash,In Progress,STATEN ISLAND
70078140,2026-08-15T15:49:12.000,2026-08-15T20:18:11.000,NYPD,Noise - Commercial,Loud Music/Party,Closed,BROOKLYN
70081390,2026-08-15T15:48:30.000,,DSNY,Illegal Dumping,Removal Request,In Progress,BRONX
70072871,2026-08-15T15:48:16.000,,DOT,Street Condition,Cave-in,In Progress,QUEENS
70081507,2026-08-15T15:47:38.000,2026-08-15T15:47:38.000,DOB,General Construction/Plumbing,Building Permit - None,Open,BROOKLYN
70074191,2026-08-15T15:47:28.000,2026-08-15T20:18:09.000,NYPD,Non-Emergency Police Matter,Other (complaint details),Closed,BROOKLYN
70072884,2026-08-15T15:47:26.000,2026-08-15T16:10:23.000,NYPD,Noise - Street/Sidewalk,Loud Music/Party,Closed,BROOKLYN
70078285,2026-08-15T15:47:23.000,,HPD,HEAT/HOT WATER,APARTMENT ONLY,Open,BROOKLYN
70079449,2026-08-15T15:47:11.000,,DOHMH,Food Establishment,Food Spoiled,In Progress,BRONX
70079629,2026-08-15T15:47:00.000,,DPR,Root/Sewer/Sidewalk Condition,Trees and Sidewalks Program,In Progress,BROOKLYN
70076414,2026-08-15T15:47:00.000,2026-08-15T22:16:00.000,DSNY,Derelict Vehicles,Derelict Vehicles,Closed,QUEENS
70080667,2026-08-15T15:46:57.000,2026-08-15T17:30:46.000,NYPD,Illegal Parking,Posted Parking Sign Violation,Closed,BROOKLYN
70078436,2026-08-15T15:46:53.000,2026-08-15T19:06:21.000,NYPD,Noise - Residential,Loud Music/Party,Closed,QUEENS
70082718,2026-08-15T15:46:45.000,,DSNY,Dirty Condition,Trash,In Progress,BRONX
70077536,2026-08-15T15:46:33.000,,DSNY,Dirty Condition,Trash,In Progress,QUEENS
70076096,2026-08-15T15:46:27.000,2026-08-15T16:39:58.000,NYPD,Illegal Parking,Blocked Hydrant,Closed,QUEENS
70078081,2026-08-15T15:46:27.000,2026-08-15T18:26:33.000,NYPD,Noise - Residential,Loud Music/Party,Closed,BROOKLYN
70078825,2026-08-15T15:46:02.000,,DSNY,Dirty Condition,Trash,In Progress,MANHATTAN
70080524,2026-08-15T15:45:46.000,2026-08-15T19:35:50.000,NYPD,Abandoned Vehicle,With License Plate,Closed,BROOKLYN
70081984,2026-08-15T15:45:38.000,2026-08-15T15:57:32.000,NYPD,Noise - Residential,Loud Talking,Closed,BROOKLYN
70074319,2026-08-15T15:45:35.000,,NYPD,Animal-Abuse,Chained,In Progress,MANHATTAN
70073282,2026-08-15T15:45:24.000,2026-08-15T16:36:34.000,NYPD,Illegal Parking,Posted Parking Sign Violation,Closed,QUEENS
70081766,2026-08-15T15:45:06.000,2026-08-15T19:25:57.000,NYPD,Noise - Residential,Banging/Pounding,Closed,BRONX
70078418,2026-08-15T15:44:58.000,2026-08-15T17:12:55.000,NYPD,Illegal Parking,Blocked Sidewalk,Closed,QUEENS
70078448,2026-08-15T15:44:51.000,2026-08-15T17:30:46.000,NYPD,Illegal Parking,Blocked Hydrant,Closed,QUEENS
70074959,2026-08-15T15:44:51.000,,DSNY,Obstruction,Trash or Recycling,In Progress,BROOKLYN
70080863,2026-08-15T15:44:24.000,,HPD,GENERAL,COOKING GAS,Open,BROOKLYN
70078394,2026-08-15T15:44:18.000,2026-08-15T20:18:12.000,NYPD,Noise - Residential,Loud Music/Party,Closed,QUEENS
70081151,2026-08-15T15:44:13.000,2026-08-15T20:18:22.000,NYPD,Noise - Commercial,Loud Music/Party,Closed,QUEENS
70078340,2026-08-15T15:43:58.000,,DPR,Root/Sewer/Sidewalk Condition,Trees and Sidewalks Program,In Progress,BROOKLYN
70073530,2026-08-15T15:43:32.000,2026-08-15T17:09:34.000,NYPD,Encampment,N/A,Closed,MANHATTAN
70073962,2026-08-15T15:43:28.000,2026-08-15T19:24:13.000,NYPD,Abandoned Vehicle,With License Plate,Closed,BRONX
70080933,2026-08-15T15:43:07.000,,DPR,Root/Sewer/Sidewalk Condition,Trees and Sidewalks Program,In Progress,STATEN ISLAND
70078401,2026-08-15T15:43:04.000,2026-08-15T19:29:09.000,NYPD,Noise - Residential,Banging/Pounding,Closed,MANHATTAN
70079223,2026-08-15T15:43:00.000,2026-08-15T16:39:52.000,NYPD,Blocked Driveway,Partial Access,Closed,BROOKLYN
70082692,2026-08-15T15:42:50.000,,DSNY,Dead Animal,Cat,In Progress,BROOKLYN
70073368,2026-08-15T15:42:36.000,2026-08-15T20:18:39.000,NYPD,Noise - Residential,Loud Music/Party,Closed,QUEENS
70073352,2026-08-15T15:42:36.000,2026-08-15T17:47:46.000,NYPD,Illegal Parking,Commercial Overnight Parking,Closed,QUEENS
70073414,2026-08-15T15:42:33.000,2026-08-15T23:08:51.000,NYPD,Illegal Parking,Blocked Hydrant,Closed,QUEENS
70073651,2026-08-15T15:42:28.000,,DPR,Maintenance or Facility,Structure - Outdoors,In Progress,BRONX
70082714,2026-08-15T15:42:15.000,,DSNY,Dirty Condition,Trash,In Progress,BROOKLYN
70075001,2026-08-15T15:41:53.000,,DSNY,Dirty Condition,Trash,In Progress,BROOKLYN
70078326,2026-08-15T15:41:21.000,2026-08-15T15:41:21.000,DOB,Elevator,Elevator - Single Device On Property/No Alternate Service,Open,QUEENS
70075573,2026-08-15T15:41:20.000,2026-08-15T17:47:47.000,NYPD,Noise - Street/Sidewalk,Loud Music/Party,Closed,BROOKLYN
70079818,2026-08-15T15:41:16.000,2026-08-15T18:29:51.000,NYPD,Noise - Residential,Loud Music/Party,Closed,QUEENS
70076312,2026-08-15T15:41:07.000,,OOS,Cannabis Retailer,Unlicensed,In Progress,MANHATTAN
70073038,2026-08-15T15:41:06.000,,TLC,Lost Property,Other,In Progress,MANHATTAN
70078358,2026-08-15T15:41:00.000,,DPR,Damaged Tree,Tree Alive - in Poor Condition,In Progress,QUEENS
70074417,2026-08-15T15:40:59.000,,HPD,UNSANITARY CONDITION,PESTS,Open,MANHATTAN
70079920,2026-08-15T15:40:43.000,2026-08-15T16:59:09.000,NYPD,Noise - Commercial,Loud Music/Party,Closed,MANHATTAN
70081819,2026-08-15T15:40:38.000,2026-08-15T15:46:33.000,NYPD,Noise - Residential,Banging/Pounding,Closed,BROOKLYN
70074772,2026-08-15T15:40:33.000,2026-08-15T20:42:47.000,NYPD,Noise - Residential,Loud Music/Party,Closed,QUEENS
70079436,2026-08-15T15:40:23.000,2026-08-15T16:12:42.000,NYPD,Panhandling,N/A,Closed,BROOKLYN
70079216,2026-08-15T15:40:18.000,2026-08-15T17:22:32.000,NYPD,Illegal Parking,Blocked Hydrant,Closed,BROOKLYN
70082259,2026-08-15T15:40:02.000,,DOHMH,Rodent,Rat Sighting,In Progress,QUEENS
70079900,2026-08-15T15:39:45.000,2026-08-15T17:02:45.000,NYPD,Illegal Parking,Blocked Hydrant,Closed,MANHATTAN
70072685,2026-08-15T15:39:41.000,2026-08-15T16:03:43.000,NYPD,Noise - Residential,Loud Music/Party,Closed,BRONX
70078360,2026-08-15T15:39:26.000,,DPR,Overgrown Tree/Branches,Hitting Power Lines,In Progress,STATEN ISLAND
70078995,2026-08-15T15:39:04.000,,DEP,Noise,Construction,In Progress,BROOKLYN
70078174,2026-08-15T15:39:01.000,,DCWP,Consumer Complaint,Other Store (Non-Food),In Progress,MANHATTAN
70081606,2026-08-15T15:39:00.000,,DSNY,Derelict Vehicles,Derelict Vehicles,Open,BRONX
70078793,2026-08-15T15:38:47.000,,DSNY,Obstruction,Cone,In Progress,QUEENS
70076640,2026-08-15T15:38:45.000,2026-08-15T22:40:39.000,NYPD,Blocked Driveway,No Access,Closed,BROOKLYN
70073783,2026-08-15T15:38:21.000,2026-08-15T15:38:21.000,DOB,Building/Use,Illegal Conversion Of Residential Building/Space,Open,BROOKLYN
70076429,2026-08-15T15:38:04.000,,DEP,Water Maintenance,Fire Hydrant Running Full,In Progress,MANHATTAN
70076966,2026-08-15T15:37:58.000,,HPD,WATER LEAK,HEAVY FLOW,Open,BROOKLYN
70082475,2026-08-15T15:37:44.000,2026-08-15T18:19:49.000,NYPD,Noise - Residential,Loud Music/Party,Closed,QUEENS
70080379,2026-08-15T15:37:32.000,2026-08-15T15:54:29.000,NYPD,Illegal Parking,Blocked Hydrant,Closed,BRONX
70082284,2026-08-15T15:37:29.000,,DPR,Damaged Tree,Branch or Limb Has Fallen Down,In Progress,STATEN ISLAND
70075735,2026-08-15T15:37:29.000,,HPD,UNSANITARY CONDITION,PESTS,Open,MANHATTAN
70079865,2026-08-15T15:36:54.000,2026-08-15T19:59:14.000,NYPD,Illegal Parking,Posted Parking Sign Violation,Closed,STATEN ISLAND
70080978,2026-08-15T15:36:52.000,2026-08-15T16:09:47.000,NYPD,Illegal Parking,Posted Parking Sign Violation,Closed,QUEENS
70082006,2026-08-15T15:36:49.000,2026-08-15T18:23:30.000,NYPD,Noise - Residential,Loud Music/Party,Closed,BROOKLYN
70082537,2026-08-15T15:36:19.000,2026-08-15T20:04:17.000,NYPD,Blocked Driveway,No Access,Closed,STATEN ISLAND
70077133,2026-08-15T15:36:15.000,2026-08-15T17:34:11.000,NYPD,Noise - Commercial,Loud Music/Party,Closed,MANHATTAN
70078675,2026-08-15T15:36:13.000,2026-08-15T17:00:09.000,NYPD,Illegal Parking,Unauthorized Bus Layover,Closed,MANHATTAN
70075143,2026-08-15T15:36:00.000,2026-08-15T23:19:00.000,DSNY,Derelict Vehicles,Derelict Vehicles,Closed,QUEENS
70080740,2026-08-15T15:35:20.000,2026-08-15T15:35:20.000,DOB,Building/Use,No Certificate Of Occupancy/Illegal/Contrary To CO,Open,QUEENS
70080636,2026-08-15T15:35:19.000,2026-08-15T17:52:03.000,NYPD,Noise - Street/Sidewalk,Loud Music/Party,Closed,BROOKLYN
70078851,2026-08-15T15:35:12.000,2026-08-15T16:05:11.000,DSNY,Vendor Enforcement,Non-Food Vendor,Closed,BROOKLYN
70079523,2026-08-15T15:35:00.000,,HPD,UNSANITARY CONDITION,MOLD,Open,BROOKLYN
70079481,2026-08-15T15:35:00.000,,DOT,Street Light Condition,Lamppost Wire Exposed,Open,BROOKLYN
70075706,2026-08-15T15:35:00.000,,HPD,APPLIANCE,REFRIGERATOR,Open,BROOKLYN
70074476,2026-08-15T15:34:42.000,,HPD,GENERAL,VENTILATION SYSTEM,Open,MANHATTAN
70082586,2026-08-15T15:34:36.000,2026-08-15T18:57:38.000,NYPD,Noise - Commercial,Loud Music/Party,Closed,MANHATTAN
70076856,2026-08-15T15:34:26.000,2026-08-15T18:29:52.000,NYPD,Noise - Street/Sidewalk,Loud Music/Party,Closed,BROOKLYN
70079667,2026-08-15T15:34:16.000,2026-08-15T20:25:08.000,NYPD,Noise - Residential,Banging/Pounding,Closed,BRONX
70079819,2026-08-15T15:34:11.000,2026-08-15T17:55:04.000,NYPD,Noise - Commercial,Loud Music/Party,Closed,QUEENS
70075278,2026-08-15T15:33:58.000,2026-08-15T18:43:41.000,NYPD,Noise - Vehicle,Car/Truck Music,Closed,BRONX
70074356,2026-08-15T15:33:53.000,,TLC,Taxi Complaint,Driver Complaint - Passenger,In Progress,MANHATTAN
70074615,2026-08-15T15:33:49.000,2026-08-15T16:06:45.000,NYPD,Illegal Parking,Blocked Hydrant,Closed,QUEENS
70081926,2026-08-15T15:33:25.000,,NYPD,Illegal Parking,Blocked Hydrant,In Progress,BROOKLYN
70082031,2026-08-15T15:33:24.000,2026-08-15T17:35:48.000,NYPD,Illegal Parking,Posted Parking Sign Violation,Closed,BROOKLYN
70075611,2026-08-15T15:32:56.000,2026-08-15T16:10:23.000,NYPD,Illegal Parking,Blocked Hydrant,Closed,BROOKLYN
70078740,2026-08-15T15:32:43.000,2026-08-15T19:18:56.000,NYPD,Noise - Street/Sidewalk,Loud Music/Party,Closed,BRONX
70081770,2026-08-15T15:32:41.000,2026-08-15T20:57:09.000,NYPD,Blocked Driveway,No Access,Closed,BRONX
70077696,2026-08-15T15:32:41.000,,DEP,Noise,Dog,In Progress,BROOKLYN
70076352,2026-08-15T15:32:20.000,2026-08-15T15:32:20.000,DOB,Emergency Response Team (ERT),After Hours Work - Illegal,Open,BROOKLYN
70079235,2026-08-15T15:32:16.000,2026-08-15T16:13:43.000,NYPD,Noise - Street/Sidewalk,Loud Music/Party,Closed,BROOKLYN
70082220,2026-08-15T15:32:09.000,,HPD,ELECTRIC,POWER OUTAGE,Open,BRONX
70077330,2026-08-15T15:32:00.000,2026-08-15T17:23:09.000,NYPD,Noise - Residential,Loud Music/Party,Closed,QUEENS
70081108,2026-08-15T15:31:52.000,2026-08-15T19:24:38.000,NYPD,Noise - Street/Sidewalk,Loud Music/Party,Closed,QUEENS
70081933,2026-08-15T15:31:38.000,2026-08-15T19:44:44.000,NYPD,Noise - Street/Sidewalk,Loud Music/Party,Closed,BROOKLYN
70075159,2026-08-15T15:31:33.000,,DEP,Water Maintenance,Fire Hydrant Running Full,In Progress,BROOKLYN
70075515,2026-08-15T15:31:25.000,2026-08-15T15:57:33.000,NYPD,Noise - Street/Sidewalk,Loud Talking,Closed,BROOKLYN
70077495,2026-08-15T15:31:08.000,,DPR,Maintenance or Facility,Structure - Outdoors,In Progress,QUEENS
70074195,2026-08-15T15:31:05.000,2026-08-15T20:00:38.000,NYPD,Noise - Street/Sidewalk,Loud Music/Party,Closed,BROOKLYN
70081230,2026-08-15T15:30:51.000,2026-08-15T16:56:32.000,NYPD,Encampment,N/A,Closed,MANHATTAN
70076240,2026-08-15T15:30:51.000,,DHS,Encampment,N/A,In Progress,MANHATTAN
70078337,2026-08-15T15:30:28.000,,DOHMH,Unsanitary Pigeon Condition,Pigeon Waste,In Progress,BROOKLYN
70080645,2026-08-15T15:30:20.000,2026-08-15T18:42:51.000,NYPD,Noise - Residential,Loud Music/Party,Closed,BROOKLYN
70081805,2026-08-15T15:30:14.000,2026-08-15T22:20:44.000,NYPD,Illegal Parking,Posted Parking Sign Violation,Closed,BROOKLYN
70073039,2026-08-15T15:29:53.000,,DOT,Curb Condition,Broken Curb,In Progress,QUEENS
70074031,2026-08-15T15:29:19.000,2026-08-15T17:47:46.000,NYPD,Noise - Residential,Banging/Pounding,Closed,BRONX
70073199,2026-08-15T15:29:19.000,2026-08-15T15:29:19.000,DOB,Elevator,Elevator - Single Device On Property/No Alternate Service,Open,STATEN ISLAND
70073488,2026-08-15T15:29:14.000,2026-08-15T16:33:25.000,NYPD,Illegal Parking,Blocked Hydrant,Closed,QUEENS
70077913,2026-08-15T15:29:01.000,2026-08-15T17:22:32.000,NYPD,Illegal Parking,Blocked Hydrant,Closed,BROOKLYN
70082183,2026-08-15T15:28:57.000,,HPD,PLUMBING,BATHTUB/SHOWER,Open,MANHATTAN
70079389,2026-08-15T15:28:56.000,2026-08-15T17:44:45.000,NYPD,Illegal Parking,Posted Parking Sign Violation,Closed,BROOKLYN
70082564,2026-08-15T15:28:42.000,,NYPD,Illegal Parking,Parking Permit Improper Use,In Progress,MANHATTAN
70080709,2026-08-15T15:28:40.000,,DOHMH,Mobile Food Vendor,Food Source/Protection,In Progress,BROOKLYN
70073649,2026-08-15T15:28:28.000,,DPR,Maintenance or Facility,Structure - Outdoors,In Progress,BRONX
70076338,2026-08-15T15:28:00.000,2026-08-15T17:25:00.000,DOT,Traffic Signal Condition,Controller,Closed,QUEENS
70080250,2026-08-15T15:27:55.000,,DEP,Water Maintenance,Fire Hydrant Running,In Progress,MANHATTAN
70078060,2026-08-15T15:27:53.000,2026-08-15T18:48:31.000,NYPD,Noise - Street/Sidewalk,Loud Music/Party,Closed,BROOKLYN
70077337,2026-08-15T15:27:39.000,2026-08-15T17:52:03.000,NYPD,Illegal Parking,Blocked Sidewalk,Closed,QUEENS
70074778,2026-08-15T15:27:16.000,2026-08-15T20:51:20.000,NYPD,Blocked Driveway,No Access,Closed,QUEENS
70078556,2026-08-15T15:27:06.000,2026-08-15T19:59:59.000,NYPD,Noise - Commercial,Banging/Pounding,Closed,QUEENS
70080444,2026-08-15T15:27:04.000,,NYPD,Noise - Vehicle,Engine Idling,In Progress,BROOKLYN
70074391,2026-08-15T15:26:23.000,,DOHMH,Indoor Air Quality,Ventilation,In Progress,MANHATTAN
70073494,2026-08-15T15:26:21.000,2026-08-15T20:28:45.000,NYPD,Noise - Residential,Loud Talking,Closed,STATEN ISLAND
70072567,2026-08-15T15:26:10.000,2026-08-15T16:02:00.000,DEP,Sewer Maintenance,Manhole Overflow,Closed,QUEENS
70080047,2026-08-15T15:26:04.000,,DSNY,Missed Collection,Compost,In Progress,BRONX
70079502,2026-08-15T15:25:52.000,,HPD,UNSANITARY CONDITION,PESTS,Open,MANHATTAN
70080795,2026-08-15T15:25:52.000,,HPD,UNSANITARY CONDITION,PESTS,Open,MANHATTAN
70074526,2026-08-15T15:25:49.000,,DOHMH,Rodent,Rat Sighting,In Progress,BROOKLYN
70081592,2026-08-15T15:25:45.000,,DEP,Noise,Construction,In Progress,QUEENS
70075545,2026-08-15T15:25:26.000,2026-08-15T15:54:31.000,NYPD,Non-Emergency Police Matter,Other (complaint details),Closed,BROOKLYN
70077948,2026-08-15T15:25:19.000,2026-08-15T16:10:32.000,NYPD,Blocked Driveway,No Access,Closed,BROOKLYN
70079468,2026-08-15T15:25:16.000,,DCWP,Consumer Complaint,Other Store (Non-Food),In Progress,BROOKLYN
70081868,2026-08-15T15:24:45.000,2026-08-15T15:57:45.000,NYPD,Illegal Parking,Blocked Hydrant,Closed,BROOKLYN
70082527,2026-08-15T15:24:44.000,2026-08-15T17:34:12.000,NYPD,Noise - Vehicle,Car/Truck Horn,Closed,QUEENS
70078015,2026-08-15T15:24:33.000,2026-08-15T16:13:45.000,NYPD,Noise - Street/Sidewalk,Loud Music/Party,Closed,BROOKLYN
70079916,2026-08-15T15:24:12.000,2026-08-15T19:35:51.000,NYPD,Blocked Driveway,No Access,Closed,MANHATTAN
70081884,2026-08-15T15:24:09.000,2026-08-15T16:05:57.000,NYPD,Noise - Street/Sidewalk,Loud Music/Party,Closed,MANHATTAN
70078180,2026-08-15T15:24:05.000,,DOT,Bus Stop Shelter Complaint,Dirty/Graffiti,In Progress,MANHATTAN
70081237,2026-08-15T15:23:59.000,2026-08-15T16:12:52.000,NYPD,Noise - Commercial,Loud Talking,Closed,MANHATTAN
70081721,2026-08-15T15:23:53.000,2026-08-15T15:43:42.000,NYPD,Noise - Street/Sidewalk,Loud Music/Party,Closed,BRONX
70073557,2026-08-15T15:23:53.000,2026-08-15T19:20:32.000,NYPD,Noise - Street/Sidewalk,Loud Music/Party,Closed,MANHATTAN
70074216,2026-08-15T15:23:48.000,2026-08-15T16:06:45.000,NYPD,Noise - Residential,Loud Music/Party,Closed,BROOKLYN
70077836,2026-08-15T15:23:39.000,2026-08-15T18:51:33.000,NYPD,Illegal Parking,Blocked Crosswalk,Closed,BRONX
70078184,2026-08-15T15:23:38.000,,DOT,Sidewalk Condition,Broken Sidewalk,In Progress,BROOKLYN
70075135,2026-08-15T15:23:00.000,2026-08-15T23:28:00.000,DSNY,Derelict Vehicles,Derelict Vehicles,Closed,QUEENS
70072663,2026-08-15T15:22:52.000,2026-08-15T21:42:22.000,NYPD,Encampment,N/A,Closed,BRONX
70081830,2026-08-15T15:22:51.000,2026-08-15T17:22:32.000,NYPD,Blocked Driveway,No Access,Closed,BROOKLYN
70074939,2026-08-15T15:22:50.000,2026-08-15T19:18:51.000,NYPD,Noise - Street/Sidewalk,Loud Music/Party,Closed,BRONX
70072774,2026-08-15T15:22:47.000,2026-08-15T17:55:05.000,NYPD,Noise - Residential,Banging/Pounding,Closed,BROOKLYN
70082040,2026-08-15T15:22:45.000,2026-08-15T18:51:33.000,NYPD,Illegal Parking,Blocked Sidewalk,Closed,BROOKLYN
70075679,2026-08-15T15:22:42.000,,DOT,Curb Condition,Defacement,In Progress,QUEENS
70074118,2026-08-15T15:22:41.000,2026-08-15T16:13:22.000,NYPD,Blocked Driveway,No Access,Closed,BROOKLYN
70081069,2026-08-15T15:22:29.000,2026-08-15T21:59:08.000,NYPD,Abandoned Vehicle,With License Plate,Closed,QUEENS
70078315,2026-08-15T15:22:22.000,,DHS,Homeless Person Assistance,Non-Chronic,In Progress,BROOKLYN
70073639,2026-08-15T15:22:02.000,2026-08-15T22:37:59.000,NYPD,Noise - Residential,Banging/Pounding,Closed,MANHATTAN
70077570,2026-08-15T15:22:00.000,,DOT,Traffic Signal Condition,APS,Open,BRONX
70075004,2026-08-15T15:21:44.000,,DSNY,Dirty Condition,Trash,In Progress,MANHATTAN
70072896,2026-08-15T15:21:34.000,2026-08-15T15:57:40.000,NYPD,Noise - Street/Sidewalk,Loud Music/Party,Closed,BROOKLYN
70074530,2026-08-15T15:21:31.000,,DOHMH,Rodent,Rat Sighting,In Progress,MANHATTAN
70073389,2026-08-15T15:21:28.000,2026-08-15T17:34:49.000,NYPD,Illegal Parking,Blocked Bike Lane,Closed,QUEENS
70077944,2026-08-15T15:21:07.000,2026-08-15T16:03:41.000,NYPD,Blocked Driveway,No Access,Closed,BROOKLYN
70078089,2026-08-15T15:20:56.000,2026-08-15T19:17:04.000,NYPD,Blocked Driveway,Partial Access,Closed,BROOKLYN
70081562,2026-08-15T15:20:51.000,,DEP,Water Maintenance,Fire Hydrant Running Full,In Progress,QUEENS
70075279,2026-08-15T15:20:38.000,2026-08-15T18:43:43.000,NYPD,Noise - Vehicle,Car/Truck Music,Closed,BRONX
70077989,2026-08-15T15:20:31.000,,DOT,Street Condition,Defective Hardware,In Progress,QUEENS
70075394,2026-08-15T15:20:25.000,2026-08-15T20:12:48.000,NYPD,Abandoned Vehicle,With License Plate,Closed,BROOKLYN
70079061,2026-08-15T15:20:21.000,2026-08-15T17:30:46.000,NYPD,Noise - Street/Sidewalk,Loud Music/Party,Closed,BRONX
70081486,2026-08-15T15:20:17.000,2026-08-15T15:20:17.000,DOB,Real Time Enforcement,Work Without A Permit - Occupied Multiple Dwelling,Open,BROOKLYN
70078829,2026-08-15T15:19:48.000,,DSNY,Dirty Condition,Trash,In Progress,MANHATTAN
70075968,2026-08-15T15:19:40.000,2026-08-15T20:12:48.000,NYPD,Noise - Residential,Loud Music/Party,Closed,QUEENS
70074439,2026-08-15T15:19:30.000,,HPD,PLUMBING,WATER SUPPLY,Open,MANHATTAN
70080104,2026-08-15T15:19:27.000,,DOT,Street Condition,Pothole,Open,BROOKLYN
70077077,2026-08-15T15:19:21.000,,DOHMH,Rodent,Rat Sighting,In Progress,BROOKLYN
70075721,2026-08-15T15:19:12.000,,HPD,UNSANITARY CONDITION,SEWAGE,Open,BROOKLYN
70076662,2026-08-15T15:18:20.000,2026-08-15T17:22:32.000,NYPD,Blocked Driveway,No Access,Closed,BROOKLYN
70078395,2026-08-15T15:17:55.000,2026-08-15T20:28:45.000,NYPD,Noise - Residential,Banging/Pounding,Closed,QUEENS
70081318,2026-08-15T15:17:48.000,2026-08-15T22:37:57.000,NYPD,Noise - Residential,Banging/Pounding,Closed,MANHATTAN
70082439,2026-08-15T15:17:30.000,2026-08-15T17:19:18.000,NYPD,Illegal Parking,Posted Parking Sign Violation,Closed,QUEENS
70076247,2026-08-15T15:17:29.000,,DSNY,Dirty Condition,Syringes,In Progress,MANHATTAN
70073793,2026-08-15T15:17:18.000,2026-08-15T15:17:18.000,DOB,Building/Use,Illegal Conversion Of Residential Building/Space,Open,QUEENS
70076351,2026-08-15T15:17:17.000,2026-08-15T15:17:17.000,DOB,Emergency Response Team (ERT),After Hours Work - Illegal,Open,MANHATTAN
70074438,2026-08-15T15:17:01.000,,HPD,PLUMBING,WATER SUPPLY,Open,MANHATTAN
70075544,2026-08-15T15:16:50.000,2026-08-15T15:54:30.000,NYPD,Drug Activity,Use Outside,Closed,BROOKLYN
70072944,2026-08-15T15:16:46.000,2026-08-15T19:13:53.000,NYPD,Illegal Parking,Blocked Bike Lane,Closed,BROOKLYN
70073892,2026-08-15T15:16:36.000,2026-08-15T19:10:31.000,NYPD,Blocked Driveway,No Access,Closed,BRONX
70082157,2026-08-15T15:16:32.000,,HPD,UNSANITARY CONDITION,PESTS,Open,BROOKLYN
70082153,2026-08-15T15:16:32.000,,HPD,UNSANITARY CONDITION,PESTS,Open,BROOKLYN
70073099,2026-08-15T15:16:32.000,,HPD,UNSANITARY CONDITION,PESTS,Open,BROOKLYN
70081020,2026-08-15T15:16:23.000,2026-08-15T22:22:25.000,NYPD,Blocked Driveway,No Access,Closed,QUEENS
70075747,2026-08-15T15:16:18.000,,HPD,UNSANITARY CONDITION,GARBAGE/RECYCLING STORAGE,Open,BRONX
70073315,2026-08-15T15:16:05.000,2026-08-15T17:02:59.000,NYPD,Noise - Residential,Loud Music/Party,Closed,QUEENS
70078085,2026-08-15T15:15:24.000,2026-08-15T17:55:05.000,NYPD,Noise - Residential,Banging/Pounding,Closed,BROOKLYN
70075383,2026-08-15T15:15:18.000,2026-08-15T19:40:43.000,NYPD,Illegal Parking,Posted Parking Sign Violation,Closed,BROOKLYN
70074622,2026-08-15T15:15:08.000,2026-08-15T19:17:53.000,NYPD,Blocked Driveway,No Access,Closed,QUEENS
70076564,2026-08-15T15:14:58.000,2026-08-15T15:23:55.000,NYPD,Illegal Parking,Blocked Hydrant,Closed,BRONX
70073360,2026-08-15T15:14:54.000,2026-08-15T20:12:39.000,NYPD,Noise - Residential,Loud Talking,Closed,QUEENS
70075153,2026-08-15T15:14:53.000,2026-08-15T16:21:00.000,DEP,Water Maintenance,Water Main Break,Closed,QUEENS
70074314,2026-08-15T15:14:34.000,2026-08-15T16:09:47.000,NYPD,Illegal Parking,Blocked Sidewalk,Closed,BROOKLYN
70079695,2026-08-15T15:14:20.000,2026-08-15T19:06:15.000,NYPD,Noise - Residential,Loud Music/Party,Closed,QUEENS
70072868,2026-08-15T15:13:52.000,,DOT,Street Condition,Defective Hardware,In Progress,QUEENS
70077744,2026-08-15T15:13:36.000,2026-08-15T16:09:46.000,NYPD,Noise - Park,Loud Music/Party,Closed,BRONX
70080963,2026-08-15T15:13:21.000,2026-08-15T17:34:12.000,NYPD,Noise - Commercial,Loud Music/Party,Closed,MANHATTAN
70081575,2026-08-15T15:13:08.000,,DEP,Water Maintenance,Fire Hydrant Leaking,In Progress,BRONX
70081672,2026-08-15T15:13:05.000,2026-08-15T16:24:21.000,NYPD,Illegal Parking,Blocked Crosswalk,Closed,BRONX
70079293,2026-08-15T15:13:02.000,,DOT,Street Condition,Cave-in,In Progress,QUEENS
70073936,2026-08-15T15:12:32.000,2026-08-15T17:34:30.000,NYPD,Illegal Parking,Overnight Commercial Storage,Closed,BRONX
70073924,2026-08-15T15:12:30.000,2026-08-15T19:06:16.000,NYPD,Blocked Driveway,No Access,Closed,BRONX
70078868,2026-08-15T15:12:25.000,,DOT,Street Condition,Pothole,Open,MANHATTAN
70075509,2026-08-15T15:12:23.000,2026-08-15T15:44:53.000,NYPD,Illegal Parking,Blocked Crosswalk,Closed,BROOKLYN
70081248,2026-08-15T15:12:19.000,2026-08-15T16:48:13.000,NYPD,Illegal Parking,Posted Parking Sign Violation,Closed,MANHATTAN
70078529,2026-08-15T15:12:13.000,2026-08-15T17:08:46.000,NYPD,Illegal Parking,Blocked Sidewalk,Closed,QUEENS
70077533,2026-08-15T15:12:09.000,,DSNY,Dirty Condition,Trash,In Progress,BROOKLYN
70081999,2026-08-15T15:12:01.000,2026-08-15T17:47:47.000,NYPD,Noise - Street/Sidewalk,Loud Music/Party,Closed,BROOKLYN
70074843,2026-08-15T15:11:57.000,2026-08-15T15:39:15.000,NYPD,Illegal Parking,Posted Parking Sign Violation,Closed,MANHATTAN
70073534,2026-08-15T15:11:54.000,2026-08-15T17:12:47.000,NYPD,Encampment,N/A,Closed,MANHATTAN
70073222,2026-08-15T15:11:46.000,,DPR,Overgrown Tree/Branches,Blocking Street,In Progress,BROOKLYN
70072862,2026-08-15T15:11:33.000,,DOT,Sidewalk Condition,Blocked - Construction,In Progress,BROOKLYN
70078159,2026-08-15T15:11:23.000,,TLC,Green Taxi Complaint,Driver Complaint - Passenger,In Progress,QUEENS
70078667,2026-08-15T15:11:15.000,2026-08-15T18:39:46.000,NYPD,Noise - Park,Loud Music/Party,Closed,MANHATTAN
70082030,2026-08-15T15:11:14.000,2026-08-15T17:36:43.000,NYPD,Illegal Parking,Posted Parking Sign Violation,Closed,BROOKLYN
70080233,2026-08-15T15:11:10.000,,DEP,Water Maintenance,Fire Hydrant Running Full,In Progress,BRONX
70081364,2026-08-15T15:11:06.000,,DSNY,Dead Animal,Cat,In Progress,QUEENS
70073196,2026-08-15T15:11:00.000,2026-08-15T15:11:00.000,DOB,Elevator,Elevator - Single Device On Property/No Alternate Service,Open,BRONX
70075066,2026-08-15T15:10:59.000,2026-08-15T15:10:59.000,DOB,Building/Use,Illegal. Commercial Use In Resident Zone,Open,BRONX
70079921,2026-08-15T15:10:58.000,2026-08-15T16:49:10.000,NYPD,Illegal Parking,Posted Parking Sign Violation,Closed,MANHATTAN
70072828,2026-08-15T15:10:42.000,2026-08-15T19:10:01.000,NYPD,Noise - Street/Sidewalk,Loud Music/Party,Closed,BROOKLYN
70079368,2026-08-15T15:10:29.000,2026-08-15T21:27:42.000,NYPD,Noise - Street/Sidewalk,Loud Music/Party,Closed,BROOKLYN
70078004,2026-08-15T15:10:20.000,2026-08-15T19:09:38.000,NYPD,Blocked Driveway,Partial Access,Closed,BROOKLYN
70074944,2026-08-15T15:10:19.000,,DPR,Maintenance or Facility,Structure - Outdoors,In Progress,BROOKLYN
70073153,2026-08-15T15:10:14.000,,HPD,GENERAL,JANITOR/SUPER,Open,MANHATTAN
70074465,2026-08-15T15:10:06.000,,HPD,HEAT/HOT WATER,ENTIRE BUILDING,Open,BRONX
70072934,2026-08-15T15:10:05.000,2026-08-15T15:54:30.000,NYPD,Non-Emergency Police Matter,Trespassing,Closed,BROOKLYN
70074464,2026-08-15T15:09:59.000,,HPD,HEAT/HOT WATER,ENTIRE BUILDING,Open,BROOKLYN
70080255,2026-08-15T15:09:58.000,,DEP,Water Maintenance,Fire Hydrant Leaking,In Progress,BRONX
70082178,2026-08-15T15:09:56.000,,HPD,PLUMBING,WATER SUPPLY,Open,BROOKLYN
70075296,2026-08-15T15:09:55.000,2026-08-15T15:20:56.000,NYPD,Noise - Residential,Loud Music/Party,Closed,BRONX
70075694,2026-08-15T15:09:50.000,,DOT,Street Condition,"Rough, Pitted or Cracked Roads",In Progress,QUEENS
70082165,2026-08-15T15:09:45.000,,HPD,UNSANITARY CONDITION,PESTS,Open,BROOKLYN
70076982,2026-08-15T15:09:45.000,,HPD,UNSANITARY CONDITION,PESTS,Open,BROOKLYN
70075737,2026-08-15T15:09:45.000,,HPD,UNSANITARY CONDITION,PESTS,Open,BROOKLYN
70073098,2026-08-15T15:09:45.000,,HPD,UNSANITARY CONDITION,PESTS,Open,BROOKLYN
70073088,2026-08-15T15:09:45.000,,HPD,UNSANITARY CONDITION,PESTS,Open,BROOKLYN
70075491,2026-08-15T15:09:44.000,2026-08-15T22:25:09.000,NYPD,Noise - Vehicle,Car/Truck Music,Closed,BROOKLYN
70078989,2026-08-15T15:09:29.000,,DEP,Noise,Manufacturing Business/Plant,In Progress,MANHATTAN
70072973,2026-08-15T15:09:28.000,2026-08-15T17:37:21.000,NYPD,Illegal Parking,Posted Parking Sign Violation,Closed,BROOKLYN
70076053,2026-08-15T15:09:22.000,2026-08-15T17:34:14.000,NYPD,Illegal Parking,Blocked Hydrant,Closed,QUEENS
70076463,2026-08-15T15:09:10.000,,DEP,Noise,Animal Other Than Dog,In Progress,QUEENS
70079479,2026-08-15T15:09:00.000,,DOT,Street Light Condition,Street Light Out,Open,QUEENS
70074219,2026-08-15T15:08:56.000,2026-08-15T17:05:59.000,NYPD,Illegal Parking,Posted Parking Sign Violation,Closed,BROOKLYN
70078349,2026-08-15T15:08:37.000,,DPR,Damaged Tree,Branch Cracked and Will Fall,In Progress,BROOKLYN
70075228,2026-08-15T15:08:37.000,2026-08-15T19:03:09.000,NYPD,Noise - Residential,Banging/Pounding,Closed,BRONX
70076269,2026-08-15T15:08:33.000,,DSNY,Missed Collection,Trash,In Progress,BROOKLYN
70077281,2026-08-15T15:08:17.000,2026-08-15T18:47:56.000,NYPD,Noise - Vehicle,Car/Truck Music,Closed,QUEENS
70074392,2026-08-15T15:08:12.000,,DOHMH,Indoor Air Quality,Chemical Vapors/Gases/Odors,In Progress,BROOKLYN
70078681,2026-08-15T15:08:08.000,2026-08-15T15:46:33.000,NYPD,Noise - Street/Sidewalk,Loud Music/Party,Closed,MANHATTAN
70075112,2026-08-15T15:07:59.000,2026-08-15T15:07:59.000,DOB,Building/Use,Illegal Conversion Of Residential Building/Space,Open,QUEENS
70074795,2026-08-15T15:07:56.000,2026-08-15T17:44:45.000,NYPD,Illegal Parking,Posted Parking Sign Violation,Closed,QUEENS
70076453,2026-08-15T15:07:48.000,,DEP,Noise,Construction Equipment,In Progress,BROOKLYN
70079344,2026-08-15T15:07:46.000,2026-08-15T16:46:35.000,NYPD,Illegal Parking,Blocked Sidewalk,Closed,BROOKLYN
70079463,2026-08-15T15:07:42.000,2026-08-15T15:07:42.000,DOB,General Construction/Plumbing,Vent/Exhaust - Illegal/Improper,Open,MANHATTAN
70080465,2026-08-15T15:07:32.000,2026-08-15T16:56:17.000,NYPD,Noise - Residential,Banging/Pounding,Closed,BROOKLYN
70072874,2026-08-15T15:07:31.000,,DOT,Street Condition,Cave-in,In Progress,STATEN ISLAND
70074497,2026-08-15T15:07:30.000,,HPD,DOOR/WINDOW,DOOR,Open,MANHATTAN
70073808,2026-08-15T15:07:27.000,,DSNY,Highway Condition,Litter,In Progress,MANHATTAN
70077360,2026-08-15T15:07:25.000,,NYPD,Noise - Residential,Banging/Pounding,In Progress,STATEN ISLAND
70082041,2026-08-15T15:07:15.000,2026-08-15T17:23:12.000,NYPD,Illegal Parking,Blocked Sidewalk,Closed,BROOKLYN
70075678,2026-08-15T15:07:15.000,,DOT,Sidewalk Condition,Broken Sidewalk,In Progress,BROOKLYN
70074463,2026-08-15T15:07:15.000,,HPD,HEAT/HOT WATER,ENTIRE BUILDING,Open,BROOKLYN
70082478,2026-08-15T15:06:59.000,2026-08-16T00:05:26.000,NYPD,Animal-Abuse,Other (complaint details),Closed,QUEENS
70073168,2026-08-15T15:06:57.000,,HPD,FLOORING/STAIRS,FLOOR,Open,QUEENS
70076973,2026-08-15T15:06:57.000,,HPD,UNSANITARY CONDITION,SEWAGE,Open,QUEENS
70075716,2026-08-15T15:06:56.000,,HPD,WATER LEAK,HEAVY FLOW,Open,QUEENS
70080023,2026-08-15T15:06:50.000,2026-08-16T01:44:03.000,DHS,Encampment,N/A,Closed,BROOKLYN
70073011,2026-08-15T15:06:50.000,2026-08-15T20:44:22.000,NYPD,Encampment,N/A,Closed,BROOKLYN
70076800,2026-08-15T15:06:41.000,2026-08-15T19:13:53.000,NYPD,Noise - Street/Sidewalk,Loud Music/Party,Closed,BROOKLYN
70075644,2026-08-15T15:06:40.000,,DOHMH,Food Establishment,Food Spoiled,In Progress,BRONX
70080574,2026-08-15T15:06:05.000,2026-08-15T15:53:05.000,NYPD,Illegal Parking,Blocked Crosswalk,Closed,BROOKLYN
70078035,2026-08-15T15:05:58.000,2026-08-15T19:22:16.000,NYPD,Noise - Residential,Loud Music/Party,Closed,BROOKLYN
70078432,2026-08-15T15:05:23.000,2026-08-15T22:00:00.000,NYPD,Abandoned Vehicle,With License Plate,Closed,QUEENS
70082657,2026-08-15T15:05:20.000,2026-08-15T15:51:26.000,NYPD,Illegal Parking,Blocked Hydrant,Closed,BRONX
70079396,2026-08-15T15:05:17.000,2026-08-15T16:13:21.000,NYPD,Noise - Street/Sidewalk,Loud Music/Party,Closed,BROOKLYN
70081713,2026-08-15T15:05:13.000,2026-08-15T15:08:23.000,NYPD,Noise - Vehicle,Car/Truck Music,Closed,BRONX
70082512,2026-08-15T15:05:12.000,2026-08-15T20:32:01.000,NYPD,Drinking,In Public,Closed,QUEENS
70077719,2026-08-15T15:05:05.000,2026-08-15T15:27:02.000,NYPD,Illegal Parking,Posted Parking Sign Violation,Closed,BRONX
70079838,2026-08-15T15:04:44.000,2026-08-15T21:36:04.000,NYPD,Illegal Parking,Blocked Sidewalk,Closed,QUEENS
70082104,2026-08-15T15:04:41.000,2026-08-15T15:04:41.000,DOB,General Construction/Plumbing,Cons - Contrary/Beyond Approved Plans/Permits,Open,BROOKLYN
70081510,2026-08-15T15:04:41.000,2026-08-15T15:04:41.000,DOB,General Construction/Plumbing,Building Permit - None,Open,QUEENS
70073792,2026-08-15T15:04:41.000,2026-08-15T15:04:41.000,DOB,Building/Use,Illegal Conversion Of Residential Building/Space,Open,QUEENS
70080643,2026-08-15T15:04:16.000,2026-08-15T18:26:33.000,NYPD,Noise - Residential,Loud Music/Party,Closed,BROOKLYN
70079014,2026-08-15T15:03:52.000,,EDC,Noise - Helicopter,Other,In Progress,MANHATTAN
70074902,2026-08-15T15:03:49.000,2026-08-15T17:19:24.000,NYPD,Noise - Residential,Banging/Pounding,Closed,MANHATTAN
70078232,2026-08-15T15:03:48.000,,HPD,UNSANITARY CONDITION,PESTS,Open,BRONX
70075730,2026-08-15T15:03:48.000,,HPD,UNSANITARY CONDITION,PESTS,Open,BRONX
70072848,2026-08-15T15:03:38.000,2026-08-15T19:51:00.000,NYPD,Noise - Street/Sidewalk,Loud Music/Party,Closed,BROOKLYN
70076931,2026-08-15T15:03:25.000,,DOT,Sidewalk Condition,Broken Sidewalk,In Progress,BROOKLYN
70075807,2026-08-15T15:03:18.000,,DHS,Homeless Person Assistance,Non-Chronic,In Progress,BROOKLYN
70082240,2026-08-15T15:02:59.000,,DHS,Homeless Person Assistance,Non-Chronic,In Progress,MANHATTAN
70079636,2026-08-15T15:02:58.000,,DPR,Damaged Tree,Branch or Limb Has Fallen Down,In Progress,BROOKLYN
70079152,2026-08-15T15:02:55.000,2026-08-15T18:51:33.000,NYPD,Noise - Residential,Loud Music/Party,Closed,BRONX
70080706,2026-08-15T15:02:54.000,,DOHMH,Smoking or Vaping,Allowed in Smoke Free Area,In Progress,MANHATTAN
70076117,2026-08-15T15:02:42.000,,NYPD,Noise - Residential,Loud Music/Party,In Progress,STATEN ISLAND
70081420,2026-08-15T15:02:41.000,2026-08-15T15:35:09.000,DSNY,Vendor Enforcement,Non-Food Vendor,Closed,MANHATTAN
70077675,2026-08-15T15:02:32.000,,DEP,Water Maintenance,Fire Hydrant Running,In Progress,QUEENS
70080056,2026-08-15T15:02:27.000,,DSNY,Missed Collection,Recycling - Paper/Metal/Glass/Rigid Plastic,In Progress,QUEENS
70075468,2026-08-15T15:02:24.000,,DOT,Street Condition,Cave-in,In Progress,BROOKLYN
70079768,2026-08-15T15:02:21.000,2026-08-15T17:24:00.000,NYPD,Noise - Residential,Banging/Pounding,Closed,QUEENS
70074330,2026-08-15T15:02:16.000,2026-08-15T19:59:09.000,NYPD,Noise - Street/Sidewalk,Loud Talking,Closed,BROOKLYN
70080699,2026-08-15T15:02:09.000,2026-08-15T15:45:16.000,NYPD,Illegal Parking,Blocked Sidewalk,Closed,BROOKLYN
70082037,2026-08-15T15:02:08.000,2026-08-15T17:37:59.000,NYPD,Illegal Parking,Posted Parking Sign Violation,Closed,BROOKLYN
70076783,2026-08-15T15:02:03.000,2026-08-15T16:17:56.000,NYPD,Blocked Driveway,Partial Access,Closed,BROOKLYN
70081897,2026-08-15T15:01:59.000,2026-08-15T19:24:13.000,NYPD,Illegal Parking,Blocked Hydrant,Closed,BROOKLYN
70076459,2026-08-15T15:01:49.000,,DEP,Noise,Construction,In Progress,BRONX
70082251,2026-08-15T15:01:40.000,2026-08-15T15:01:40.000,DOB,Elevator,Elevator - Single Device On Property/No Alternate Service,Open,BRONX
70081503,2026-08-15T15:01:40.000,2026-08-15T15:01:40.000,DOB,Building/Use,Illegal Conversion Of Residential Building/Space,Open,QUEENS
70077444,2026-08-15T15:01:23.000,2026-08-15T17:12:47.000,NYPD,Abandoned Vehicle,With License Plate,Closed,MANHATTAN
70077114,2026-08-15T15:00:57.000,2026-08-15T19:10:25.000,NYPD,Noise - Residential,Banging/Pounding,Closed,BROOKLYN
70072532,2026-08-15T15:00:07.000,,DEP,Industrial Waste,Odor,In Progress,STATEN ISLAND
70080066,2026-08-15T14:59:52.000,,DSNY,Illegal Dumping,Removal Request,In Progress,BROOKLYN
70075705,2026-08-15T14:59:29.000,,HPD,APPLIANCE,REFRIGERATOR,Open,BRONX
70075695,2026-08-15T14:59:15.000,,DOT,Street Sign - Dangling,Street Cleaning - ASP,In Progress,BROOKLYN
70073170,2026-08-15T14:59:00.000,,HPD,ELECTRIC,POWER OUTAGE,Open,STATEN ISLAND
70081221,2026-08-15T14:58:59.000,2026-08-15T15:39:11.000,NYPD,Illegal Parking,Posted Parking Sign Violation,Closed,MANHATTAN
70075773,2026-08-15T14:58:59.000,,HPD,HEAT/HOT WATER,ENTIRE BUILDING,Open,BROOKLYN
70077581,2026-08-15T14:58:39.000,2026-08-15T14:58:39.000,DOB,Emergency Response Team (ERT),After Hours Work - Illegal,Open,BRONX
70075111,2026-08-15T14:58:37.000,2026-08-15T14:58:37.000,DOB,Building/Use,Illegal Conversion Of Residential Building/Space,Open,QUEENS
70077691,2026-08-15T14:58:32.000,,DEP,Sewer Maintenance,Catch Basin Clogged,In Progress,QUEENS
70079159,2026-08-15T14:58:32.000,2026-08-15T15:14:34.000,NYPD,Blocked Driveway,No Access,Closed,BRONX
70079496,2026-08-15T14:58:31.000,,HPD,WATER LEAK,HEAVY FLOW,Open,BROOKLYN
70076991,2026-08-15T14:58:31.000,,HPD,UNSANITARY CONDITION,MOLD,Open,BROOKLYN
70082151,2026-08-15T14:58:29.000,,HPD,UNSANITARY CONDITION,PESTS,Open,BRONX
70080883,2026-08-15T14:58:29.000,,HPD,DOOR/WINDOW,DOOR,Open,BRONX
70074405,2026-08-15T14:58:29.000,,HPD,WATER LEAK,HEAVY FLOW,Open,BRONX
70077013,2026-08-15T14:58:29.000,,HPD,PLUMBING,BATHTUB/SHOWER,Open,BRONX
70078254,2026-08-15T14:58:29.000,,HPD,PLUMBING,BATHTUB/SHOWER,Open,BRONX
70078289,2026-08-15T14:58:29.000,,HPD,GENERAL,BELL/BUZZER/INTERCOM,Open,BRONX
70073182,2026-08-15T14:58:29.000,,HPD,APPLIANCE,ELECTRIC/GAS RANGE,Open,BRONX
70079520,2026-08-15T14:58:25.000,,HPD,UNSANITARY CONDITION,MOLD,Open,BRONX
70076970,2026-08-15T14:58:25.000,,HPD,WATER LEAK,DAMP SPOT,Open,BRONX
70079579,2026-08-15T14:58:24.000,,HPD,ELECTRIC,POWER OUTAGE,Open,QUEENS
70080856,2026-08-15T14:58:23.000,,HPD,GENERAL,VENTILATION SYSTEM,Open,MANHATTAN
70078272,2026-08-15T14:58:23.000,,HPD,PAINT/PLASTER,CEILING,Open,MANHATTAN
70078234,2026-08-15T14:58:23.000,,HPD,UNSANITARY CONDITION,MOLD,Open,MANHATTAN
70073167,2026-08-15T14:58:20.000,,HPD,FLOORING/STAIRS,FLOOR,Open,QUEENS
70082195,2026-08-15T14:58:18.000,,HPD,PAINT/PLASTER,WALL,Open,MANHATTAN
70076950,2026-08-15T14:58:18.000,,HPD,APPLIANCE,REFRIGERATOR,Open,MANHATTAN
70077046,2026-08-15T14:58:18.000,,HPD,ELECTRIC,LIGHTING,Open,MANHATTAN
70075722,2026-08-15T14:58:18.000,,HPD,UNSANITARY CONDITION,PESTS,Open,MANHATTAN
70074481,2026-08-15T14:58:18.000,,HPD,GENERAL,CABINET,Open,MANHATTAN
70074395,2026-08-15T14:58:18.000,,HPD,DOOR/WINDOW,WINDOW FRAME,Open,MANHATTAN
70074486,2026-08-15T14:58:18.000,,HPD,FLOORING/STAIRS,FLOOR,Open,MANHATTAN
70073377,2026-08-15T14:58:10.000,2026-08-15T21:44:33.000,NYPD,Drug Activity,Use Indoor,Closed,QUEENS
70073114,2026-08-15T14:58:05.000,,HPD,UNSANITARY CONDITION,GARBAGE/RECYCLING STORAGE,Open,BRONX
70079519,2026-08-15T14:57:54.000,,HPD,UNSANITARY CONDITION,MOLD,Open,QUEENS
70082216,2026-08-15T14:57:54.000,,HPD,FLOORING/STAIRS,FLOOR,Open,QUEENS
70082228,2026-08-15T14:57:54.000,,HPD,DOOR/WINDOW,DOOR,Open,QUEENS
70074420,2026-08-15T14:57:54.000,,HPD,UNSANITARY CONDITION,PESTS,Open,QUEENS
70073164,2026-08-15T14:57:54.000,,HPD,FLOORING/STAIRS,FLOOR,Open,QUEENS
70074499,2026-08-15T14:57:54.000,,HPD,DOOR/WINDOW,DOOR,Open,QUEENS
70079592,2026-08-15T14:57:53.000,,HPD,DOOR/WINDOW,DOOR,Open,BRONX
70073183,2026-08-15T14:57:53.000,,HPD,APPLIANCE,ELECTRIC/GAS RANGE,Open,BRONX
70079316,2026-08-15T14:57:47.000,2026-08-15T16:17:56.000,NYPD,Blocked Driveway,Partial Access,Closed,BROOKLYN
70078970,2026-08-15T14:57:39.000,,DEP,Water Maintenance,Fire Hydrant Running Full,In Progress,QUEENS
70081824,2026-08-15T14:57:32.000,2026-08-15T16:14:55.000,NYPD,Noise - Residential,Banging/Pounding,Closed,BROOKLYN
70080839,2026-08-15T14:57:22.000,,HPD,PAINT/PLASTER,CEILING,Open,QUEENS
70074400,2026-08-15T14:57:22.000,,HPD,WATER LEAK,SLOW LEAK,Open,QUEENS
70080780,2026-08-15T14:57:22.000,,HPD,DOOR/WINDOW,WINDOW FRAME,Open,QUEENS
70073111,2026-08-15T14:57:22.000,,HPD,UNSANITARY CONDITION,MOLD,Open,QUEENS
70082232,2026-08-15T14:57:17.000,,HPD,DOOR/WINDOW,DOOR,Open,BROOKLYN
70080829,2026-08-15T14:57:16.000,,HPD,PAINT/PLASTER,WALL,Open,BROOKLYN
70075771,2026-08-15T14:57:16.000,,HPD,PAINT/PLASTER,CEILING,Open,BROOKLYN
70077689,2026-08-15T14:56:59.000,,DEP,Sewer Maintenance,Catch Basin Sunken,In Progress,BROOKLYN
70078109,2026-08-15T14:56:55.000,2026-08-15T15:04:11.000,NYPD,Illegal Parking,Blocked Sidewalk,Closed,BROOKLYN
70079939,2026-08-15T14:56:45.000,2026-08-15T16:00:42.000,NYPD,Noise - Street/Sidewalk,Loud Talking,Closed,MANHATTAN
70082173,2026-08-15T14:56:41.000,,HPD,UNSANITARY CONDITION,MOLD,Open,BROOKLYN
70076980,2026-08-15T14:56:41.000,,HPD,UNSANITARY CONDITION,PESTS,Open,QUEENS
70076989,2026-08-15T14:56:41.000,,HPD,UNSANITARY CONDITION,PESTS,Open,QUEENS
70079558,2026-08-15T14:56:40.000,,HPD,PAINT/PLASTER,CEILING,Open,BRONX
70079525,2026-08-15T14:56:40.000,,HPD,UNSANITARY CONDITION,MOLD,Open,BRONX
70079543,2026-08-15T14:56:40.000,,HPD,PAINT/PLASTER,WINDOW/FRAME,Open,BRONX
70078216,2026-08-15T14:56:40.000,,HPD,PAINT/PLASTER,WALL,Open,BRONX
70075764,2026-08-15T14:56:40.000,,HPD,PAINT/PLASTER,RADIATOR,Open,BRONX
70074456,2026-08-15T14:56:40.000,,HPD,PAINT/PLASTER,WALL,Open,BRONX
70075713,2026-08-15T14:56:40.000,,HPD,PAINT/PLASTER,CABINET,Open,BRONX
70074457,2026-08-15T14:56:40.000,,HPD,PAINT/PLASTER,DOOR/FRAME,Open,BRONX
70075762,2026-08-15T14:56:40.000,,HPD,PAINT/PLASTER,WALL,Open,BRONX
70073695,2026-08-15T14:56:38.000,,DSNY,Illegal Dumping,Removal Request,In Progress,BROOKLYN
70076988,2026-08-15T14:56:26.000,,HPD,UNSANITARY CONDITION,PESTS,Open,BROOKLYN
70073868,2026-08-15T14:56:20.000,,DEP,Noise,Alarm,In Progress,BRONX
70080852,2026-08-15T14:56:19.000,,HPD,HEAT/HOT WATER,ENTIRE BUILDING,Open,MANHATTAN
70079283,2026-08-15T14:56:13.000,,DOT,Street Condition,Blocked - Construction,In Progress,BRONX
